datetime,日期,时间,代码,周期,开盘,最高,最低,收盘,成交量,成交额
2025-05-09 09:35:00,2025-05-09,20250509093500000,000070,5,6.29,6.35,6.28,6.34,1035400,6542891.0
2025-05-09 09:40:00,2025-05-09,20250509094000000,000070,5,6.34,6.35,6.3,6.31,540600,3418179.0
2025-05-09 09:45:00,2025-05-09,20250509094500000,000070,5,6.31,6.34,6.3,6.34,555600,3509659.0
2025-05-09 09:50:00,2025-05-09,20250509095000000,000070,5,6.34,6.34,6.33,6.33,291200,1845377.0
2025-05-09 09:55:00,2025-05-09,20250509095500000,000070,5,6.34,6.36,6.33,6.36,491800,3120822.0
2025-05-09 10:00:00,2025-05-09,20250509100000000,000070,5,6.36,6.37,6.35,6.37,594300,3783104.0
2025-05-09 10:05:00,2025-05-09,20250509100500000,000070,5,6.37,6.37,6.35,6.35,227200,1445100.0
2025-05-09 10:10:00,2025-05-09,20250509101000000,000070,5,6.36,6.37,6.35,6.36,375500,2388244.0
2025-05-09 10:15:00,2025-05-09,20250509101500000,000070,5,6.36,6.39,6.35,6.39,683200,4351688.0
2025-05-09 10:20:00,2025-05-09,20250509102000000,000070,5,6.39,6.39,6.37,6.38,335400,2141850.0
2025-05-09 10:25:00,2025-05-09,20250509102500000,000070,5,6.37,6.38,6.37,6.37,210100,1338622.0
2025-05-09 10:30:00,2025-05-09,20250509103000000,000070,5,6.37,6.37,6.34,6.36,598500,3802308.0
2025-05-09 10:35:00,2025-05-09,20250509103500000,000070,5,6.36,6.37,6.34,6.34,218100,1385852.0
2025-05-09 10:40:00,2025-05-09,20250509104000000,000070,5,6.34,6.36,6.34,6.36,592000,3758356.0
2025-05-09 10:45:00,2025-05-09,20250509104500000,000070,5,6.35,6.36,6.34,6.34,245200,1555604.0
2025-05-09 10:50:00,2025-05-09,20250509105000000,000070,5,6.35,6.35,6.34,6.34,52600,333752.0
2025-05-09 10:55:00,2025-05-09,20250509105500000,000070,5,6.34,6.34,6.33,6.33,229000,1450416.0
2025-05-09 11:00:00,2025-05-09,20250509110000000,000070,5,6.33,6.33,6.32,6.33,116400,735456.0
2025-05-09 11:05:00,2025-05-09,20250509110500000,000070,5,6.32,6.33,6.32,6.33,64700,409044.0
2025-05-09 11:10:00,2025-05-09,20250509111000000,000070,5,6.33,6.34,6.32,6.34,80900,512420.0
2025-05-09 11:15:00,2025-05-09,20250509111500000,000070,5,6.34,6.34,6.32,6.33,190900,1207608.0
2025-05-09 11:20:00,2025-05-09,20250509112000000,000070,5,6.33,6.34,6.32,6.33,104300,659484.0
2025-05-09 11:25:00,2025-05-09,20250509112500000,000070,5,6.33,6.33,6.33,6.33,36500,231172.0
2025-05-09 11:30:00,2025-05-09,20250509113000000,000070,5,6.34,6.34,6.32,6.32,78300,494976.0
2025-05-09 13:05:00,2025-05-09,20250509130500000,000070,5,6.33,6.33,6.32,6.32,81000,512120.0
2025-05-09 13:10:00,2025-05-09,20250509131000000,000070,5,6.33,6.33,6.31,6.31,85000,537584.0
2025-05-09 13:15:00,2025-05-09,20250509131500000,000070,5,6.32,6.33,6.32,6.32,89100,562744.0
2025-05-09 13:20:00,2025-05-09,20250509132000000,000070,5,6.32,6.33,6.32,6.33,107400,679816.0
2025-05-09 13:25:00,2025-05-09,20250509132500000,000070,5,6.33,6.34,6.32,6.33,164400,1040860.0
2025-05-09 13:30:00,2025-05-09,20250509133000000,000070,5,6.33,6.34,6.32,6.33,135800,859700.0
2025-05-09 13:35:00,2025-05-09,20250509133500000,000070,5,6.33,6.34,6.33,6.34,8100,51272.0
2025-05-09 13:40:00,2025-05-09,20250509134000000,000070,5,6.33,6.35,6.33,6.34,172100,1091128.0
2025-05-09 13:45:00,2025-05-09,20250509134500000,000070,5,6.35,6.35,6.34,6.34,85600,542840.0
2025-05-09 13:50:00,2025-05-09,20250509135000000,000070,5,6.35,6.35,6.34,6.34,67900,431152.0
2025-05-09 13:55:00,2025-05-09,20250509135500000,000070,5,6.35,6.35,6.33,6.34,243900,1545888.0
2025-05-09 14:00:00,2025-05-09,20250509140000000,000070,5,6.33,6.34,6.33,6.34,105100,665884.0
2025-05-09 14:05:00,2025-05-09,20250509140500000,000070,5,6.34,6.34,6.33,6.33,142700,903920.0
2025-05-09 14:10:00,2025-05-09,20250509141000000,000070,5,6.34,6.34,6.33,6.33,64900,410828.0
2025-05-09 14:15:00,2025-05-09,20250509141500000,000070,5,6.33,6.34,6.32,6.33,227500,1440072.0
2025-05-09 14:20:00,2025-05-09,20250509142000000,000070,5,6.33,6.34,6.32,6.33,74000,467940.0
2025-05-09 14:25:00,2025-05-09,20250509142500000,000070,5,6.32,6.33,6.32,6.33,73800,466440.0
2025-05-09 14:30:00,2025-05-09,20250509143000000,000070,5,6.32,6.33,6.32,6.32,75900,479696.0
2025-05-09 14:35:00,2025-05-09,20250509143500000,000070,5,6.32,6.33,6.31,6.32,134400,849920.0
2025-05-09 14:40:00,2025-05-09,20250509144000000,000070,5,6.32,6.33,6.32,6.33,50000,315844.0
2025-05-09 14:45:00,2025-05-09,20250509144500000,000070,5,6.33,6.35,6.33,6.34,560700,3555128.0
2025-05-09 14:50:00,2025-05-09,20250509145000000,000070,5,6.35,6.36,6.34,6.35,286200,1817816.0
2025-05-09 14:55:00,2025-05-09,20250509145500000,000070,5,6.35,6.37,6.34,6.36,561600,3569376.0
2025-05-09 15:00:00,2025-05-09,20250509150000000,000070,5,6.36,6.37,6.33,6.35,631400,4009784.0
2025-05-12 09:35:00,2025-05-12,20250512093500000,000070,5,6.4,6.42,6.36,6.38,943000,6021947.0
2025-05-12 09:40:00,2025-05-12,20250512094000000,000070,5,6.38,6.39,6.35,6.37,682500,4349790.0
2025-05-12 09:45:00,2025-05-12,20250512094500000,000070,5,6.36,6.37,6.35,6.36,253900,1615108.0
2025-05-12 09:50:00,2025-05-12,20250512095000000,000070,5,6.36,6.4,6.36,6.39,315300,2012377.0
2025-05-12 09:55:00,2025-05-12,20250512095500000,000070,5,6.39,6.44,6.39,6.43,554600,3563650.0
2025-05-12 10:00:00,2025-05-12,20250512100000000,000070,5,6.42,6.5,6.42,6.47,1047300,6778932.0
2025-05-12 10:05:00,2025-05-12,20250512100500000,000070,5,6.47,6.49,6.47,6.48,364000,2356700.0
2025-05-12 10:10:00,2025-05-12,20250512101000000,000070,5,6.47,6.48,6.46,6.46,289800,1873412.0
2025-05-12 10:15:00,2025-05-12,20250512101500000,000070,5,6.46,6.47,6.44,6.44,250700,1617564.0
2025-05-12 10:20:00,2025-05-12,20250512102000000,000070,5,6.44,6.46,6.44,6.45,144900,934072.0
2025-05-12 10:25:00,2025-05-12,20250512102500000,000070,5,6.45,6.47,6.45,6.47,318400,2056732.0
2025-05-12 10:30:00,2025-05-12,20250512103000000,000070,5,6.46,6.47,6.45,6.46,169400,1094800.0
2025-05-12 10:35:00,2025-05-12,20250512103500000,000070,5,6.46,6.47,6.45,6.46,127000,820356.0
2025-05-12 10:40:00,2025-05-12,20250512104000000,000070,5,6.46,6.49,6.45,6.48,783700,5075160.0
2025-05-12 10:45:00,2025-05-12,20250512104500000,000070,5,6.47,6.48,6.46,6.46,117800,761868.0
2025-05-12 10:50:00,2025-05-12,20250512105000000,000070,5,6.47,6.47,6.46,6.47,98600,637860.0
2025-05-12 10:55:00,2025-05-12,20250512105500000,000070,5,6.46,6.47,6.46,6.46,106700,689988.0
2025-05-12 11:00:00,2025-05-12,20250512110000000,000070,5,6.47,6.47,6.43,6.45,574300,3703236.0
2025-05-12 11:05:00,2025-05-12,20250512110500000,000070,5,6.44,6.46,6.44,6.45,85300,550016.0
2025-05-12 11:10:00,2025-05-12,20250512111000000,000070,5,6.45,6.46,6.45,6.45,214800,1386232.0
2025-05-12 11:15:00,2025-05-12,20250512111500000,000070,5,6.45,6.46,6.45,6.45,58200,375396.0
2025-05-12 11:20:00,2025-05-12,20250512112000000,000070,5,6.45,6.45,6.43,6.44,231700,1492024.0
2025-05-12 11:25:00,2025-05-12,20250512112500000,000070,5,6.44,6.45,6.44,6.44,49000,315884.0
2025-05-12 11:30:00,2025-05-12,20250512113000000,000070,5,6.44,6.45,6.44,6.45,21600,139112.0
2025-05-12 13:05:00,2025-05-12,20250512130500000,000070,5,6.44,6.48,6.44,6.46,579000,3740796.0
2025-05-12 13:10:00,2025-05-12,20250512131000000,000070,5,6.46,6.48,6.45,6.48,389100,2512684.0
2025-05-12 13:15:00,2025-05-12,20250512131500000,000070,5,6.46,6.47,6.46,6.46,24500,158324.0
2025-05-12 13:20:00,2025-05-12,20250512132000000,000070,5,6.46,6.47,6.46,6.46,14300,92416.0
2025-05-12 13:25:00,2025-05-12,20250512132500000,000070,5,6.47,6.49,6.46,6.48,394200,2553700.0
2025-05-12 13:30:00,2025-05-12,20250512133000000,000070,5,6.48,6.49,6.48,6.48,63400,410912.0
2025-05-12 13:35:00,2025-05-12,20250512133500000,000070,5,6.49,6.51,6.48,6.51,1136500,7384720.0
2025-05-12 13:40:00,2025-05-12,20250512134000000,000070,5,6.51,6.51,6.5,6.51,313000,2035808.0
2025-05-12 13:45:00,2025-05-12,20250512134500000,000070,5,6.5,6.52,6.5,6.52,254900,1659016.0
2025-05-12 13:50:00,2025-05-12,20250512135000000,000070,5,6.52,6.65,6.51,6.64,1504900,9888240.0
2025-05-12 13:55:00,2025-05-12,20250512135500000,000070,5,6.64,6.66,6.58,6.58,1399000,9269240.0
2025-05-12 14:00:00,2025-05-12,20250512140000000,000070,5,6.58,6.59,6.56,6.57,273600,1798376.0
2025-05-12 14:05:00,2025-05-12,20250512140500000,000070,5,6.56,6.58,6.55,6.57,229700,1508040.0
2025-05-12 14:10:00,2025-05-12,20250512141000000,000070,5,6.57,6.58,6.56,6.56,278200,1828592.0
2025-05-12 14:15:00,2025-05-12,20250512141500000,000070,5,6.56,6.57,6.56,6.57,206200,1353816.0
2025-05-12 14:20:00,2025-05-12,20250512142000000,000070,5,6.57,6.58,6.57,6.57,58700,385840.0
2025-05-12 14:25:00,2025-05-12,20250512142500000,000070,5,6.57,6.58,6.57,6.57,112400,738952.0
2025-05-12 14:30:00,2025-05-12,20250512143000000,000070,5,6.57,6.58,6.56,6.56,29000,190552.0
2025-05-12 14:35:00,2025-05-12,20250512143500000,000070,5,6.56,6.56,6.55,6.55,204300,1340088.0
2025-05-12 14:40:00,2025-05-12,20250512144000000,000070,5,6.55,6.56,6.54,6.54,163700,1072256.0
2025-05-12 14:45:00,2025-05-12,20250512144500000,000070,5,6.54,6.55,6.54,6.54,60800,397720.0
2025-05-12 14:50:00,2025-05-12,20250512145000000,000070,5,6.54,6.55,6.53,6.55,306000,2002760.0
2025-05-12 14:55:00,2025-05-12,20250512145500000,000070,5,6.55,6.56,6.55,6.55,301300,1974992.0
2025-05-12 15:00:00,2025-05-12,20250512150000000,000070,5,6.55,6.56,6.55,6.55,184000,1205256.0
2025-05-13 09:35:00,2025-05-13,20250513093500000,000070,5,6.58,6.58,6.51,6.52,1318200,8638422.0
2025-05-13 09:40:00,2025-05-13,20250513094000000,000070,5,6.52,6.53,6.46,6.48,1407200,9143762.0
2025-05-13 09:45:00,2025-05-13,20250513094500000,000070,5,6.48,6.52,6.48,6.52,592800,3851980.0
2025-05-13 09:50:00,2025-05-13,20250513095000000,000070,5,6.52,6.53,6.5,6.5,435200,2834000.0
2025-05-13 09:55:00,2025-05-13,20250513095500000,000070,5,6.51,6.52,6.51,6.51,156500,1019496.0
2025-05-13 10:00:00,2025-05-13,20250513100000000,000070,5,6.51,6.52,6.5,6.51,370700,2413400.0
2025-05-13 10:05:00,2025-05-13,20250513100500000,000070,5,6.52,6.52,6.48,6.49,405400,2633294.0
2025-05-13 10:10:00,2025-05-13,20250513101000000,000070,5,6.5,6.51,6.49,6.49,272900,1773750.0
2025-05-13 10:15:00,2025-05-13,20250513101500000,000070,5,6.49,6.5,6.47,6.47,549600,3564856.0
2025-05-13 10:20:00,2025-05-13,20250513102000000,000070,5,6.47,6.5,6.46,6.5,624900,4049544.0
2025-05-13 10:25:00,2025-05-13,20250513102500000,000070,5,6.5,6.53,6.5,6.52,295800,1926364.0
2025-05-13 10:30:00,2025-05-13,20250513103000000,000070,5,6.5,6.51,6.49,6.5,329000,2138444.0
2025-05-13 10:35:00,2025-05-13,20250513103500000,000070,5,6.5,6.5,6.49,6.49,164300,1066548.0
2025-05-13 10:40:00,2025-05-13,20250513104000000,000070,5,6.49,6.49,6.47,6.47,453200,2938844.0
2025-05-13 10:45:00,2025-05-13,20250513104500000,000070,5,6.47,6.47,6.45,6.46,773400,4996932.0
2025-05-13 10:50:00,2025-05-13,20250513105000000,000070,5,6.46,6.47,6.46,6.46,71000,458852.0
2025-05-13 10:55:00,2025-05-13,20250513105500000,000070,5,6.46,6.47,6.45,6.47,224500,1450764.0
2025-05-13 11:00:00,2025-05-13,20250513110000000,000070,5,6.47,6.47,6.46,6.46,81100,524096.0
2025-05-13 11:05:00,2025-05-13,20250513110500000,000070,5,6.46,6.47,6.44,6.44,338200,2181632.0
2025-05-13 11:10:00,2025-05-13,20250513111000000,000070,5,6.44,6.46,6.43,6.45,226000,1456852.0
2025-05-13 11:15:00,2025-05-13,20250513111500000,000070,5,6.44,6.45,6.44,6.45,41900,270036.0
2025-05-13 11:20:00,2025-05-13,20250513112000000,000070,5,6.44,6.46,6.44,6.45,106500,686888.0
2025-05-13 11:25:00,2025-05-13,20250513112500000,000070,5,6.45,6.46,6.44,6.45,77800,502200.0
2025-05-13 11:30:00,2025-05-13,20250513113000000,000070,5,6.44,6.45,6.42,6.43,264800,1703828.0
2025-05-13 13:05:00,2025-05-13,20250513130500000,000070,5,6.42,6.44,6.42,6.43,215600,1386448.0
2025-05-13 13:10:00,2025-05-13,20250513131000000,000070,5,6.43,6.46,6.43,6.45,77000,496296.0
2025-05-13 13:15:00,2025-05-13,20250513131500000,000070,5,6.44,6.45,6.44,6.45,58900,379864.0
2025-05-13 13:20:00,2025-05-13,20250513132000000,000070,5,6.45,6.46,6.44,6.45,238400,1536404.0
2025-05-13 13:25:00,2025-05-13,20250513132500000,000070,5,6.45,6.46,6.45,6.45,165100,1064984.0
2025-05-13 13:30:00,2025-05-13,20250513133000000,000070,5,6.45,6.45,6.44,6.44,162400,1046516.0
2025-05-13 13:35:00,2025-05-13,20250513133500000,000070,5,6.44,6.44,6.43,6.44,53700,345816.0
2025-05-13 13:40:00,2025-05-13,20250513134000000,000070,5,6.44,6.44,6.43,6.44,198300,1275640.0
2025-05-13 13:45:00,2025-05-13,20250513134500000,000070,5,6.44,6.45,6.43,6.45,105500,679560.0
2025-05-13 13:50:00,2025-05-13,20250513135000000,000070,5,6.44,6.46,6.44,6.45,179600,1158496.0
2025-05-13 13:55:00,2025-05-13,20250513135500000,000070,5,6.46,6.46,6.44,6.44,119300,769536.0
2025-05-13 14:00:00,2025-05-13,20250513140000000,000070,5,6.44,6.45,6.44,6.45,45000,290144.0
2025-05-13 14:05:00,2025-05-13,20250513140500000,000070,5,6.45,6.46,6.45,6.45,98400,635576.0
2025-05-13 14:10:00,2025-05-13,20250513141000000,000070,5,6.45,6.47,6.45,6.45,194700,1257864.0
2025-05-13 14:15:00,2025-05-13,20250513141500000,000070,5,6.46,6.46,6.44,6.44,178800,1153064.0
2025-05-13 14:20:00,2025-05-13,20250513142000000,000070,5,6.45,6.45,6.44,6.44,115200,742304.0
2025-05-13 14:25:00,2025-05-13,20250513142500000,000070,5,6.45,6.45,6.44,6.44,26900,173304.0
2025-05-13 14:30:00,2025-05-13,20250513143000000,000070,5,6.44,6.45,6.43,6.43,185900,1197208.0
2025-05-13 14:35:00,2025-05-13,20250513143500000,000070,5,6.43,6.43,6.41,6.41,478000,3067696.0
2025-05-13 14:40:00,2025-05-13,20250513144000000,000070,5,6.41,6.42,6.4,6.4,499800,3200984.0
2025-05-13 14:45:00,2025-05-13,20250513144500000,000070,5,6.4,6.4,6.39,6.39,317700,2031152.0
2025-05-13 14:50:00,2025-05-13,20250513145000000,000070,5,6.4,6.4,6.39,6.4,250100,1598600.0
2025-05-13 14:55:00,2025-05-13,20250513145500000,000070,5,6.4,6.41,6.39,6.41,474700,3036928.0
2025-05-13 15:00:00,2025-05-13,20250513150000000,000070,5,6.41,6.42,6.4,6.42,365000,2341408.0
2025-05-14 09:35:00,2025-05-14,20250514093500000,000070,5,6.4,6.43,6.4,6.41,634800,4070665.0
2025-05-14 09:40:00,2025-05-14,20250514094000000,000070,5,6.41,6.41,6.37,6.38,1125200,7185634.0
2025-05-14 09:45:00,2025-05-14,20250514094500000,000070,5,6.37,6.44,6.37,6.43,904700,5789721.0
2025-05-14 09:50:00,2025-05-14,20250514095000000,000070,5,6.43,6.44,6.42,6.43,367000,2359956.0
2025-05-14 09:55:00,2025-05-14,20250514095500000,000070,5,6.42,6.45,6.42,6.43,233200,1501214.0
2025-05-14 10:00:00,2025-05-14,20250514100000000,000070,5,6.43,6.45,6.42,6.43,146400,941722.0
2025-05-14 10:05:00,2025-05-14,20250514100500000,000070,5,6.43,6.43,6.41,6.41,238900,1534074.0
2025-05-14 10:10:00,2025-05-14,20250514101000000,000070,5,6.41,6.43,6.4,6.4,243300,1560298.0
2025-05-14 10:15:00,2025-05-14,20250514101500000,000070,5,6.41,6.42,6.41,6.42,75500,484212.0
2025-05-14 10:20:00,2025-05-14,20250514102000000,000070,5,6.42,6.42,6.4,6.4,118100,756998.0
2025-05-14 10:25:00,2025-05-14,20250514102500000,000070,5,6.4,6.41,6.39,6.4,248600,1591008.0
2025-05-14 10:30:00,2025-05-14,20250514103000000,000070,5,6.4,6.41,6.39,6.39,160900,1029464.0
2025-05-14 10:35:00,2025-05-14,20250514103500000,000070,5,6.4,6.4,6.39,6.39,225800,1443338.0
2025-05-14 10:40:00,2025-05-14,20250514104000000,000070,5,6.4,6.4,6.4,6.4,113300,725120.0
2025-05-14 10:45:00,2025-05-14,20250514104500000,000070,5,6.4,6.41,6.39,6.4,35400,226454.0
2025-05-14 10:50:00,2025-05-14,20250514105000000,000070,5,6.4,6.41,6.39,6.4,136600,874230.0
2025-05-14 10:55:00,2025-05-14,20250514105500000,000070,5,6.4,6.4,6.38,6.39,502000,3205680.0
2025-05-14 11:00:00,2025-05-14,20250514110000000,000070,5,6.38,6.39,6.37,6.37,153000,975604.0
2025-05-14 11:05:00,2025-05-14,20250514110500000,000070,5,6.38,6.38,6.36,6.38,220400,1404268.0
2025-05-14 11:10:00,2025-05-14,20250514111000000,000070,5,6.37,6.39,6.37,6.39,98400,628208.0
2025-05-14 11:15:00,2025-05-14,20250514111500000,000070,5,6.39,6.39,6.38,6.39,44300,282976.0
2025-05-14 11:20:00,2025-05-14,20250514112000000,000070,5,6.38,6.4,6.38,6.4,111900,714824.0
2025-05-14 11:25:00,2025-05-14,20250514112500000,000070,5,6.39,6.4,6.39,6.4,26100,166852.0
2025-05-14 11:30:00,2025-05-14,20250514113000000,000070,5,6.4,6.4,6.38,6.38,129100,824760.0
2025-05-14 13:05:00,2025-05-14,20250514130500000,000070,5,6.39,6.39,6.38,6.38,136500,871628.0
2025-05-14 13:10:00,2025-05-14,20250514131000000,000070,5,6.39,6.41,6.39,6.41,126600,810496.0
2025-05-14 13:15:00,2025-05-14,20250514131500000,000070,5,6.41,6.43,6.41,6.43,265600,1706684.0
2025-05-14 13:20:00,2025-05-14,20250514132000000,000070,5,6.43,6.43,6.41,6.42,86600,555388.0
2025-05-14 13:25:00,2025-05-14,20250514132500000,000070,5,6.41,6.43,6.41,6.42,153700,986876.0
2025-05-14 13:30:00,2025-05-14,20250514133000000,000070,5,6.43,6.43,6.41,6.41,210400,1350176.0
2025-05-14 13:35:00,2025-05-14,20250514133500000,000070,5,6.41,6.42,6.41,6.41,12700,81416.0
2025-05-14 13:40:00,2025-05-14,20250514134000000,000070,5,6.41,6.43,6.41,6.42,243300,1561412.0
2025-05-14 13:45:00,2025-05-14,20250514134500000,000070,5,6.43,6.44,6.43,6.44,158000,1016828.0
2025-05-14 13:50:00,2025-05-14,20250514135000000,000070,5,6.44,6.44,6.42,6.42,181100,1164628.0
2025-05-14 13:55:00,2025-05-14,20250514135500000,000070,5,6.42,6.42,6.42,6.42,59500,381992.0
2025-05-14 14:00:00,2025-05-14,20250514140000000,000070,5,6.42,6.43,6.42,6.43,32000,205440.0
2025-05-14 14:05:00,2025-05-14,20250514140500000,000070,5,6.42,6.43,6.42,6.42,169200,1086508.0
2025-05-14 14:10:00,2025-05-14,20250514141000000,000070,5,6.41,6.42,6.41,6.41,38100,244224.0
2025-05-14 14:15:00,2025-05-14,20250514141500000,000070,5,6.41,6.42,6.41,6.42,63200,405556.0
2025-05-14 14:20:00,2025-05-14,20250514142000000,000070,5,6.41,6.42,6.41,6.42,26800,172000.0
2025-05-14 14:25:00,2025-05-14,20250514142500000,000070,5,6.41,6.41,6.4,6.4,87200,558916.0
2025-05-14 14:30:00,2025-05-14,20250514143000000,000070,5,6.4,6.42,6.4,6.41,37000,237140.0
2025-05-14 14:35:00,2025-05-14,20250514143500000,000070,5,6.4,6.41,6.4,6.41,35000,224096.0
2025-05-14 14:40:00,2025-05-14,20250514144000000,000070,5,6.41,6.41,6.4,6.4,40000,256228.0
2025-05-14 14:45:00,2025-05-14,20250514144500000,000070,5,6.41,6.41,6.4,6.41,123200,789560.0
2025-05-14 14:50:00,2025-05-14,20250514145000000,000070,5,6.41,6.41,6.41,6.41,111200,712924.0
2025-05-14 14:55:00,2025-05-14,20250514145500000,000070,5,6.41,6.42,6.41,6.41,127200,815624.0
2025-05-14 15:00:00,2025-05-14,20250514150000000,000070,5,6.41,6.42,6.4,6.4,355500,2276068.0
2025-05-15 09:35:00,2025-05-15,20250515093500000,000070,5,6.43,6.44,6.42,6.44,529100,3404559.0
2025-05-15 09:40:00,2025-05-15,20250515094000000,000070,5,6.44,6.48,6.42,6.46,696900,4496084.0
2025-05-15 09:45:00,2025-05-15,20250515094500000,000070,5,6.46,6.5,6.46,6.48,792100,5137516.0
2025-05-15 09:50:00,2025-05-15,20250515095000000,000070,5,6.48,6.55,6.48,6.52,1080600,7044361.0
2025-05-15 09:55:00,2025-05-15,20250515095500000,000070,5,6.51,6.57,6.51,6.53,1161700,7604460.0
2025-05-15 10:00:00,2025-05-15,20250515100000000,000070,5,6.53,6.54,6.5,6.53,709800,4633592.0
2025-05-15 10:05:00,2025-05-15,20250515100500000,000070,5,6.52,6.54,6.48,6.48,660000,4293620.0
2025-05-15 10:10:00,2025-05-15,20250515101000000,000070,5,6.5,6.51,6.48,6.49,217300,1411320.0
2025-05-15 10:15:00,2025-05-15,20250515101500000,000070,5,6.48,6.48,6.47,6.47,162800,1054308.0
2025-05-15 10:20:00,2025-05-15,20250515102000000,000070,5,6.48,6.49,6.48,6.48,117300,760428.0
2025-05-15 10:25:00,2025-05-15,20250515102500000,000070,5,6.49,6.49,6.48,6.48,153600,995792.0
2025-05-15 10:30:00,2025-05-15,20250515103000000,000070,5,6.48,6.48,6.47,6.47,202200,1309440.0
2025-05-15 10:35:00,2025-05-15,20250515103500000,000070,5,6.46,6.48,6.45,6.48,267400,1726988.0
2025-05-15 10:40:00,2025-05-15,20250515104000000,000070,5,6.48,6.48,6.47,6.48,139400,902196.0
2025-05-15 10:45:00,2025-05-15,20250515104500000,000070,5,6.47,6.48,6.46,6.46,25300,163672.0
2025-05-15 10:50:00,2025-05-15,20250515105000000,000070,5,6.46,6.46,6.46,6.46,150900,974812.0
2025-05-15 10:55:00,2025-05-15,20250515105500000,000070,5,6.46,6.48,6.46,6.47,105800,684340.0
2025-05-15 11:00:00,2025-05-15,20250515110000000,000070,5,6.47,6.47,6.46,6.47,43100,278820.0
2025-05-15 11:05:00,2025-05-15,20250515110500000,000070,5,6.47,6.48,6.46,6.46,109200,706356.0
2025-05-15 11:10:00,2025-05-15,20250515111000000,000070,5,6.46,6.47,6.46,6.46,23700,153104.0
2025-05-15 11:15:00,2025-05-15,20250515111500000,000070,5,6.46,6.46,6.45,6.45,224400,1448368.0
2025-05-15 11:20:00,2025-05-15,20250515112000000,000070,5,6.45,6.47,6.45,6.46,180100,1162912.0
2025-05-15 11:25:00,2025-05-15,20250515112500000,000070,5,6.46,6.46,6.45,6.45,141000,910760.0
2025-05-15 11:30:00,2025-05-15,20250515113000000,000070,5,6.45,6.45,6.44,6.44,174800,1126296.0
2025-05-15 13:05:00,2025-05-15,20250515130500000,000070,5,6.44,6.44,6.43,6.44,97100,624928.0
2025-05-15 13:10:00,2025-05-15,20250515131000000,000070,5,6.44,6.45,6.44,6.45,14300,92132.0
2025-05-15 13:15:00,2025-05-15,20250515131500000,000070,5,6.45,6.45,6.44,6.44,67200,432924.0
2025-05-15 13:20:00,2025-05-15,20250515132000000,000070,5,6.44,6.44,6.43,6.43,27200,175240.0
2025-05-15 13:25:00,2025-05-15,20250515132500000,000070,5,6.43,6.44,6.43,6.44,89200,573584.0
2025-05-15 13:30:00,2025-05-15,20250515133000000,000070,5,6.44,6.44,6.43,6.43,132800,854160.0
2025-05-15 13:35:00,2025-05-15,20250515133500000,000070,5,6.43,6.43,6.42,6.42,156800,1007548.0
2025-05-15 13:40:00,2025-05-15,20250515134000000,000070,5,6.42,6.43,6.41,6.42,101900,654148.0
2025-05-15 13:45:00,2025-05-15,20250515134500000,000070,5,6.42,6.42,6.41,6.42,16300,104584.0
2025-05-15 13:50:00,2025-05-15,20250515135000000,000070,5,6.41,6.42,6.4,6.42,246500,1579108.0
2025-05-15 13:55:00,2025-05-15,20250515135500000,000070,5,6.41,6.42,6.41,6.42,59500,381412.0
2025-05-15 14:00:00,2025-05-15,20250515140000000,000070,5,6.41,6.42,6.41,6.42,73900,474396.0
2025-05-15 14:05:00,2025-05-15,20250515140500000,000070,5,6.42,6.42,6.41,6.41,144000,923252.0
2025-05-15 14:10:00,2025-05-15,20250515141000000,000070,5,6.41,6.42,6.41,6.42,14800,94908.0
2025-05-15 14:15:00,2025-05-15,20250515141500000,000070,5,6.41,6.41,6.41,6.41,50100,321140.0
2025-05-15 14:20:00,2025-05-15,20250515142000000,000070,5,6.41,6.42,6.41,6.42,92600,594128.0
2025-05-15 14:25:00,2025-05-15,20250515142500000,000070,5,6.41,6.44,6.41,6.44,97700,627940.0
2025-05-15 14:30:00,2025-05-15,20250515143000000,000070,5,6.44,6.44,6.42,6.43,41200,264452.0
2025-05-15 14:35:00,2025-05-15,20250515143500000,000070,5,6.43,6.43,6.41,6.41,76400,490608.0
2025-05-15 14:40:00,2025-05-15,20250515144000000,000070,5,6.42,6.42,6.4,6.4,247100,1583852.0
2025-05-15 14:45:00,2025-05-15,20250515144500000,000070,5,6.41,6.42,6.4,6.41,113500,727392.0
2025-05-15 14:50:00,2025-05-15,20250515145000000,000070,5,6.41,6.41,6.4,6.41,68400,438152.0
2025-05-15 14:55:00,2025-05-15,20250515145500000,000070,5,6.41,6.41,6.4,6.41,151700,971096.0
2025-05-15 15:00:00,2025-05-15,20250515150000000,000070,5,6.41,6.41,6.4,6.4,216900,1389244.0
2025-05-16 09:35:00,2025-05-16,20250516093500000,000070,5,6.41,6.41,6.38,6.4,242700,1553136.0
2025-05-16 09:40:00,2025-05-16,20250516094000000,000070,5,6.4,6.41,6.38,6.4,463400,2964030.0
2025-05-16 09:45:00,2025-05-16,20250516094500000,000070,5,6.39,6.41,6.39,6.41,317500,2032523.0
2025-05-16 09:50:00,2025-05-16,20250516095000000,000070,5,6.41,6.42,6.4,6.41,177900,1140260.0
2025-05-16 09:55:00,2025-05-16,20250516095500000,000070,5,6.41,6.42,6.41,6.42,99600,639078.0
2025-05-16 10:00:00,2025-05-16,20250516100000000,000070,5,6.42,6.44,6.41,6.44,146700,942711.0
2025-05-16 10:05:00,2025-05-16,20250516100500000,000070,5,6.44,6.44,6.42,6.43,176900,1137048.0
2025-05-16 10:10:00,2025-05-16,20250516101000000,000070,5,6.44,6.44,6.43,6.43,146600,943186.0
2025-05-16 10:15:00,2025-05-16,20250516101500000,000070,5,6.43,6.45,6.43,6.43,98000,631312.0
2025-05-16 10:20:00,2025-05-16,20250516102000000,000070,5,6.43,6.44,6.43,6.43,134700,865996.0
2025-05-16 10:25:00,2025-05-16,20250516102500000,000070,5,6.44,6.44,6.42,6.42,95600,614313.0
2025-05-16 10:30:00,2025-05-16,20250516103000000,000070,5,6.42,6.42,6.4,6.41,257100,1648499.0
2025-05-16 10:35:00,2025-05-16,20250516103500000,000070,5,6.41,6.42,6.41,6.41,74700,478858.0
2025-05-16 10:40:00,2025-05-16,20250516104000000,000070,5,6.41,6.41,6.4,6.4,140100,897269.0
2025-05-16 10:45:00,2025-05-16,20250516104500000,000070,5,6.41,6.41,6.41,6.41,30300,194206.0
2025-05-16 10:50:00,2025-05-16,20250516105000000,000070,5,6.41,6.42,6.41,6.41,76200,488483.0
2025-05-16 10:55:00,2025-05-16,20250516105500000,000070,5,6.41,6.41,6.4,6.4,68700,440140.0
2025-05-16 11:00:00,2025-05-16,20250516110000000,000070,5,6.41,6.41,6.41,6.41,224300,1437764.0
2025-05-16 11:05:00,2025-05-16,20250516110500000,000070,5,6.41,6.42,6.41,6.41,58500,374994.0
2025-05-16 11:10:00,2025-05-16,20250516111000000,000070,5,6.41,6.41,6.4,6.4,41200,263818.0
2025-05-16 11:15:00,2025-05-16,20250516111500000,000070,5,6.4,6.42,6.4,6.42,60500,387768.0
2025-05-16 11:20:00,2025-05-16,20250516112000000,000070,5,6.41,6.43,6.41,6.41,61100,392000.0
2025-05-16 11:25:00,2025-05-16,20250516112500000,000070,5,6.42,6.42,6.41,6.42,60700,389432.0
2025-05-16 11:30:00,2025-05-16,20250516113000000,000070,5,6.42,6.42,6.41,6.41,98100,628900.0
2025-05-16 13:05:00,2025-05-16,20250516130500000,000070,5,6.41,6.42,6.41,6.42,77000,494124.0
2025-05-16 13:10:00,2025-05-16,20250516131000000,000070,5,6.41,6.43,6.41,6.42,83500,536152.0
2025-05-16 13:15:00,2025-05-16,20250516131500000,000070,5,6.43,6.43,6.42,6.42,24400,156648.0
2025-05-16 13:20:00,2025-05-16,20250516132000000,000070,5,6.42,6.43,6.42,6.43,75800,487328.0
2025-05-16 13:25:00,2025-05-16,20250516132500000,000070,5,6.42,6.42,6.42,6.42,14800,95016.0
2025-05-16 13:30:00,2025-05-16,20250516133000000,000070,5,6.43,6.43,6.41,6.41,83100,532476.0
2025-05-16 13:35:00,2025-05-16,20250516133500000,000070,5,6.42,6.42,6.41,6.41,15700,100660.0
2025-05-16 13:40:00,2025-05-16,20250516134000000,000070,5,6.41,6.42,6.41,6.42,64800,415700.0
2025-05-16 13:45:00,2025-05-16,20250516134500000,000070,5,6.42,6.42,6.41,6.41,117700,755632.0
2025-05-16 13:50:00,2025-05-16,20250516135000000,000070,5,6.42,6.43,6.42,6.43,23000,147762.0
2025-05-16 13:55:00,2025-05-16,20250516135500000,000070,5,6.42,6.43,6.42,6.43,168200,1081236.0
2025-05-16 14:00:00,2025-05-16,20250516140000000,000070,5,6.43,6.43,6.42,6.42,75400,484354.0
2025-05-16 14:05:00,2025-05-16,20250516140500000,000070,5,6.42,6.43,6.42,6.43,12400,79676.0
2025-05-16 14:10:00,2025-05-16,20250516141000000,000070,5,6.43,6.43,6.42,6.42,79300,509106.0
2025-05-16 14:15:00,2025-05-16,20250516141500000,000070,5,6.42,6.42,6.41,6.41,63200,405674.0
2025-05-16 14:20:00,2025-05-16,20250516142000000,000070,5,6.42,6.42,6.42,6.42,34000,218280.0
2025-05-16 14:25:00,2025-05-16,20250516142500000,000070,5,6.43,6.44,6.42,6.43,84400,542678.0
2025-05-16 14:30:00,2025-05-16,20250516143000000,000070,5,6.42,6.43,6.42,6.43,34500,221638.0
2025-05-16 14:35:00,2025-05-16,20250516143500000,000070,5,6.42,6.43,6.42,6.42,156400,1004100.0
2025-05-16 14:40:00,2025-05-16,20250516144000000,000070,5,6.42,6.42,6.41,6.41,85300,547452.0
2025-05-16 14:45:00,2025-05-16,20250516144500000,000070,5,6.42,6.42,6.41,6.41,48000,307708.0
2025-05-16 14:50:00,2025-05-16,20250516145000000,000070,5,6.41,6.42,6.41,6.42,61100,392020.0
2025-05-16 14:55:00,2025-05-16,20250516145500000,000070,5,6.41,6.42,6.41,6.42,238000,1526910.0
2025-05-16 15:00:00,2025-05-16,20250516150000000,000070,5,6.42,6.43,6.42,6.43,580100,3729458.0
2025-05-19 09:35:00,2025-05-19,20250519093500000,000070,5,6.51,6.59,6.51,6.55,1413500,9250039.0
2025-05-19 09:40:00,2025-05-19,20250519094000000,000070,5,6.54,6.55,6.51,6.51,683200,4461680.0
2025-05-19 09:45:00,2025-05-19,20250519094500000,000070,5,6.51,6.52,6.47,6.47,494600,3211821.0
2025-05-19 09:50:00,2025-05-19,20250519095000000,000070,5,6.47,6.5,6.47,6.48,445500,2888656.0
2025-05-19 09:55:00,2025-05-19,20250519095500000,000070,5,6.48,6.53,6.47,6.52,399000,2593654.0
2025-05-19 10:00:00,2025-05-19,20250519100000000,000070,5,6.52,6.54,6.51,6.52,745100,4862470.0
2025-05-19 10:05:00,2025-05-19,20250519100500000,000070,5,6.52,6.53,6.51,6.51,128000,834768.0
2025-05-19 10:10:00,2025-05-19,20250519101000000,000070,5,6.52,6.58,6.51,6.57,1318200,8633192.0
2025-05-19 10:15:00,2025-05-19,20250519101500000,000070,5,6.57,6.57,6.54,6.56,254500,1668572.0
2025-05-19 10:20:00,2025-05-19,20250519102000000,000070,5,6.56,6.57,6.55,6.55,181000,1187060.0
2025-05-19 10:25:00,2025-05-19,20250519102500000,000070,5,6.55,6.56,6.54,6.54,148600,973528.0
2025-05-19 10:30:00,2025-05-19,20250519103000000,000070,5,6.54,6.55,6.53,6.54,88800,580612.0
2025-05-19 10:35:00,2025-05-19,20250519103500000,000070,5,6.54,6.55,6.54,6.54,124000,811200.0
2025-05-19 10:40:00,2025-05-19,20250519104000000,000070,5,6.54,6.55,6.54,6.54,31700,207500.0
2025-05-19 10:45:00,2025-05-19,20250519104500000,000070,5,6.55,6.57,6.54,6.56,359700,2358176.0
2025-05-19 10:50:00,2025-05-19,20250519105000000,000070,5,6.57,6.6,6.57,6.6,1065800,7015488.0
2025-05-19 10:55:00,2025-05-19,20250519105500000,000070,5,6.59,6.6,6.58,6.59,619100,4077044.0
2025-05-19 11:00:00,2025-05-19,20250519110000000,000070,5,6.6,6.6,6.59,6.59,622200,4105784.0
2025-05-19 11:05:00,2025-05-19,20250519110500000,000070,5,6.59,6.6,6.58,6.58,139100,916764.0
2025-05-19 11:10:00,2025-05-19,20250519111000000,000070,5,6.58,6.58,6.58,6.58,157300,1035040.0
2025-05-19 11:15:00,2025-05-19,20250519111500000,000070,5,6.58,6.58,6.57,6.57,50900,334568.0
2025-05-19 11:20:00,2025-05-19,20250519112000000,000070,5,6.58,6.59,6.57,6.59,320600,2110832.0
2025-05-19 11:25:00,2025-05-19,20250519112500000,000070,5,6.59,6.62,6.58,6.62,760200,5016656.0
2025-05-19 11:30:00,2025-05-19,20250519113000000,000070,5,6.62,6.62,6.6,6.61,281200,1859840.0
2025-05-19 13:05:00,2025-05-19,20250519130500000,000070,5,6.62,6.62,6.59,6.6,341300,2255216.0
2025-05-19 13:10:00,2025-05-19,20250519131000000,000070,5,6.6,6.61,6.6,6.6,61700,407336.0
2025-05-19 13:15:00,2025-05-19,20250519131500000,000070,5,6.6,6.62,6.6,6.62,208200,1375896.0
2025-05-19 13:20:00,2025-05-19,20250519132000000,000070,5,6.62,6.63,6.61,6.63,390000,2580976.0
2025-05-19 13:25:00,2025-05-19,20250519132500000,000070,5,6.63,6.65,6.62,6.63,673500,4470040.0
2025-05-19 13:30:00,2025-05-19,20250519133000000,000070,5,6.64,6.64,6.61,6.62,332800,2204256.0
2025-05-19 13:35:00,2025-05-19,20250519133500000,000070,5,6.61,6.63,6.61,6.62,149600,991328.0
2025-05-19 13:40:00,2025-05-19,20250519134000000,000070,5,6.62,6.64,6.62,6.63,143100,947688.0
2025-05-19 13:45:00,2025-05-19,20250519134500000,000070,5,6.64,6.64,6.63,6.63,171300,1136608.0
2025-05-19 13:50:00,2025-05-19,20250519135000000,000070,5,6.64,6.64,6.62,6.63,105000,696720.0
2025-05-19 13:55:00,2025-05-19,20250519135500000,000070,5,6.63,6.64,6.62,6.63,81500,540304.0
2025-05-19 14:00:00,2025-05-19,20250519140000000,000070,5,6.64,6.64,6.62,6.62,114200,756680.0
2025-05-19 14:05:00,2025-05-19,20250519140500000,000070,5,6.62,6.63,6.61,6.62,114600,758760.0
2025-05-19 14:10:00,2025-05-19,20250519141000000,000070,5,6.62,6.64,6.62,6.63,204100,1353280.0
2025-05-19 14:15:00,2025-05-19,20250519141500000,000070,5,6.63,6.65,6.63,6.64,231500,1537240.0
2025-05-19 14:20:00,2025-05-19,20250519142000000,000070,5,6.64,6.64,6.62,6.62,261400,1732976.0
2025-05-19 14:25:00,2025-05-19,20250519142500000,000070,5,6.62,6.64,6.62,6.64,166200,1102016.0
2025-05-19 14:30:00,2025-05-19,20250519143000000,000070,5,6.64,6.64,6.63,6.64,53400,354328.0
2025-05-19 14:35:00,2025-05-19,20250519143500000,000070,5,6.63,6.65,6.63,6.65,309900,2057896.0
2025-05-19 14:40:00,2025-05-19,20250519144000000,000070,5,6.65,6.66,6.64,6.65,617200,4104392.0
2025-05-19 14:45:00,2025-05-19,20250519144500000,000070,5,6.65,6.65,6.64,6.64,207200,1376376.0
2025-05-19 14:50:00,2025-05-19,20250519145000000,000070,5,6.63,6.64,6.63,6.64,211200,1401512.0
2025-05-19 14:55:00,2025-05-19,20250519145500000,000070,5,6.64,6.64,6.63,6.63,245100,1625984.0
2025-05-19 15:00:00,2025-05-19,20250519150000000,000070,5,6.64,6.64,6.63,6.64,499800,3318344.0
2025-05-20 09:35:00,2025-05-20,20250520093500000,000070,5,6.62,6.75,6.62,6.74,1520000,10176959.0
2025-05-20 09:40:00,2025-05-20,20250520094000000,000070,5,6.74,6.74,6.71,6.72,940200,6324750.0
2025-05-20 09:45:00,2025-05-20,20250520094500000,000070,5,6.71,6.71,6.67,6.67,496000,3318251.0
2025-05-20 09:50:00,2025-05-20,20250520095000000,000070,5,6.67,6.73,6.65,6.72,909600,6084660.0
2025-05-20 09:55:00,2025-05-20,20250520095500000,000070,5,6.74,6.79,6.74,6.77,1564800,10591216.0
2025-05-20 10:00:00,2025-05-20,20250520100000000,000070,5,6.77,6.79,6.76,6.78,527000,3570852.0
2025-05-20 10:05:00,2025-05-20,20250520100500000,000070,5,6.78,6.83,6.78,6.82,1395800,9509376.0
2025-05-20 10:10:00,2025-05-20,20250520101000000,000070,5,6.82,6.82,6.8,6.8,292200,1989404.0
2025-05-20 10:15:00,2025-05-20,20250520101500000,000070,5,6.8,6.81,6.77,6.78,305400,2074348.0
2025-05-20 10:20:00,2025-05-20,20250520102000000,000070,5,6.78,6.78,6.76,6.78,173800,1176840.0
2025-05-20 10:25:00,2025-05-20,20250520102500000,000070,5,6.77,6.8,6.77,6.79,153000,1038528.0
2025-05-20 10:30:00,2025-05-20,20250520103000000,000070,5,6.79,6.8,6.78,6.8,190400,1292136.0
2025-05-20 10:35:00,2025-05-20,20250520103500000,000070,5,6.8,6.8,6.77,6.78,171900,1166296.0
2025-05-20 10:40:00,2025-05-20,20250520104000000,000070,5,6.78,6.79,6.78,6.79,118100,801644.0
2025-05-20 10:45:00,2025-05-20,20250520104500000,000070,5,6.79,6.79,6.78,6.78,242500,1644216.0
2025-05-20 10:50:00,2025-05-20,20250520105000000,000070,5,6.78,6.78,6.77,6.77,100200,679072.0
2025-05-20 10:55:00,2025-05-20,20250520105500000,000070,5,6.79,6.79,6.77,6.77,66900,453028.0
2025-05-20 11:00:00,2025-05-20,20250520110000000,000070,5,6.77,6.78,6.77,6.78,60000,406704.0
2025-05-20 11:05:00,2025-05-20,20250520110500000,000070,5,6.78,6.78,6.76,6.76,265400,1796124.0
2025-05-20 11:10:00,2025-05-20,20250520111000000,000070,5,6.77,6.77,6.76,6.76,133500,902700.0
2025-05-20 11:15:00,2025-05-20,20250520111500000,000070,5,6.77,6.78,6.76,6.77,66600,450596.0
2025-05-20 11:20:00,2025-05-20,20250520112000000,000070,5,6.77,6.78,6.77,6.78,46200,313188.0
2025-05-20 11:25:00,2025-05-20,20250520112500000,000070,5,6.77,6.79,6.77,6.79,68500,463880.0
2025-05-20 11:30:00,2025-05-20,20250520113000000,000070,5,6.79,6.79,6.78,6.79,29500,200248.0
2025-05-20 13:05:00,2025-05-20,20250520130500000,000070,5,6.78,6.79,6.76,6.77,150600,1020808.0
2025-05-20 13:10:00,2025-05-20,20250520131000000,000070,5,6.76,6.76,6.75,6.75,187900,1270096.0
2025-05-20 13:15:00,2025-05-20,20250520131500000,000070,5,6.76,6.76,6.71,6.72,868600,5853104.0
2025-05-20 13:20:00,2025-05-20,20250520132000000,000070,5,6.73,6.74,6.71,6.71,201200,1352984.0
2025-05-20 13:25:00,2025-05-20,20250520132500000,000070,5,6.7,6.72,6.7,6.7,299200,2006080.0
2025-05-20 13:30:00,2025-05-20,20250520133000000,000070,5,6.7,6.7,6.68,6.69,377200,2524968.0
2025-05-20 13:35:00,2025-05-20,20250520133500000,000070,5,6.7,6.7,6.68,6.69,382500,2557816.0
2025-05-20 13:40:00,2025-05-20,20250520134000000,000070,5,6.7,6.7,6.67,6.68,587700,3927824.0
2025-05-20 13:45:00,2025-05-20,20250520134500000,000070,5,6.68,6.7,6.68,6.68,100700,673680.0
2025-05-20 13:50:00,2025-05-20,20250520135000000,000070,5,6.68,6.69,6.67,6.67,326500,2179904.0
2025-05-20 13:55:00,2025-05-20,20250520135500000,000070,5,6.67,6.67,6.66,6.66,175300,1169088.0
2025-05-20 14:00:00,2025-05-20,20250520140000000,000070,5,6.67,6.67,6.65,6.66,246900,1644840.0
2025-05-20 14:05:00,2025-05-20,20250520140500000,000070,5,6.66,6.66,6.65,6.65,155400,1033864.0
2025-05-20 14:10:00,2025-05-20,20250520141000000,000070,5,6.65,6.65,6.64,6.65,152100,1011272.0
2025-05-20 14:15:00,2025-05-20,20250520141500000,000070,5,6.65,6.66,6.65,6.65,127800,850280.0
2025-05-20 14:20:00,2025-05-20,20250520142000000,000070,5,6.65,6.66,6.62,6.63,618000,4102760.0
2025-05-20 14:25:00,2025-05-20,20250520142500000,000070,5,6.62,6.63,6.6,6.6,529500,3500824.0
2025-05-20 14:30:00,2025-05-20,20250520143000000,000070,5,6.6,6.63,6.59,6.63,822800,5436480.0
2025-05-20 14:35:00,2025-05-20,20250520143500000,000070,5,6.63,6.63,6.62,6.63,102500,679232.0
2025-05-20 14:40:00,2025-05-20,20250520144000000,000070,5,6.62,6.64,6.62,6.63,200500,1329344.0
2025-05-20 14:45:00,2025-05-20,20250520144500000,000070,5,6.63,6.63,6.61,6.61,324200,2146512.0
2025-05-20 14:50:00,2025-05-20,20250520145000000,000070,5,6.61,6.62,6.6,6.61,303000,2003232.0
2025-05-20 14:55:00,2025-05-20,20250520145500000,000070,5,6.61,6.62,6.61,6.62,399400,2640992.0
2025-05-20 15:00:00,2025-05-20,20250520150000000,000070,5,6.61,6.62,6.61,6.62,323700,2141568.0
2025-05-21 09:35:00,2025-05-21,20250521093500000,000070,5,6.61,6.67,6.61,6.66,900400,5979906.0
2025-05-21 09:40:00,2025-05-21,20250521094000000,000070,5,6.66,6.66,6.63,6.64,322700,2144734.0
2025-05-21 09:45:00,2025-05-21,20250521094500000,000070,5,6.64,6.67,6.63,6.66,511400,3400795.0
2025-05-21 09:50:00,2025-05-21,20250521095000000,000070,5,6.66,6.66,6.63,6.64,266900,1772087.0
2025-05-21 09:55:00,2025-05-21,20250521095500000,000070,5,6.64,6.64,6.62,6.63,364300,2414363.0
2025-05-21 10:00:00,2025-05-21,20250521100000000,000070,5,6.62,6.65,6.62,6.65,312500,2073859.0
2025-05-21 10:05:00,2025-05-21,20250521100500000,000070,5,6.66,6.67,6.64,6.64,267600,1780936.0
2025-05-21 10:10:00,2025-05-21,20250521101000000,000070,5,6.64,6.65,6.63,6.64,102000,677372.0
2025-05-21 10:15:00,2025-05-21,20250521101500000,000070,5,6.64,6.65,6.64,6.64,41400,274904.0
2025-05-21 10:20:00,2025-05-21,20250521102000000,000070,5,6.65,6.65,6.63,6.63,84300,559206.0
2025-05-21 10:25:00,2025-05-21,20250521102500000,000070,5,6.63,6.64,6.63,6.64,64000,424930.0
2025-05-21 10:30:00,2025-05-21,20250521103000000,000070,5,6.64,6.65,6.63,6.63,108000,717104.0
2025-05-21 10:35:00,2025-05-21,20250521103500000,000070,5,6.63,6.64,6.63,6.63,63800,423342.0
2025-05-21 10:40:00,2025-05-21,20250521104000000,000070,5,6.63,6.64,6.63,6.63,88200,585090.0
2025-05-21 10:45:00,2025-05-21,20250521104500000,000070,5,6.63,6.63,6.61,6.61,239200,1583764.0
2025-05-21 10:50:00,2025-05-21,20250521105000000,000070,5,6.61,6.62,6.61,6.61,63100,417342.0
2025-05-21 10:55:00,2025-05-21,20250521105500000,000070,5,6.61,6.61,6.6,6.6,376000,2482478.0
2025-05-21 11:00:00,2025-05-21,20250521110000000,000070,5,6.59,6.61,6.58,6.6,380300,2507358.0
2025-05-21 11:05:00,2025-05-21,20250521110500000,000070,5,6.61,6.62,6.6,6.62,203000,1341638.0
2025-05-21 11:10:00,2025-05-21,20250521111000000,000070,5,6.61,6.61,6.6,6.6,36000,237616.0
2025-05-21 11:15:00,2025-05-21,20250521111500000,000070,5,6.61,6.61,6.6,6.61,106300,701736.0
2025-05-21 11:20:00,2025-05-21,20250521112000000,000070,5,6.6,6.61,6.6,6.6,35700,235934.0
2025-05-21 11:25:00,2025-05-21,20250521112500000,000070,5,6.6,6.61,6.6,6.61,17000,112272.0
2025-05-21 11:30:00,2025-05-21,20250521113000000,000070,5,6.61,6.61,6.6,6.61,74300,490650.0
2025-05-21 13:05:00,2025-05-21,20250521130500000,000070,5,6.61,6.62,6.61,6.62,44200,292092.0
2025-05-21 13:10:00,2025-05-21,20250521131000000,000070,5,6.61,6.62,6.61,6.62,69000,456196.0
2025-05-21 13:15:00,2025-05-21,20250521131500000,000070,5,6.61,6.62,6.61,6.62,94200,623576.0
2025-05-21 13:20:00,2025-05-21,20250521132000000,000070,5,6.63,6.64,6.62,6.63,120600,799184.0
2025-05-21 13:25:00,2025-05-21,20250521132500000,000070,5,6.63,6.64,6.62,6.62,139000,921296.0
2025-05-21 13:30:00,2025-05-21,20250521133000000,000070,5,6.63,6.63,6.62,6.62,52200,345616.0
2025-05-21 13:35:00,2025-05-21,20250521133500000,000070,5,6.62,6.63,6.62,6.62,32600,215812.0
2025-05-21 13:40:00,2025-05-21,20250521134000000,000070,5,6.62,6.62,6.62,6.62,20600,136372.0
2025-05-21 13:45:00,2025-05-21,20250521134500000,000070,5,6.62,6.63,6.62,6.63,74600,493900.0
2025-05-21 13:50:00,2025-05-21,20250521135000000,000070,5,6.63,6.63,6.62,6.63,55600,368400.0
2025-05-21 13:55:00,2025-05-21,20250521135500000,000070,5,6.62,6.64,6.62,6.64,165600,1097316.0
2025-05-21 14:00:00,2025-05-21,20250521140000000,000070,5,6.63,6.64,6.62,6.63,59100,391868.0
2025-05-21 14:05:00,2025-05-21,20250521140500000,000070,5,6.63,6.63,6.62,6.63,51500,341444.0
2025-05-21 14:10:00,2025-05-21,20250521141000000,000070,5,6.63,6.63,6.62,6.63,195500,1295304.0
2025-05-21 14:15:00,2025-05-21,20250521141500000,000070,5,6.63,6.63,6.62,6.62,63600,421720.0
2025-05-21 14:20:00,2025-05-21,20250521142000000,000070,5,6.63,6.63,6.62,6.63,50800,336788.0
2025-05-21 14:25:00,2025-05-21,20250521142500000,000070,5,6.63,6.64,6.63,6.64,235100,1559284.0
2025-05-21 14:30:00,2025-05-21,20250521143000000,000070,5,6.64,6.64,6.63,6.63,55500,367968.0
2025-05-21 14:35:00,2025-05-21,20250521143500000,000070,5,6.63,6.64,6.62,6.64,31500,208896.0
2025-05-21 14:40:00,2025-05-21,20250521144000000,000070,5,6.63,6.64,6.63,6.63,48300,320268.0
2025-05-21 14:45:00,2025-05-21,20250521144500000,000070,5,6.63,6.64,6.63,6.64,124700,827764.0
2025-05-21 14:50:00,2025-05-21,20250521145000000,000070,5,6.64,6.65,6.63,6.64,113600,754400.0
2025-05-21 14:55:00,2025-05-21,20250521145500000,000070,5,6.65,6.65,6.64,6.64,139900,929476.0
2025-05-21 15:00:00,2025-05-21,20250521150000000,000070,5,6.64,6.65,6.64,6.65,180300,1198412.0
2025-05-22 09:35:00,2025-05-22,20250522093500000,000070,5,6.62,6.68,6.62,6.65,238100,1583629.0
2025-05-22 09:40:00,2025-05-22,20250522094000000,000070,5,6.64,6.67,6.64,6.66,428800,2855286.0
2025-05-22 09:45:00,2025-05-22,20250522094500000,000070,5,6.66,6.67,6.64,6.67,145600,968974.0
2025-05-22 09:50:00,2025-05-22,20250522095000000,000070,5,6.67,6.68,6.66,6.67,252700,1686783.0
2025-05-22 09:55:00,2025-05-22,20250522095500000,000070,5,6.67,6.68,6.65,6.66,295900,1971443.0
2025-05-22 10:00:00,2025-05-22,20250522100000000,000070,5,6.66,6.66,6.65,6.65,162300,1079723.0
2025-05-22 10:05:00,2025-05-22,20250522100500000,000070,5,6.65,6.66,6.64,6.65,82900,551219.0
2025-05-22 10:10:00,2025-05-22,20250522101000000,000070,5,6.65,6.65,6.63,6.64,193700,1287009.0
2025-05-22 10:15:00,2025-05-22,20250522101500000,000070,5,6.64,6.65,6.64,6.65,78200,519423.0
2025-05-22 10:20:00,2025-05-22,20250522102000000,000070,5,6.65,6.65,6.64,6.64,71900,477624.0
2025-05-22 10:25:00,2025-05-22,20250522102500000,000070,5,6.64,6.65,6.64,6.65,96500,640765.0
2025-05-22 10:30:00,2025-05-22,20250522103000000,000070,5,6.64,6.65,6.64,6.64,22900,152095.0
2025-05-22 10:35:00,2025-05-22,20250522103500000,000070,5,6.64,6.65,6.63,6.64,193400,1283916.0
2025-05-22 10:40:00,2025-05-22,20250522104000000,000070,5,6.64,6.64,6.63,6.63,62100,412176.0
2025-05-22 10:45:00,2025-05-22,20250522104500000,000070,5,6.63,6.64,6.63,6.64,68000,451015.0
2025-05-22 10:50:00,2025-05-22,20250522105000000,000070,5,6.63,6.64,6.62,6.62,418500,2772580.0
2025-05-22 10:55:00,2025-05-22,20250522105500000,000070,5,6.62,6.62,6.61,6.61,351200,2322004.0
2025-05-22 11:00:00,2025-05-22,20250522110000000,000070,5,6.61,6.62,6.59,6.59,422700,2792092.0
2025-05-22 11:05:00,2025-05-22,20250522110500000,000070,5,6.59,6.6,6.58,6.59,451800,2976026.0
2025-05-22 11:10:00,2025-05-22,20250522111000000,000070,5,6.59,6.59,6.58,6.59,378900,2494702.0
2025-05-22 11:15:00,2025-05-22,20250522111500000,000070,5,6.59,6.6,6.59,6.59,119100,785884.0
2025-05-22 11:20:00,2025-05-22,20250522112000000,000070,5,6.59,6.6,6.59,6.6,64700,426988.0
2025-05-22 11:25:00,2025-05-22,20250522112500000,000070,5,6.6,6.6,6.59,6.6,57200,377192.0
2025-05-22 11:30:00,2025-05-22,20250522113000000,000070,5,6.6,6.61,6.6,6.61,87500,577694.0
2025-05-22 13:05:00,2025-05-22,20250522130500000,000070,5,6.61,6.62,6.6,6.6,115900,765838.0
2025-05-22 13:10:00,2025-05-22,20250522131000000,000070,5,6.6,6.61,6.6,6.6,91800,606414.0
2025-05-22 13:15:00,2025-05-22,20250522131500000,000070,5,6.61,6.62,6.61,6.62,8300,54906.0
2025-05-22 13:20:00,2025-05-22,20250522132000000,000070,5,6.62,6.62,6.6,6.61,59900,395840.0
2025-05-22 13:25:00,2025-05-22,20250522132500000,000070,5,6.6,6.61,6.6,6.61,27900,184340.0
2025-05-22 13:30:00,2025-05-22,20250522133000000,000070,5,6.6,6.61,6.6,6.6,35600,234980.0
2025-05-22 13:35:00,2025-05-22,20250522133500000,000070,5,6.61,6.62,6.6,6.62,146000,965268.0
2025-05-22 13:40:00,2025-05-22,20250522134000000,000070,5,6.62,6.63,6.61,6.63,398700,2639676.0
2025-05-22 13:45:00,2025-05-22,20250522134500000,000070,5,6.63,6.63,6.62,6.62,147200,975064.0
2025-05-22 13:50:00,2025-05-22,20250522135000000,000070,5,6.63,6.63,6.61,6.62,79400,525216.0
2025-05-22 13:55:00,2025-05-22,20250522135500000,000070,5,6.62,6.63,6.62,6.62,44200,292616.0
2025-05-22 14:00:00,2025-05-22,20250522140000000,000070,5,6.62,6.63,6.62,6.63,49100,325096.0
2025-05-22 14:05:00,2025-05-22,20250522140500000,000070,5,6.62,6.63,6.61,6.62,85200,564056.0
2025-05-22 14:10:00,2025-05-22,20250522141000000,000070,5,6.62,6.62,6.61,6.62,7000,46284.0
2025-05-22 14:15:00,2025-05-22,20250522141500000,000070,5,6.61,6.62,6.61,6.62,50600,334836.0
2025-05-22 14:20:00,2025-05-22,20250522142000000,000070,5,6.62,6.62,6.61,6.62,39400,260460.0
2025-05-22 14:25:00,2025-05-22,20250522142500000,000070,5,6.61,6.62,6.61,6.61,97000,641308.0
2025-05-22 14:30:00,2025-05-22,20250522143000000,000070,5,6.61,6.62,6.61,6.61,41300,273184.0
2025-05-22 14:35:00,2025-05-22,20250522143500000,000070,5,6.62,6.62,6.61,6.62,54700,361988.0
2025-05-22 14:40:00,2025-05-22,20250522144000000,000070,5,6.62,6.62,6.61,6.61,47000,311168.0
2025-05-22 14:45:00,2025-05-22,20250522144500000,000070,5,6.62,6.63,6.61,6.63,119600,792096.0
2025-05-22 14:50:00,2025-05-22,20250522145000000,000070,5,6.63,6.63,6.62,6.62,130600,864996.0
2025-05-22 14:55:00,2025-05-22,20250522145500000,000070,5,6.62,6.63,6.61,6.63,161600,1069396.0
2025-05-22 15:00:00,2025-05-22,20250522150000000,000070,5,6.63,6.63,6.61,6.61,226600,1498668.0
2025-05-23 09:35:00,2025-05-23,20250523093500000,000070,5,6.61,6.64,6.61,6.62,267300,1771923.0
2025-05-23 09:40:00,2025-05-23,20250523094000000,000070,5,6.62,6.63,6.61,6.62,217900,1442408.0
2025-05-23 09:45:00,2025-05-23,20250523094500000,000070,5,6.62,6.62,6.6,6.61,407900,2695636.0
2025-05-23 09:50:00,2025-05-23,20250523095000000,000070,5,6.61,6.63,6.61,6.63,212700,1408503.0
2025-05-23 09:55:00,2025-05-23,20250523095500000,000070,5,6.63,6.63,6.61,6.61,74000,490041.0
2025-05-23 10:00:00,2025-05-23,20250523100000000,000070,5,6.61,6.63,6.61,6.61,209800,1389391.0
2025-05-23 10:05:00,2025-05-23,20250523100500000,000070,5,6.62,6.62,6.61,6.61,116600,771459.0
2025-05-23 10:10:00,2025-05-23,20250523101000000,000070,5,6.63,6.63,6.62,6.63,107400,711958.0
2025-05-23 10:15:00,2025-05-23,20250523101500000,000070,5,6.63,6.64,6.62,6.63,68700,455548.0
2025-05-23 10:20:00,2025-05-23,20250523102000000,000070,5,6.63,6.64,6.63,6.63,91800,608987.0
2025-05-23 10:25:00,2025-05-23,20250523102500000,000070,5,6.63,6.65,6.63,6.65,119300,792297.0
2025-05-23 10:30:00,2025-05-23,20250523103000000,000070,5,6.65,6.65,6.64,6.64,119100,791763.0
2025-05-23 10:35:00,2025-05-23,20250523103500000,000070,5,6.64,6.64,6.63,6.63,104300,692139.0
2025-05-23 10:40:00,2025-05-23,20250523104000000,000070,5,6.64,6.64,6.63,6.63,88200,584898.0
2025-05-23 10:45:00,2025-05-23,20250523104500000,000070,5,6.64,6.64,6.63,6.63,67700,449350.0
2025-05-23 10:50:00,2025-05-23,20250523105000000,000070,5,6.63,6.64,6.63,6.64,16300,108171.0
2025-05-23 10:55:00,2025-05-23,20250523105500000,000070,5,6.63,6.64,6.63,6.63,21900,145210.0
2025-05-23 11:00:00,2025-05-23,20250523110000000,000070,5,6.63,6.64,6.63,6.63,28600,189680.0
2025-05-23 11:05:00,2025-05-23,20250523110500000,000070,5,6.63,6.65,6.63,6.65,73400,487474.0
2025-05-23 11:10:00,2025-05-23,20250523111000000,000070,5,6.65,6.65,6.64,6.64,83500,554693.0
2025-05-23 11:15:00,2025-05-23,20250523111500000,000070,5,6.64,6.65,6.64,6.65,74400,494019.0
2025-05-23 11:20:00,2025-05-23,20250523112000000,000070,5,6.65,6.65,6.65,6.65,25300,168246.0
2025-05-23 11:25:00,2025-05-23,20250523112500000,000070,5,6.65,6.65,6.65,6.65,5600,37240.0
2025-05-23 11:30:00,2025-05-23,20250523113000000,000070,5,6.64,6.65,6.64,6.64,62600,415560.0
2025-05-23 13:05:00,2025-05-23,20250523130500000,000070,5,6.64,6.64,6.63,6.63,132900,882362.0
2025-05-23 13:10:00,2025-05-23,20250523131000000,000070,5,6.64,6.64,6.63,6.63,43500,288420.0
2025-05-23 13:15:00,2025-05-23,20250523131500000,000070,5,6.63,6.63,6.63,6.63,111600,739908.0
2025-05-23 13:20:00,2025-05-23,20250523132000000,000070,5,6.63,6.63,6.63,6.63,6500,43096.0
2025-05-23 13:25:00,2025-05-23,20250523132500000,000070,5,6.63,6.64,6.63,6.63,118600,786708.0
2025-05-23 13:30:00,2025-05-23,20250523133000000,000070,5,6.63,6.64,6.63,6.63,29100,193050.0
2025-05-23 13:35:00,2025-05-23,20250523133500000,000070,5,6.64,6.64,6.63,6.63,33700,223542.0
2025-05-23 13:40:00,2025-05-23,20250523134000000,000070,5,6.64,6.64,6.63,6.63,47200,313180.0
2025-05-23 13:45:00,2025-05-23,20250523134500000,000070,5,6.64,6.64,6.63,6.64,44100,292746.0
2025-05-23 13:50:00,2025-05-23,20250523135000000,000070,5,6.63,6.64,6.63,6.63,98200,651132.0
2025-05-23 13:55:00,2025-05-23,20250523135500000,000070,5,6.63,6.64,6.62,6.62,185000,1226482.0
2025-05-23 14:00:00,2025-05-23,20250523140000000,000070,5,6.62,6.63,6.62,6.62,130300,862668.0
2025-05-23 14:05:00,2025-05-23,20250523140500000,000070,5,6.61,6.62,6.6,6.61,318800,2106504.0
2025-05-23 14:10:00,2025-05-23,20250523141000000,000070,5,6.6,6.61,6.59,6.61,397100,2618882.0
2025-05-23 14:15:00,2025-05-23,20250523141500000,000070,5,6.59,6.6,6.55,6.55,604100,3971738.0
2025-05-23 14:20:00,2025-05-23,20250523142000000,000070,5,6.55,6.57,6.55,6.56,528600,3465508.0
2025-05-23 14:25:00,2025-05-23,20250523142500000,000070,5,6.57,6.58,6.56,6.57,73900,485536.0
2025-05-23 14:30:00,2025-05-23,20250523143000000,000070,5,6.57,6.57,6.55,6.55,233800,1534140.0
2025-05-23 14:35:00,2025-05-23,20250523143500000,000070,5,6.55,6.57,6.52,6.52,467200,3059788.0
2025-05-23 14:40:00,2025-05-23,20250523144000000,000070,5,6.52,6.54,6.51,6.54,502800,3280536.0
2025-05-23 14:45:00,2025-05-23,20250523144500000,000070,5,6.54,6.56,6.54,6.55,219000,1434372.0
2025-05-23 14:50:00,2025-05-23,20250523145000000,000070,5,6.55,6.55,6.54,6.54,99300,649936.0
2025-05-23 14:55:00,2025-05-23,20250523145500000,000070,5,6.54,6.54,6.52,6.52,401400,2620480.0
2025-05-23 15:00:00,2025-05-23,20250523150000000,000070,5,6.52,6.52,6.5,6.5,620400,4036676.0
2025-05-26 09:35:00,2025-05-26,20250526093500000,000070,5,6.52,6.56,6.51,6.56,785000,5130796.0
2025-05-26 09:40:00,2025-05-26,20250526094000000,000070,5,6.57,6.6,6.56,6.58,469600,3089954.0
2025-05-26 09:45:00,2025-05-26,20250526094500000,000070,5,6.58,6.58,6.54,6.56,883400,5802074.0
2025-05-26 09:50:00,2025-05-26,20250526095000000,000070,5,6.56,6.56,6.54,6.54,256800,1682658.0
2025-05-26 09:55:00,2025-05-26,20250526095500000,000070,5,6.54,6.56,6.53,6.55,87200,571361.0
2025-05-26 10:00:00,2025-05-26,20250526100000000,000070,5,6.55,6.56,6.54,6.56,217200,1423427.0
2025-05-26 10:05:00,2025-05-26,20250526100500000,000070,5,6.56,6.56,6.55,6.56,152800,1001790.0
2025-05-26 10:10:00,2025-05-26,20250526101000000,000070,5,6.59,6.59,6.58,6.58,258800,1702544.0
2025-05-26 10:15:00,2025-05-26,20250526101500000,000070,5,6.59,6.63,6.58,6.63,420000,2772704.0
2025-05-26 10:20:00,2025-05-26,20250526102000000,000070,5,6.62,6.62,6.61,6.61,187700,1242260.0
2025-05-26 10:25:00,2025-05-26,20250526102500000,000070,5,6.61,6.61,6.6,6.61,136900,904128.0
2025-05-26 10:30:00,2025-05-26,20250526103000000,000070,5,6.61,6.61,6.6,6.6,35000,231060.0
2025-05-26 10:35:00,2025-05-26,20250526103500000,000070,5,6.61,6.61,6.59,6.59,184500,1217672.0
2025-05-26 10:40:00,2025-05-26,20250526104000000,000070,5,6.59,6.59,6.58,6.59,99000,652398.0
2025-05-26 10:45:00,2025-05-26,20250526104500000,000070,5,6.6,6.6,6.58,6.58,50300,331648.0
2025-05-26 10:50:00,2025-05-26,20250526105000000,000070,5,6.58,6.59,6.58,6.58,79300,521810.0
2025-05-26 10:55:00,2025-05-26,20250526105500000,000070,5,6.58,6.59,6.58,6.59,79300,521802.0
2025-05-26 11:00:00,2025-05-26,20250526110000000,000070,5,6.58,6.58,6.57,6.57,117700,773798.0
2025-05-26 11:05:00,2025-05-26,20250526110500000,000070,5,6.57,6.57,6.55,6.55,85700,562240.0
2025-05-26 11:10:00,2025-05-26,20250526111000000,000070,5,6.55,6.57,6.55,6.57,44700,293144.0
2025-05-26 11:15:00,2025-05-26,20250526111500000,000070,5,6.57,6.57,6.55,6.56,101800,667604.0
2025-05-26 11:20:00,2025-05-26,20250526112000000,000070,5,6.57,6.57,6.56,6.56,67400,442540.0
2025-05-26 11:25:00,2025-05-26,20250526112500000,000070,5,6.55,6.56,6.54,6.54,40500,265228.0
2025-05-26 11:30:00,2025-05-26,20250526113000000,000070,5,6.54,6.54,6.52,6.53,295100,1927572.0
2025-05-26 13:05:00,2025-05-26,20250526130500000,000070,5,6.53,6.53,6.51,6.51,121000,789052.0
2025-05-26 13:10:00,2025-05-26,20250526131000000,000070,5,6.51,6.53,6.51,6.52,76400,498208.0
2025-05-26 13:15:00,2025-05-26,20250526131500000,000070,5,6.52,6.54,6.52,6.54,264400,1727104.0
2025-05-26 13:20:00,2025-05-26,20250526132000000,000070,5,6.53,6.54,6.53,6.54,59700,390288.0
2025-05-26 13:25:00,2025-05-26,20250526132500000,000070,5,6.55,6.55,6.54,6.55,82800,541996.0
2025-05-26 13:30:00,2025-05-26,20250526133000000,000070,5,6.54,6.54,6.53,6.54,69000,451180.0
2025-05-26 13:35:00,2025-05-26,20250526133500000,000070,5,6.54,6.54,6.53,6.54,27400,179084.0
2025-05-26 13:40:00,2025-05-26,20250526134000000,000070,5,6.54,6.54,6.53,6.54,33200,216992.0
2025-05-26 13:45:00,2025-05-26,20250526134500000,000070,5,6.54,6.55,6.54,6.55,20400,133448.0
2025-05-26 13:50:00,2025-05-26,20250526135000000,000070,5,6.55,6.55,6.54,6.55,39900,261232.0
2025-05-26 13:55:00,2025-05-26,20250526135500000,000070,5,6.55,6.55,6.54,6.55,51000,333972.0
2025-05-26 14:00:00,2025-05-26,20250526140000000,000070,5,6.55,6.55,6.54,6.55,51100,334684.0
2025-05-26 14:05:00,2025-05-26,20250526140500000,000070,5,6.55,6.55,6.54,6.55,40000,261948.0
2025-05-26 14:10:00,2025-05-26,20250526141000000,000070,5,6.55,6.56,6.55,6.55,67100,439512.0
2025-05-26 14:15:00,2025-05-26,20250526141500000,000070,5,6.55,6.55,6.54,6.54,26500,173332.0
2025-05-26 14:20:00,2025-05-26,20250526142000000,000070,5,6.54,6.55,6.54,6.54,44100,288532.0
2025-05-26 14:25:00,2025-05-26,20250526142500000,000070,5,6.55,6.55,6.54,6.54,52600,344008.0
2025-05-26 14:30:00,2025-05-26,20250526143000000,000070,5,6.54,6.55,6.54,6.54,83300,544920.0
2025-05-26 14:35:00,2025-05-26,20250526143500000,000070,5,6.54,6.54,6.52,6.53,160600,1048804.0
2025-05-26 14:40:00,2025-05-26,20250526144000000,000070,5,6.53,6.54,6.52,6.54,188200,1228932.0
2025-05-26 14:45:00,2025-05-26,20250526144500000,000070,5,6.54,6.55,6.54,6.54,104400,683032.0
2025-05-26 14:50:00,2025-05-26,20250526145000000,000070,5,6.55,6.55,6.54,6.55,183300,1199308.0
2025-05-26 14:55:00,2025-05-26,20250526145500000,000070,5,6.55,6.55,6.54,6.55,46300,302920.0
2025-05-26 15:00:00,2025-05-26,20250526150000000,000070,5,6.55,6.55,6.54,6.55,131300,859712.0
2025-05-27 09:35:00,2025-05-27,20250527093500000,000070,5,6.53,6.58,6.51,6.51,402400,2627934.0
2025-05-27 09:40:00,2025-05-27,20250527094000000,000070,5,6.51,6.53,6.5,6.5,600800,3911940.0
2025-05-27 09:45:00,2025-05-27,20250527094500000,000070,5,6.5,6.5,6.47,6.47,427600,2772239.0
2025-05-27 09:50:00,2025-05-27,20250527095000000,000070,5,6.47,6.49,6.46,6.49,332900,2155217.0
2025-05-27 09:55:00,2025-05-27,20250527095500000,000070,5,6.48,6.51,6.48,6.51,235200,1528858.0
2025-05-27 10:00:00,2025-05-27,20250527100000000,000070,5,6.51,6.51,6.47,6.47,248800,1613342.0
2025-05-27 10:05:00,2025-05-27,20250527100500000,000070,5,6.49,6.49,6.47,6.48,122500,793512.0
2025-05-27 10:10:00,2025-05-27,20250527101000000,000070,5,6.48,6.48,6.45,6.47,405600,2623046.0
2025-05-27 10:15:00,2025-05-27,20250527101500000,000070,5,6.48,6.49,6.48,6.48,148100,959696.0
2025-05-27 10:20:00,2025-05-27,20250527102000000,000070,5,6.48,6.48,6.47,6.48,148300,960606.0
2025-05-27 10:25:00,2025-05-27,20250527102500000,000070,5,6.47,6.49,6.47,6.48,384400,2488182.0
2025-05-27 10:30:00,2025-05-27,20250527103000000,000070,5,6.48,6.49,6.46,6.47,631500,4082924.0
2025-05-27 10:35:00,2025-05-27,20250527103500000,000070,5,6.47,6.48,6.46,6.47,249100,1610184.0
2025-05-27 10:40:00,2025-05-27,20250527104000000,000070,5,6.47,6.47,6.46,6.47,57200,369600.0
2025-05-27 10:45:00,2025-05-27,20250527104500000,000070,5,6.46,6.46,6.46,6.46,171900,1110472.0
2025-05-27 10:50:00,2025-05-27,20250527105000000,000070,5,6.46,6.46,6.45,6.45,818900,5282548.0
2025-05-27 10:55:00,2025-05-27,20250527105500000,000070,5,6.45,6.46,6.45,6.46,173200,1116884.0
2025-05-27 11:00:00,2025-05-27,20250527110000000,000070,5,6.45,6.46,6.45,6.46,160200,1034696.0
2025-05-27 11:05:00,2025-05-27,20250527110500000,000070,5,6.46,6.47,6.46,6.47,26800,173312.0
2025-05-27 11:10:00,2025-05-27,20250527111000000,000070,5,6.47,6.47,6.46,6.46,26300,169912.0
2025-05-27 11:15:00,2025-05-27,20250527111500000,000070,5,6.47,6.47,6.46,6.46,21400,138292.0
2025-05-27 11:20:00,2025-05-27,20250527112000000,000070,5,6.46,6.47,6.46,6.47,76000,491148.0
2025-05-27 11:25:00,2025-05-27,20250527112500000,000070,5,6.47,6.47,6.45,6.46,81700,527648.0
2025-05-27 11:30:00,2025-05-27,20250527113000000,000070,5,6.46,6.46,6.45,6.46,53900,348108.0
2025-05-27 13:05:00,2025-05-27,20250527130500000,000070,5,6.47,6.47,6.46,6.46,61700,398820.0
2025-05-27 13:10:00,2025-05-27,20250527131000000,000070,5,6.46,6.48,6.46,6.47,164600,1064984.0
2025-05-27 13:15:00,2025-05-27,20250527131500000,000070,5,6.47,6.48,6.47,6.47,23300,150804.0
2025-05-27 13:20:00,2025-05-27,20250527132000000,000070,5,6.48,6.48,6.46,6.47,59100,382100.0
2025-05-27 13:25:00,2025-05-27,20250527132500000,000070,5,6.47,6.47,6.46,6.46,40000,258408.0
2025-05-27 13:30:00,2025-05-27,20250527133000000,000070,5,6.46,6.47,6.46,6.47,80000,517296.0
2025-05-27 13:35:00,2025-05-27,20250527133500000,000070,5,6.46,6.47,6.45,6.46,96400,622696.0
2025-05-27 13:40:00,2025-05-27,20250527134000000,000070,5,6.46,6.46,6.45,6.46,202000,1304896.0
2025-05-27 13:45:00,2025-05-27,20250527134500000,000070,5,6.46,6.46,6.46,6.46,171400,1107244.0
2025-05-27 13:50:00,2025-05-27,20250527135000000,000070,5,6.46,6.47,6.46,6.46,45800,295872.0
2025-05-27 13:55:00,2025-05-27,20250527135500000,000070,5,6.46,6.47,6.46,6.46,119800,774308.0
2025-05-27 14:00:00,2025-05-27,20250527140000000,000070,5,6.46,6.47,6.46,6.47,68900,445216.0
2025-05-27 14:05:00,2025-05-27,20250527140500000,000070,5,6.47,6.47,6.46,6.47,94600,611720.0
2025-05-27 14:10:00,2025-05-27,20250527141000000,000070,5,6.47,6.48,6.47,6.47,148800,962936.0
2025-05-27 14:15:00,2025-05-27,20250527141500000,000070,5,6.47,6.49,6.46,6.48,169400,1097464.0
2025-05-27 14:20:00,2025-05-27,20250527142000000,000070,5,6.49,6.49,6.47,6.49,102700,665940.0
2025-05-27 14:25:00,2025-05-27,20250527142500000,000070,5,6.48,6.49,6.48,6.49,121200,785548.0
2025-05-27 14:30:00,2025-05-27,20250527143000000,000070,5,6.48,6.49,6.48,6.49,84100,545116.0
2025-05-27 14:35:00,2025-05-27,20250527143500000,000070,5,6.49,6.49,6.47,6.49,55700,361060.0
2025-05-27 14:40:00,2025-05-27,20250527144000000,000070,5,6.49,6.49,6.47,6.48,100400,651016.0
2025-05-27 14:45:00,2025-05-27,20250527144500000,000070,5,6.47,6.49,6.47,6.48,97000,628568.0
2025-05-27 14:50:00,2025-05-27,20250527145000000,000070,5,6.49,6.49,6.47,6.48,270700,1753228.0
2025-05-27 14:55:00,2025-05-27,20250527145500000,000070,5,6.47,6.48,6.46,6.48,265100,1714964.0
2025-05-27 15:00:00,2025-05-27,20250527150000000,000070,5,6.47,6.48,6.47,6.48,258600,1675600.0
2025-05-28 09:35:00,2025-05-28,20250528093500000,000070,5,6.49,6.53,6.48,6.5,605700,3939062.0
2025-05-28 09:40:00,2025-05-28,20250528094000000,000070,5,6.51,6.51,6.48,6.48,282200,1829867.0
2025-05-28 09:45:00,2025-05-28,20250528094500000,000070,5,6.48,6.51,6.48,6.5,256300,1663183.0
2025-05-28 09:50:00,2025-05-28,20250528095000000,000070,5,6.49,6.5,6.48,6.48,108100,701599.0
2025-05-28 09:55:00,2025-05-28,20250528095500000,000070,5,6.48,6.49,6.48,6.48,41600,269830.0
2025-05-28 10:00:00,2025-05-28,20250528100000000,000070,5,6.48,6.49,6.47,6.47,102400,663196.0
2025-05-28 10:05:00,2025-05-28,20250528100500000,000070,5,6.47,6.48,6.46,6.46,94300,609587.0
2025-05-28 10:10:00,2025-05-28,20250528101000000,000070,5,6.46,6.47,6.44,6.44,602300,3884467.0
2025-05-28 10:15:00,2025-05-28,20250528101500000,000070,5,6.44,6.45,6.43,6.44,253300,1630845.0
2025-05-28 10:20:00,2025-05-28,20250528102000000,000070,5,6.43,6.45,6.43,6.44,215400,1385822.0
2025-05-28 10:25:00,2025-05-28,20250528102500000,000070,5,6.44,6.44,6.43,6.43,215500,1386210.0
2025-05-28 10:30:00,2025-05-28,20250528103000000,000070,5,6.43,6.43,6.42,6.43,144500,928920.0
2025-05-28 10:35:00,2025-05-28,20250528103500000,000070,5,6.44,6.44,6.42,6.42,152600,981088.0
2025-05-28 10:40:00,2025-05-28,20250528104000000,000070,5,6.42,6.43,6.42,6.43,94000,604010.0
2025-05-28 10:45:00,2025-05-28,20250528104500000,000070,5,6.43,6.45,6.42,6.45,444900,2864410.0
2025-05-28 10:50:00,2025-05-28,20250528105000000,000070,5,6.45,6.45,6.44,6.44,51900,334532.0
2025-05-28 10:55:00,2025-05-28,20250528105500000,000070,5,6.44,6.45,6.44,6.44,74800,481880.0
2025-05-28 11:00:00,2025-05-28,20250528110000000,000070,5,6.44,6.45,6.44,6.45,39800,256538.0
2025-05-28 11:05:00,2025-05-28,20250528110500000,000070,5,6.45,6.46,6.44,6.46,119500,770814.0
2025-05-28 11:10:00,2025-05-28,20250528111000000,000070,5,6.45,6.45,6.44,6.44,42500,274108.0
2025-05-28 11:15:00,2025-05-28,20250528111500000,000070,5,6.45,6.45,6.44,6.45,97000,624928.0
2025-05-28 11:20:00,2025-05-28,20250528112000000,000070,5,6.44,6.45,6.43,6.44,110700,712412.0
2025-05-28 11:25:00,2025-05-28,20250528112500000,000070,5,6.43,6.44,6.43,6.43,157500,1012770.0
2025-05-28 11:30:00,2025-05-28,20250528113000000,000070,5,6.43,6.43,6.42,6.42,29900,192254.0
2025-05-28 13:05:00,2025-05-28,20250528130500000,000070,5,6.43,6.43,6.43,6.43,56900,365882.0
2025-05-28 13:10:00,2025-05-28,20250528131000000,000070,5,6.43,6.43,6.43,6.43,51600,331788.0
2025-05-28 13:15:00,2025-05-28,20250528131500000,000070,5,6.43,6.45,6.43,6.45,154000,991176.0
2025-05-28 13:20:00,2025-05-28,20250528132000000,000070,5,6.44,6.45,6.44,6.45,15600,100494.0
2025-05-28 13:25:00,2025-05-28,20250528132500000,000070,5,6.44,6.45,6.43,6.44,20100,129436.0
2025-05-28 13:30:00,2025-05-28,20250528133000000,000070,5,6.43,6.44,6.43,6.43,49800,320580.0
2025-05-28 13:35:00,2025-05-28,20250528133500000,000070,5,6.43,6.45,6.43,6.45,41400,266660.0
2025-05-28 13:40:00,2025-05-28,20250528134000000,000070,5,6.44,6.45,6.43,6.44,100800,648418.0
2025-05-28 13:45:00,2025-05-28,20250528134500000,000070,5,6.44,6.44,6.43,6.43,12500,80390.0
2025-05-28 13:50:00,2025-05-28,20250528135000000,000070,5,6.43,6.44,6.43,6.43,71500,459568.0
2025-05-28 13:55:00,2025-05-28,20250528135500000,000070,5,6.43,6.44,6.43,6.44,45000,289676.0
2025-05-28 14:00:00,2025-05-28,20250528140000000,000070,5,6.43,6.44,6.43,6.44,28000,180272.0
2025-05-28 14:05:00,2025-05-28,20250528140500000,000070,5,6.44,6.45,6.43,6.44,161200,1038232.0
2025-05-28 14:10:00,2025-05-28,20250528141000000,000070,5,6.44,6.49,6.44,6.48,622100,4022108.0
2025-05-28 14:15:00,2025-05-28,20250528141500000,000070,5,6.48,6.52,6.48,6.49,683400,4442440.0
2025-05-28 14:20:00,2025-05-28,20250528142000000,000070,5,6.48,6.48,6.47,6.48,203900,1320724.0
2025-05-28 14:25:00,2025-05-28,20250528142500000,000070,5,6.47,6.49,6.46,6.47,179400,1161372.0
2025-05-28 14:30:00,2025-05-28,20250528143000000,000070,5,6.47,6.47,6.43,6.46,273500,1764444.0
2025-05-28 14:35:00,2025-05-28,20250528143500000,000070,5,6.46,6.46,6.44,6.44,63500,409568.0
2025-05-28 14:40:00,2025-05-28,20250528144000000,000070,5,6.44,6.45,6.43,6.44,287900,1854496.0
2025-05-28 14:45:00,2025-05-28,20250528144500000,000070,5,6.44,6.45,6.44,6.44,107500,693124.0
2025-05-28 14:50:00,2025-05-28,20250528145000000,000070,5,6.45,6.45,6.44,6.45,68300,439932.0
2025-05-28 14:55:00,2025-05-28,20250528145500000,000070,5,6.45,6.46,6.44,6.44,79300,511144.0
2025-05-28 15:00:00,2025-05-28,20250528150000000,000070,5,6.44,6.45,6.44,6.44,252900,1628872.0
2025-05-29 09:35:00,2025-05-29,20250529093500000,000070,5,6.43,6.46,6.43,6.44,189100,1218701.0
2025-05-29 09:40:00,2025-05-29,20250529094000000,000070,5,6.44,6.46,6.44,6.45,196600,1268283.0
2025-05-29 09:45:00,2025-05-29,20250529094500000,000070,5,6.44,6.48,6.44,6.47,529200,3412727.0
2025-05-29 09:50:00,2025-05-29,20250529095000000,000070,5,6.47,6.47,6.45,6.45,375100,2425475.0
2025-05-29 09:55:00,2025-05-29,20250529095500000,000070,5,6.45,6.46,6.45,6.46,156200,1008139.0
2025-05-29 10:00:00,2025-05-29,20250529100000000,000070,5,6.46,6.47,6.46,6.47,230900,1491321.0
2025-05-29 10:05:00,2025-05-29,20250529100500000,000070,5,6.47,6.51,6.47,6.5,581400,3777408.0
2025-05-29 10:10:00,2025-05-29,20250529101000000,000070,5,6.49,6.5,6.49,6.49,65100,422719.0
2025-05-29 10:15:00,2025-05-29,20250529101500000,000070,5,6.49,6.5,6.49,6.5,283300,1838771.0
2025-05-29 10:20:00,2025-05-29,20250529102000000,000070,5,6.5,6.51,6.49,6.5,173600,1128812.0
2025-05-29 10:25:00,2025-05-29,20250529102500000,000070,5,6.51,6.58,6.51,6.54,1273700,8336048.0
2025-05-29 10:30:00,2025-05-29,20250529103000000,000070,5,6.54,6.54,6.52,6.53,182400,1191192.0
2025-05-29 10:35:00,2025-05-29,20250529103500000,000070,5,6.53,6.54,6.52,6.54,90500,590872.0
2025-05-29 10:40:00,2025-05-29,20250529104000000,000070,5,6.54,6.54,6.53,6.53,29000,189504.0
2025-05-29 10:45:00,2025-05-29,20250529104500000,000070,5,6.53,6.54,6.53,6.53,20100,131312.0
2025-05-29 10:50:00,2025-05-29,20250529105000000,000070,5,6.53,6.54,6.53,6.54,63300,413736.0
2025-05-29 10:55:00,2025-05-29,20250529105500000,000070,5,6.54,6.54,6.53,6.53,50600,330786.0
2025-05-29 11:00:00,2025-05-29,20250529110000000,000070,5,6.53,6.55,6.53,6.54,209600,1371144.0
2025-05-29 11:05:00,2025-05-29,20250529110500000,000070,5,6.54,6.54,6.53,6.54,46400,303454.0
2025-05-29 11:10:00,2025-05-29,20250529111000000,000070,5,6.53,6.54,6.53,6.53,138000,901748.0
2025-05-29 11:15:00,2025-05-29,20250529111500000,000070,5,6.54,6.55,6.54,6.54,109400,715736.0
2025-05-29 11:20:00,2025-05-29,20250529112000000,000070,5,6.54,6.55,6.54,6.55,30300,198164.0
2025-05-29 11:25:00,2025-05-29,20250529112500000,000070,5,6.54,6.55,6.54,6.54,31700,207336.0
2025-05-29 11:30:00,2025-05-29,20250529113000000,000070,5,6.54,6.54,6.53,6.54,33900,221698.0
2025-05-29 13:05:00,2025-05-29,20250529130500000,000070,5,6.54,6.55,6.54,6.55,190600,1247654.0
2025-05-29 13:10:00,2025-05-29,20250529131000000,000070,5,6.55,6.55,6.55,6.55,56900,372408.0
2025-05-29 13:15:00,2025-05-29,20250529131500000,000070,5,6.55,6.57,6.55,6.56,148600,975016.0
2025-05-29 13:20:00,2025-05-29,20250529132000000,000070,5,6.56,6.57,6.56,6.56,107400,704748.0
2025-05-29 13:25:00,2025-05-29,20250529132500000,000070,5,6.57,6.57,6.55,6.56,70800,463956.0
2025-05-29 13:30:00,2025-05-29,20250529133000000,000070,5,6.56,6.57,6.55,6.56,46700,306368.0
2025-05-29 13:35:00,2025-05-29,20250529133500000,000070,5,6.56,6.56,6.55,6.56,67000,439480.0
2025-05-29 13:40:00,2025-05-29,20250529134000000,000070,5,6.55,6.56,6.55,6.55,86600,567812.0
2025-05-29 13:45:00,2025-05-29,20250529134500000,000070,5,6.55,6.56,6.55,6.55,43200,283016.0
2025-05-29 13:50:00,2025-05-29,20250529135000000,000070,5,6.55,6.56,6.55,6.56,65600,430112.0
2025-05-29 13:55:00,2025-05-29,20250529135500000,000070,5,6.55,6.57,6.55,6.56,142500,934828.0
2025-05-29 14:00:00,2025-05-29,20250529140000000,000070,5,6.56,6.57,6.56,6.57,47000,308340.0
2025-05-29 14:05:00,2025-05-29,20250529140500000,000070,5,6.57,6.57,6.55,6.56,236500,1552664.0
2025-05-29 14:10:00,2025-05-29,20250529141000000,000070,5,6.55,6.57,6.55,6.57,45000,295240.0
2025-05-29 14:15:00,2025-05-29,20250529141500000,000070,5,6.56,6.57,6.56,6.57,83400,547236.0
2025-05-29 14:20:00,2025-05-29,20250529142000000,000070,5,6.56,6.57,6.56,6.57,23100,151568.0
2025-05-29 14:25:00,2025-05-29,20250529142500000,000070,5,6.56,6.57,6.56,6.57,49400,324220.0
2025-05-29 14:30:00,2025-05-29,20250529143000000,000070,5,6.56,6.57,6.55,6.57,84000,551196.0
2025-05-29 14:35:00,2025-05-29,20250529143500000,000070,5,6.56,6.57,6.56,6.57,63500,417000.0
2025-05-29 14:40:00,2025-05-29,20250529144000000,000070,5,6.56,6.57,6.56,6.57,24400,160172.0
2025-05-29 14:45:00,2025-05-29,20250529144500000,000070,5,6.56,6.57,6.56,6.57,103400,678596.0
2025-05-29 14:50:00,2025-05-29,20250529145000000,000070,5,6.56,6.57,6.55,6.55,346100,2270604.0
2025-05-29 14:55:00,2025-05-29,20250529145500000,000070,5,6.56,6.56,6.55,6.56,158900,1041792.0
2025-05-29 15:00:00,2025-05-29,20250529150000000,000070,5,6.56,6.57,6.55,6.57,239400,1571340.0
2025-05-30 09:35:00,2025-05-30,20250530093500000,000070,5,6.57,6.57,6.54,6.54,122900,804985.0
2025-05-30 09:40:00,2025-05-30,20250530094000000,000070,5,6.54,6.54,6.53,6.54,360200,2353434.0
2025-05-30 09:45:00,2025-05-30,20250530094500000,000070,5,6.54,6.59,6.53,6.59,312400,2049226.0
2025-05-30 09:50:00,2025-05-30,20250530095000000,000070,5,6.58,6.6,6.57,6.58,243800,1603929.0
2025-05-30 09:55:00,2025-05-30,20250530095500000,000070,5,6.58,6.58,6.57,6.58,275600,1811372.0
2025-05-30 10:00:00,2025-05-30,20250530100000000,000070,5,6.57,6.61,6.57,6.6,472600,3115619.0
2025-05-30 10:05:00,2025-05-30,20250530100500000,000070,5,6.6,6.6,6.59,6.6,166000,1095421.0
2025-05-30 10:10:00,2025-05-30,20250530101000000,000070,5,6.59,6.6,6.58,6.58,280300,1847201.0
2025-05-30 10:15:00,2025-05-30,20250530101500000,000070,5,6.58,6.58,6.56,6.57,338500,2224873.0
2025-05-30 10:20:00,2025-05-30,20250530102000000,000070,5,6.56,6.57,6.56,6.57,197600,1296572.0
2025-05-30 10:25:00,2025-05-30,20250530102500000,000070,5,6.56,6.57,6.56,6.57,46500,305404.0
2025-05-30 10:30:00,2025-05-30,20250530103000000,000070,5,6.57,6.59,6.57,6.58,201100,1322554.0
2025-05-30 10:35:00,2025-05-30,20250530103500000,000070,5,6.57,6.58,6.57,6.58,152300,1002140.0
2025-05-30 10:40:00,2025-05-30,20250530104000000,000070,5,6.59,6.59,6.57,6.58,144700,952246.0
2025-05-30 10:45:00,2025-05-30,20250530104500000,000070,5,6.57,6.57,6.56,6.57,268300,1762396.0
2025-05-30 10:50:00,2025-05-30,20250530105000000,000070,5,6.57,6.57,6.57,6.57,40300,264772.0
2025-05-30 10:55:00,2025-05-30,20250530105500000,000070,5,6.57,6.58,6.57,6.58,241000,1584664.0
2025-05-30 11:00:00,2025-05-30,20250530110000000,000070,5,6.59,6.59,6.58,6.58,61600,405402.0
2025-05-30 11:05:00,2025-05-30,20250530110500000,000070,5,6.58,6.58,6.57,6.57,90900,597838.0
2025-05-30 11:10:00,2025-05-30,20250530111000000,000070,5,6.57,6.58,6.57,6.58,36900,242696.0
2025-05-30 11:15:00,2025-05-30,20250530111500000,000070,5,6.58,6.58,6.57,6.58,53300,350664.0
2025-05-30 11:20:00,2025-05-30,20250530112000000,000070,5,6.58,6.58,6.57,6.58,192400,1264240.0
2025-05-30 11:25:00,2025-05-30,20250530112500000,000070,5,6.57,6.58,6.56,6.56,136200,895094.0
2025-05-30 11:30:00,2025-05-30,20250530113000000,000070,5,6.56,6.57,6.56,6.56,14600,95778.0
2025-05-30 13:05:00,2025-05-30,20250530130500000,000070,5,6.56,6.56,6.52,6.54,436600,2855832.0
2025-05-30 13:10:00,2025-05-30,20250530131000000,000070,5,6.54,6.55,6.53,6.54,70000,457624.0
2025-05-30 13:15:00,2025-05-30,20250530131500000,000070,5,6.55,6.55,6.53,6.53,108400,708154.0
2025-05-30 13:20:00,2025-05-30,20250530132000000,000070,5,6.53,6.54,6.53,6.53,146200,954950.0
2025-05-30 13:25:00,2025-05-30,20250530132500000,000070,5,6.53,6.54,6.53,6.54,26600,173792.0
2025-05-30 13:30:00,2025-05-30,20250530133000000,000070,5,6.54,6.55,6.54,6.55,46900,307116.0
2025-05-30 13:35:00,2025-05-30,20250530133500000,000070,5,6.55,6.55,6.54,6.54,17700,115876.0
2025-05-30 13:40:00,2025-05-30,20250530134000000,000070,5,6.55,6.55,6.54,6.55,18400,120380.0
2025-05-30 13:45:00,2025-05-30,20250530134500000,000070,5,6.54,6.55,6.54,6.55,20500,134192.0
2025-05-30 13:50:00,2025-05-30,20250530135000000,000070,5,6.54,6.55,6.54,6.55,26100,170844.0
2025-05-30 13:55:00,2025-05-30,20250530135500000,000070,5,6.55,6.55,6.55,6.55,33900,222044.0
2025-05-30 14:00:00,2025-05-30,20250530140000000,000070,5,6.55,6.55,6.54,6.54,30200,197692.0
2025-05-30 14:05:00,2025-05-30,20250530140500000,000070,5,6.54,6.56,6.54,6.55,78100,511960.0
2025-05-30 14:10:00,2025-05-30,20250530141000000,000070,5,6.55,6.57,6.55,6.56,87700,575192.0
2025-05-30 14:15:00,2025-05-30,20250530141500000,000070,5,6.56,6.56,6.56,6.56,9300,61008.0
2025-05-30 14:20:00,2025-05-30,20250530142000000,000070,5,6.56,6.59,6.55,6.58,493400,3243848.0
2025-05-30 14:25:00,2025-05-30,20250530142500000,000070,5,6.58,6.58,6.57,6.57,170300,1119240.0
2025-05-30 14:30:00,2025-05-30,20250530143000000,000070,5,6.57,6.57,6.56,6.57,56400,370096.0
2025-05-30 14:35:00,2025-05-30,20250530143500000,000070,5,6.57,6.57,6.57,6.57,107700,707592.0
2025-05-30 14:40:00,2025-05-30,20250530144000000,000070,5,6.58,6.58,6.56,6.58,164300,1079912.0
2025-05-30 14:45:00,2025-05-30,20250530144500000,000070,5,6.57,6.59,6.57,6.58,285700,1880216.0
2025-05-30 14:50:00,2025-05-30,20250530145000000,000070,5,6.58,6.58,6.57,6.58,423800,2787540.0
2025-05-30 14:55:00,2025-05-30,20250530145500000,000070,5,6.58,6.6,6.57,6.6,664400,4375744.0
2025-05-30 15:00:00,2025-05-30,20250530150000000,000070,5,6.6,6.6,6.59,6.6,159400,1052004.0
2025-06-03 09:35:00,2025-06-03,20250603093500000,000070,5,6.61,6.67,6.6,6.66,601400,3987257.0
2025-06-03 09:40:00,2025-06-03,20250603094000000,000070,5,6.66,6.69,6.65,6.67,727100,4847626.0
2025-06-03 09:45:00,2025-06-03,20250603094500000,000070,5,6.67,6.68,6.65,6.68,431200,2874295.0
2025-06-03 09:50:00,2025-06-03,20250603095000000,000070,5,6.68,6.68,6.65,6.66,301800,2009469.0
2025-06-03 09:55:00,2025-06-03,20250603095500000,000070,5,6.66,6.67,6.65,6.67,249600,1663548.0
2025-06-03 10:00:00,2025-06-03,20250603100000000,000070,5,6.67,6.68,6.66,6.67,214300,1429407.0
2025-06-03 10:05:00,2025-06-03,20250603100500000,000070,5,6.67,6.68,6.66,6.67,191000,1273966.0
2025-06-03 10:10:00,2025-06-03,20250603101000000,000070,5,6.66,6.67,6.64,6.65,558600,3717578.0
2025-06-03 10:15:00,2025-06-03,20250603101500000,000070,5,6.65,6.65,6.64,6.65,257600,1711548.0
2025-06-03 10:20:00,2025-06-03,20250603102000000,000070,5,6.65,6.67,6.64,6.67,266300,1774332.0
2025-06-03 10:25:00,2025-06-03,20250603102500000,000070,5,6.67,6.68,6.66,6.68,249000,1661106.0
2025-06-03 10:30:00,2025-06-03,20250603103000000,000070,5,6.68,6.68,6.66,6.66,196700,1311444.0
2025-06-03 10:35:00,2025-06-03,20250603103500000,000070,5,6.67,6.69,6.67,6.69,815300,5450296.0
2025-06-03 10:40:00,2025-06-03,20250603104000000,000070,5,6.69,6.71,6.69,6.7,668400,4476592.0
2025-06-03 10:45:00,2025-06-03,20250603104500000,000070,5,6.71,6.71,6.68,6.68,187800,1255596.0
2025-06-03 10:50:00,2025-06-03,20250603105000000,000070,5,6.68,6.68,6.66,6.66,84800,565696.0
2025-06-03 10:55:00,2025-06-03,20250603105500000,000070,5,6.67,6.67,6.65,6.65,245400,1634320.0
2025-06-03 11:00:00,2025-06-03,20250603110000000,000070,5,6.65,6.65,6.62,6.63,611900,4061228.0
2025-06-03 11:05:00,2025-06-03,20250603110500000,000070,5,6.63,6.64,6.63,6.63,382600,2537312.0
2025-06-03 11:10:00,2025-06-03,20250603111000000,000070,5,6.63,6.64,6.62,6.63,72100,477804.0
2025-06-03 11:15:00,2025-06-03,20250603111500000,000070,5,6.63,6.65,6.63,6.64,40900,271484.0
2025-06-03 11:20:00,2025-06-03,20250603112000000,000070,5,6.64,6.65,6.64,6.64,82900,551152.0
2025-06-03 11:25:00,2025-06-03,20250603112500000,000070,5,6.64,6.66,6.64,6.65,24700,164296.0
2025-06-03 11:30:00,2025-06-03,20250603113000000,000070,5,6.65,6.66,6.65,6.65,24400,162468.0
2025-06-03 13:05:00,2025-06-03,20250603130500000,000070,5,6.66,6.66,6.64,6.64,250800,1668400.0
2025-06-03 13:10:00,2025-06-03,20250603131000000,000070,5,6.65,6.65,6.65,6.65,13300,88444.0
2025-06-03 13:15:00,2025-06-03,20250603131500000,000070,5,6.65,6.65,6.64,6.65,58700,389772.0
2025-06-03 13:20:00,2025-06-03,20250603132000000,000070,5,6.64,6.65,6.64,6.65,149900,996500.0
2025-06-03 13:25:00,2025-06-03,20250603132500000,000070,5,6.65,6.66,6.64,6.65,25900,172232.0
2025-06-03 13:30:00,2025-06-03,20250603133000000,000070,5,6.65,6.66,6.65,6.66,76000,505944.0
2025-06-03 13:35:00,2025-06-03,20250603133500000,000070,5,6.66,6.66,6.65,6.66,46700,310856.0
2025-06-03 13:40:00,2025-06-03,20250603134000000,000070,5,6.66,6.66,6.65,6.66,102100,679888.0
2025-06-03 13:45:00,2025-06-03,20250603134500000,000070,5,6.66,6.66,6.65,6.65,41200,274188.0
2025-06-03 13:50:00,2025-06-03,20250603135000000,000070,5,6.65,6.66,6.65,6.65,34300,228416.0
2025-06-03 13:55:00,2025-06-03,20250603135500000,000070,5,6.66,6.66,6.65,6.66,36300,241652.0
2025-06-03 14:00:00,2025-06-03,20250603140000000,000070,5,6.66,6.66,6.65,6.65,64600,430124.0
2025-06-03 14:05:00,2025-06-03,20250603140500000,000070,5,6.65,6.66,6.65,6.66,21400,142324.0
2025-06-03 14:10:00,2025-06-03,20250603141000000,000070,5,6.65,6.65,6.65,6.65,8600,57192.0
2025-06-03 14:15:00,2025-06-03,20250603141500000,000070,5,6.66,6.66,6.65,6.66,14600,97192.0
2025-06-03 14:20:00,2025-06-03,20250603142000000,000070,5,6.66,6.67,6.66,6.66,143100,953144.0
2025-06-03 14:25:00,2025-06-03,20250603142500000,000070,5,6.66,6.67,6.66,6.66,58300,388312.0
2025-06-03 14:30:00,2025-06-03,20250603143000000,000070,5,6.66,6.67,6.66,6.67,42400,282412.0
2025-06-03 14:35:00,2025-06-03,20250603143500000,000070,5,6.66,6.68,6.66,6.68,284600,1898680.0
2025-06-03 14:40:00,2025-06-03,20250603144000000,000070,5,6.68,6.68,6.67,6.68,45000,300056.0
2025-06-03 14:45:00,2025-06-03,20250603144500000,000070,5,6.67,6.67,6.67,6.67,207500,1384292.0
2025-06-03 14:50:00,2025-06-03,20250603145000000,000070,5,6.66,6.67,6.66,6.67,49200,327672.0
2025-06-03 14:55:00,2025-06-03,20250603145500000,000070,5,6.66,6.67,6.65,6.65,391000,2602528.0
2025-06-03 15:00:00,2025-06-03,20250603150000000,000070,5,6.65,6.66,6.65,6.66,313500,2086368.0
2025-06-04 09:35:00,2025-06-04,20250604093500000,000070,5,6.68,6.73,6.68,6.69,537000,3599492.0
2025-06-04 09:40:00,2025-06-04,20250604094000000,000070,5,6.69,6.74,6.69,6.74,594800,3994045.0
2025-06-04 09:45:00,2025-06-04,20250604094500000,000070,5,6.73,6.77,6.73,6.76,625600,4222746.0
2025-06-04 09:50:00,2025-06-04,20250604095000000,000070,5,6.76,6.82,6.75,6.82,908100,6158081.0
2025-06-04 09:55:00,2025-06-04,20250604095500000,000070,5,6.8,6.85,6.8,6.82,1035100,7070732.0
2025-06-04 10:00:00,2025-06-04,20250604100000000,000070,5,6.81,6.81,6.79,6.81,999700,6800260.0
2025-06-04 10:05:00,2025-06-04,20250604100500000,000070,5,6.81,6.83,6.81,6.83,448100,3056668.0
2025-06-04 10:10:00,2025-06-04,20250604101000000,000070,5,6.83,6.83,6.82,6.82,161100,1099632.0
2025-06-04 10:15:00,2025-06-04,20250604101500000,000070,5,6.83,6.85,6.83,6.84,1063500,7277056.0
2025-06-04 10:20:00,2025-06-04,20250604102000000,000070,5,6.84,6.84,6.8,6.81,396800,2705856.0
2025-06-04 10:25:00,2025-06-04,20250604102500000,000070,5,6.82,6.83,6.82,6.83,144900,988776.0
2025-06-04 10:30:00,2025-06-04,20250604103000000,000070,5,6.83,6.83,6.82,6.83,68900,470420.0
2025-06-04 10:35:00,2025-06-04,20250604103500000,000070,5,6.83,6.84,6.82,6.84,272500,1860976.0
2025-06-04 10:40:00,2025-06-04,20250604104000000,000070,5,6.84,6.84,6.82,6.82,95000,648756.0
2025-06-04 10:45:00,2025-06-04,20250604104500000,000070,5,6.82,6.84,6.82,6.82,154500,1055652.0
2025-06-04 10:50:00,2025-06-04,20250604105000000,000070,5,6.82,6.82,6.81,6.82,233400,1591736.0
2025-06-04 10:55:00,2025-06-04,20250604105500000,000070,5,6.81,6.82,6.81,6.81,357300,2433128.0
2025-06-04 11:00:00,2025-06-04,20250604110000000,000070,5,6.82,6.84,6.82,6.83,347300,2371160.0
2025-06-04 11:05:00,2025-06-04,20250604110500000,000070,5,6.83,6.85,6.82,6.84,650200,4446464.0
2025-06-04 11:10:00,2025-06-04,20250604111000000,000070,5,6.84,6.85,6.83,6.84,180300,1233128.0
2025-06-04 11:15:00,2025-06-04,20250604111500000,000070,5,6.84,6.87,6.84,6.87,666700,4570748.0
2025-06-04 11:20:00,2025-06-04,20250604112000000,000070,5,6.86,6.88,6.86,6.87,325700,2238096.0
2025-06-04 11:25:00,2025-06-04,20250604112500000,000070,5,6.87,6.87,6.86,6.87,125700,863448.0
2025-06-04 11:30:00,2025-06-04,20250604113000000,000070,5,6.86,6.87,6.86,6.86,104100,714352.0
2025-06-04 13:05:00,2025-06-04,20250604130500000,000070,5,6.86,6.87,6.85,6.85,323300,2215928.0
2025-06-04 13:10:00,2025-06-04,20250604131000000,000070,5,6.84,6.85,6.84,6.84,164000,1122056.0
2025-06-04 13:15:00,2025-06-04,20250604131500000,000070,5,6.84,6.84,6.82,6.82,380700,2598968.0
2025-06-04 13:20:00,2025-06-04,20250604132000000,000070,5,6.83,6.83,6.82,6.83,157900,1077736.0
2025-06-04 13:25:00,2025-06-04,20250604132500000,000070,5,6.82,6.84,6.82,6.83,201300,1374704.0
2025-06-04 13:30:00,2025-06-04,20250604133000000,000070,5,6.83,6.83,6.82,6.83,378500,2584416.0
2025-06-04 13:35:00,2025-06-04,20250604133500000,000070,5,6.83,6.83,6.81,6.83,181500,1237792.0
2025-06-04 13:40:00,2025-06-04,20250604134000000,000070,5,6.83,6.83,6.82,6.83,57500,392648.0
2025-06-04 13:45:00,2025-06-04,20250604134500000,000070,5,6.83,6.84,6.82,6.84,91300,624032.0
2025-06-04 13:50:00,2025-06-04,20250604135000000,000070,5,6.83,6.84,6.83,6.84,65100,445176.0
2025-06-04 13:55:00,2025-06-04,20250604135500000,000070,5,6.84,6.84,6.83,6.84,39900,272864.0
2025-06-04 14:00:00,2025-06-04,20250604140000000,000070,5,6.83,6.84,6.83,6.83,184300,1258776.0
2025-06-04 14:05:00,2025-06-04,20250604140500000,000070,5,6.83,6.84,6.82,6.82,164000,1119440.0
2025-06-04 14:10:00,2025-06-04,20250604141000000,000070,5,6.83,6.84,6.82,6.84,122400,836480.0
2025-06-04 14:15:00,2025-06-04,20250604141500000,000070,5,6.83,6.83,6.83,6.83,72100,492472.0
2025-06-04 14:20:00,2025-06-04,20250604142000000,000070,5,6.83,6.83,6.83,6.83,14700,100400.0
2025-06-04 14:25:00,2025-06-04,20250604142500000,000070,5,6.83,6.84,6.83,6.84,56400,385248.0
2025-06-04 14:30:00,2025-06-04,20250604143000000,000070,5,6.83,6.84,6.82,6.83,259700,1773088.0
2025-06-04 14:35:00,2025-06-04,20250604143500000,000070,5,6.83,6.83,6.82,6.82,47700,325280.0
2025-06-04 14:40:00,2025-06-04,20250604144000000,000070,5,6.83,6.83,6.82,6.83,83500,569952.0
2025-06-04 14:45:00,2025-06-04,20250604144500000,000070,5,6.82,6.83,6.81,6.83,363900,2481832.0
2025-06-04 14:50:00,2025-06-04,20250604145000000,000070,5,6.83,6.83,6.81,6.81,282000,1923416.0
2025-06-04 14:55:00,2025-06-04,20250604145500000,000070,5,6.82,6.83,6.81,6.83,261600,1783608.0
2025-06-04 15:00:00,2025-06-04,20250604150000000,000070,5,6.82,6.84,6.81,6.83,393500,2687432.0
2025-06-05 09:35:00,2025-06-05,20250605093500000,000070,5,6.81,6.82,6.79,6.81,830400,5654518.0
2025-06-05 09:40:00,2025-06-05,20250605094000000,000070,5,6.82,6.87,6.81,6.86,578600,3958306.0
2025-06-05 09:45:00,2025-06-05,20250605094500000,000070,5,6.86,6.86,6.81,6.81,682600,4664537.0
2025-06-05 09:50:00,2025-06-05,20250605095000000,000070,5,6.82,6.82,6.79,6.8,856300,5822527.0
2025-06-05 09:55:00,2025-06-05,20250605095500000,000070,5,6.8,6.83,6.8,6.83,266700,1817374.0
2025-06-05 10:00:00,2025-06-05,20250605100000000,000070,5,6.83,6.83,6.82,6.82,104200,711202.0
2025-06-05 10:05:00,2025-06-05,20250605100500000,000070,5,6.82,6.84,6.82,6.83,197400,1349292.0
2025-06-05 10:10:00,2025-06-05,20250605101000000,000070,5,6.83,6.87,6.83,6.87,592500,4060538.0
2025-06-05 10:15:00,2025-06-05,20250605101500000,000070,5,6.87,6.89,6.86,6.88,838200,5763930.0
2025-06-05 10:20:00,2025-06-05,20250605102000000,000070,5,6.88,6.91,6.87,6.91,901000,6213396.0
2025-06-05 10:25:00,2025-06-05,20250605102500000,000070,5,6.91,6.91,6.86,6.88,1110200,7644204.0
2025-06-05 10:30:00,2025-06-05,20250605103000000,000070,5,6.88,6.88,6.83,6.84,669600,4590092.0
2025-06-05 10:35:00,2025-06-05,20250605103500000,000070,5,6.84,6.85,6.82,6.83,717900,4904464.0
2025-06-05 10:40:00,2025-06-05,20250605104000000,000070,5,6.83,6.83,6.82,6.83,475600,3248020.0
2025-06-05 10:45:00,2025-06-05,20250605104500000,000070,5,6.83,6.83,6.82,6.83,155800,1063624.0
2025-06-05 10:50:00,2025-06-05,20250605105000000,000070,5,6.83,6.83,6.82,6.83,183100,1250180.0
2025-06-05 10:55:00,2025-06-05,20250605105500000,000070,5,6.83,6.83,6.82,6.83,130200,889064.0
2025-06-05 11:00:00,2025-06-05,20250605110000000,000070,5,6.83,6.83,6.82,6.83,110700,755492.0
2025-06-05 11:05:00,2025-06-05,20250605110500000,000070,5,6.82,6.83,6.82,6.83,21000,143224.0
2025-06-05 11:10:00,2025-06-05,20250605111000000,000070,5,6.82,6.83,6.82,6.82,97300,663872.0
2025-06-05 11:15:00,2025-06-05,20250605111500000,000070,5,6.82,6.83,6.82,6.83,68400,466812.0
2025-06-05 11:20:00,2025-06-05,20250605112000000,000070,5,6.83,6.83,6.81,6.81,232900,1588516.0
2025-06-05 11:25:00,2025-06-05,20250605112500000,000070,5,6.82,6.82,6.81,6.82,91700,625104.0
2025-06-05 11:30:00,2025-06-05,20250605113000000,000070,5,6.82,6.82,6.81,6.81,72100,491624.0
2025-06-05 13:05:00,2025-06-05,20250605130500000,000070,5,6.81,6.81,6.79,6.8,445500,3031368.0
2025-06-05 13:10:00,2025-06-05,20250605131000000,000070,5,6.8,6.81,6.79,6.8,90900,618160.0
2025-06-05 13:15:00,2025-06-05,20250605131500000,000070,5,6.8,6.81,6.8,6.8,56400,383824.0
2025-06-05 13:20:00,2025-06-05,20250605132000000,000070,5,6.81,6.82,6.81,6.81,42300,288080.0
2025-06-05 13:25:00,2025-06-05,20250605132500000,000070,5,6.82,6.82,6.81,6.81,77300,526520.0
2025-06-05 13:30:00,2025-06-05,20250605133000000,000070,5,6.82,6.82,6.81,6.81,39900,271896.0
2025-06-05 13:35:00,2025-06-05,20250605133500000,000070,5,6.81,6.81,6.8,6.81,119400,812552.0
2025-06-05 13:40:00,2025-06-05,20250605134000000,000070,5,6.81,6.81,6.79,6.8,337200,2291184.0
2025-06-05 13:45:00,2025-06-05,20250605134500000,000070,5,6.8,6.8,6.79,6.8,113900,773536.0
2025-06-05 13:50:00,2025-06-05,20250605135000000,000070,5,6.79,6.8,6.79,6.8,94200,639992.0
2025-06-05 13:55:00,2025-06-05,20250605135500000,000070,5,6.79,6.8,6.78,6.79,258700,1756672.0
2025-06-05 14:00:00,2025-06-05,20250605140000000,000070,5,6.79,6.8,6.79,6.79,107100,727208.0
2025-06-05 14:05:00,2025-06-05,20250605140500000,000070,5,6.8,6.82,6.79,6.82,322900,2196056.0
2025-06-05 14:10:00,2025-06-05,20250605141000000,000070,5,6.82,6.82,6.81,6.82,84500,576024.0
2025-06-05 14:15:00,2025-06-05,20250605141500000,000070,5,6.82,6.83,6.82,6.82,73000,498272.0
2025-06-05 14:20:00,2025-06-05,20250605142000000,000070,5,6.82,6.82,6.81,6.82,23900,162992.0
2025-06-05 14:25:00,2025-06-05,20250605142500000,000070,5,6.82,6.82,6.81,6.81,74000,504432.0
2025-06-05 14:30:00,2025-06-05,20250605143000000,000070,5,6.81,6.82,6.81,6.81,43400,295752.0
2025-06-05 14:35:00,2025-06-05,20250605143500000,000070,5,6.82,6.82,6.81,6.82,108400,738688.0
2025-06-05 14:40:00,2025-06-05,20250605144000000,000070,5,6.82,6.82,6.8,6.81,268200,1827248.0
2025-06-05 14:45:00,2025-06-05,20250605144500000,000070,5,6.81,6.83,6.81,6.83,111100,757840.0
2025-06-05 14:50:00,2025-06-05,20250605145000000,000070,5,6.83,6.84,6.83,6.84,153400,1048456.0
2025-06-05 14:55:00,2025-06-05,20250605145500000,000070,5,6.84,6.85,6.82,6.85,404800,2766008.0
2025-06-05 15:00:00,2025-06-05,20250605150000000,000070,5,6.85,6.86,6.84,6.85,786100,5383936.0
2025-06-06 09:35:00,2025-06-06,20250606093500000,000070,5,6.85,6.88,6.82,6.88,880500,6026348.0
2025-06-06 09:40:00,2025-06-06,20250606094000000,000070,5,6.87,6.92,6.87,6.89,1068900,7366823.0
2025-06-06 09:45:00,2025-06-06,20250606094500000,000070,5,6.9,6.91,6.88,6.9,387500,2671763.0
2025-06-06 09:50:00,2025-06-06,20250606095000000,000070,5,6.9,6.93,6.9,6.91,685600,4740594.0
2025-06-06 09:55:00,2025-06-06,20250606095500000,000070,5,6.91,6.95,6.91,6.94,560200,3881636.0
2025-06-06 10:00:00,2025-06-06,20250606100000000,000070,5,6.94,6.94,6.89,6.89,461800,3194400.0
2025-06-06 10:05:00,2025-06-06,20250606100500000,000070,5,6.9,6.93,6.9,6.91,336900,2327992.0
2025-06-06 10:10:00,2025-06-06,20250606101000000,000070,5,6.91,6.92,6.91,6.92,272400,1882832.0
2025-06-06 10:15:00,2025-06-06,20250606101500000,000070,5,6.91,6.96,6.91,6.95,865200,5997184.0
2025-06-06 10:20:00,2025-06-06,20250606102000000,000070,5,6.95,7.02,6.95,7.0,1530300,10682812.0
2025-06-06 10:25:00,2025-06-06,20250606102500000,000070,5,7.0,7.01,6.99,6.99,447000,3128864.0
2025-06-06 10:30:00,2025-06-06,20250606103000000,000070,5,6.99,7.08,6.99,7.08,1564200,11012188.0
2025-06-06 10:35:00,2025-06-06,20250606103500000,000070,5,7.08,7.09,7.03,7.05,812700,5743172.0
2025-06-06 10:40:00,2025-06-06,20250606104000000,000070,5,7.05,7.05,7.03,7.04,229700,1617504.0
2025-06-06 10:45:00,2025-06-06,20250606104500000,000070,5,7.03,7.04,7.02,7.03,202700,1424248.0
2025-06-06 10:50:00,2025-06-06,20250606105000000,000070,5,7.03,7.04,7.02,7.04,153300,1077432.0
2025-06-06 10:55:00,2025-06-06,20250606105500000,000070,5,7.03,7.04,7.03,7.04,104400,734136.0
2025-06-06 11:00:00,2025-06-06,20250606110000000,000070,5,7.03,7.03,7.01,7.01,183600,1288848.0
2025-06-06 11:05:00,2025-06-06,20250606110500000,000070,5,7.01,7.02,7.01,7.02,234200,1642904.0
2025-06-06 11:10:00,2025-06-06,20250606111000000,000070,5,7.01,7.01,7.0,7.0,158100,1107608.0
2025-06-06 11:15:00,2025-06-06,20250606111500000,000070,5,7.0,7.0,6.99,7.0,252000,1762696.0
2025-06-06 11:20:00,2025-06-06,20250606112000000,000070,5,6.99,7.01,6.98,7.0,357600,2500448.0
2025-06-06 11:25:00,2025-06-06,20250606112500000,000070,5,7.0,7.01,7.0,7.01,118200,828040.0
2025-06-06 11:30:00,2025-06-06,20250606113000000,000070,5,7.01,7.02,7.0,7.02,68700,481424.0
2025-06-06 13:05:00,2025-06-06,20250606130500000,000070,5,7.02,7.02,7.0,7.01,163500,1146248.0
2025-06-06 13:10:00,2025-06-06,20250606131000000,000070,5,7.01,7.01,7.0,7.0,78300,548224.0
2025-06-06 13:15:00,2025-06-06,20250606131500000,000070,5,7.01,7.01,6.99,7.0,142700,999008.0
2025-06-06 13:20:00,2025-06-06,20250606132000000,000070,5,7.0,7.0,6.99,7.0,53500,374416.0
2025-06-06 13:25:00,2025-06-06,20250606132500000,000070,5,7.0,7.0,6.99,7.0,165300,1155864.0
2025-06-06 13:30:00,2025-06-06,20250606133000000,000070,5,6.99,7.0,6.96,6.96,409000,2850888.0
2025-06-06 13:35:00,2025-06-06,20250606133500000,000070,5,6.96,6.97,6.94,6.96,414000,2878576.0
2025-06-06 13:40:00,2025-06-06,20250606134000000,000070,5,6.96,6.97,6.95,6.97,73800,513512.0
2025-06-06 13:45:00,2025-06-06,20250606134500000,000070,5,6.97,6.97,6.96,6.97,116500,811600.0
2025-06-06 13:50:00,2025-06-06,20250606135000000,000070,5,6.97,6.97,6.96,6.96,70600,491768.0
2025-06-06 13:55:00,2025-06-06,20250606135500000,000070,5,6.97,6.98,6.96,6.97,145600,1014840.0
2025-06-06 14:00:00,2025-06-06,20250606140000000,000070,5,6.97,6.98,6.97,6.97,43700,304640.0
2025-06-06 14:05:00,2025-06-06,20250606140500000,000070,5,6.97,7.0,6.97,7.0,81900,572296.0
2025-06-06 14:10:00,2025-06-06,20250606141000000,000070,5,7.0,7.0,6.98,6.99,101500,709120.0
2025-06-06 14:15:00,2025-06-06,20250606141500000,000070,5,6.99,7.02,6.99,7.02,438500,3071376.0
2025-06-06 14:20:00,2025-06-06,20250606142000000,000070,5,7.02,7.02,7.01,7.02,63500,445320.0
2025-06-06 14:25:00,2025-06-06,20250606142500000,000070,5,7.02,7.02,7.01,7.02,25200,176808.0
2025-06-06 14:30:00,2025-06-06,20250606143000000,000070,5,7.02,7.02,7.0,7.01,107900,756480.0
2025-06-06 14:35:00,2025-06-06,20250606143500000,000070,5,7.01,7.02,7.01,7.01,65600,459896.0
2025-06-06 14:40:00,2025-06-06,20250606144000000,000070,5,7.01,7.03,7.0,7.02,238100,1671088.0
2025-06-06 14:45:00,2025-06-06,20250606144500000,000070,5,7.02,7.03,7.02,7.03,144000,1011752.0
2025-06-06 14:50:00,2025-06-06,20250606145000000,000070,5,7.03,7.04,7.02,7.04,249600,1754640.0
2025-06-06 14:55:00,2025-06-06,20250606145500000,000070,5,7.04,7.04,7.03,7.04,152200,1071128.0
2025-06-06 15:00:00,2025-06-06,20250606150000000,000070,5,7.03,7.04,7.03,7.04,326900,2300992.0
2025-06-09 09:35:00,2025-06-09,20250609093500000,000070,5,7.05,7.11,7.04,7.07,1466100,10371108.0
2025-06-09 09:40:00,2025-06-09,20250609094000000,000070,5,7.07,7.12,7.04,7.12,688700,4876126.0
2025-06-09 09:45:00,2025-06-09,20250609094500000,000070,5,7.12,7.15,7.11,7.14,1041800,7434410.0
2025-06-09 09:50:00,2025-06-09,20250609095000000,000070,5,7.14,7.14,7.12,7.14,406500,2898612.0
2025-06-09 09:55:00,2025-06-09,20250609095500000,000070,5,7.13,7.13,7.09,7.09,746200,5305342.0
2025-06-09 10:00:00,2025-06-09,20250609100000000,000070,5,7.09,7.11,7.06,7.07,686400,4864722.0
2025-06-09 10:05:00,2025-06-09,20250609100500000,000070,5,7.07,7.1,7.07,7.09,193900,1373864.0
2025-06-09 10:10:00,2025-06-09,20250609101000000,000070,5,7.09,7.1,7.08,7.1,137900,977184.0
2025-06-09 10:15:00,2025-06-09,20250609101500000,000070,5,7.09,7.15,7.09,7.15,930300,6634672.0
2025-06-09 10:20:00,2025-06-09,20250609102000000,000070,5,7.17,7.18,7.15,7.16,377000,2702608.0
2025-06-09 10:25:00,2025-06-09,20250609102500000,000070,5,7.16,7.16,7.15,7.15,162500,1163340.0
2025-06-09 10:30:00,2025-06-09,20250609103000000,000070,5,7.15,7.16,7.13,7.13,216200,1544612.0
2025-06-09 10:35:00,2025-06-09,20250609103500000,000070,5,7.13,7.14,7.12,7.14,135400,965752.0
2025-06-09 10:40:00,2025-06-09,20250609104000000,000070,5,7.14,7.15,7.14,7.15,97200,694276.0
2025-06-09 10:45:00,2025-06-09,20250609104500000,000070,5,7.14,7.14,7.13,7.14,85300,608912.0
2025-06-09 10:50:00,2025-06-09,20250609105000000,000070,5,7.15,7.15,7.14,7.15,56700,405228.0
2025-06-09 10:55:00,2025-06-09,20250609105500000,000070,5,7.15,7.16,7.15,7.15,209900,1501696.0
2025-06-09 11:00:00,2025-06-09,20250609110000000,000070,5,7.15,7.15,7.14,7.14,172300,1231756.0
2025-06-09 11:05:00,2025-06-09,20250609110500000,000070,5,7.14,7.15,7.13,7.14,105800,755516.0
2025-06-09 11:10:00,2025-06-09,20250609111000000,000070,5,7.14,7.14,7.13,7.14,126900,905292.0
2025-06-09 11:15:00,2025-06-09,20250609111500000,000070,5,7.13,7.14,7.13,7.13,52100,371544.0
2025-06-09 11:20:00,2025-06-09,20250609112000000,000070,5,7.13,7.13,7.12,7.13,60800,433392.0
2025-06-09 11:25:00,2025-06-09,20250609112500000,000070,5,7.13,7.14,7.12,7.14,118800,847312.0
2025-06-09 11:30:00,2025-06-09,20250609113000000,000070,5,7.13,7.15,7.13,7.15,25100,179344.0
2025-06-09 13:05:00,2025-06-09,20250609130500000,000070,5,7.15,7.15,7.12,7.12,234700,1673092.0
2025-06-09 13:10:00,2025-06-09,20250609131000000,000070,5,7.12,7.12,7.11,7.11,112800,802976.0
2025-06-09 13:15:00,2025-06-09,20250609131500000,000070,5,7.11,7.11,7.1,7.11,282000,2004528.0
2025-06-09 13:20:00,2025-06-09,20250609132000000,000070,5,7.12,7.12,7.09,7.1,256300,1820472.0
2025-06-09 13:25:00,2025-06-09,20250609132500000,000070,5,7.09,7.1,7.08,7.09,217500,1542232.0
2025-06-09 13:30:00,2025-06-09,20250609133000000,000070,5,7.09,7.09,7.08,7.09,104500,740824.0
2025-06-09 13:35:00,2025-06-09,20250609133500000,000070,5,7.09,7.09,7.06,7.08,546500,3866064.0
2025-06-09 13:40:00,2025-06-09,20250609134000000,000070,5,7.08,7.1,7.08,7.1,107000,758856.0
2025-06-09 13:45:00,2025-06-09,20250609134500000,000070,5,7.09,7.1,7.09,7.1,47300,335496.0
2025-06-09 13:50:00,2025-06-09,20250609135000000,000070,5,7.09,7.1,7.08,7.09,174100,1234536.0
2025-06-09 13:55:00,2025-06-09,20250609135500000,000070,5,7.09,7.1,7.08,7.1,63400,449304.0
2025-06-09 14:00:00,2025-06-09,20250609140000000,000070,5,7.1,7.1,7.08,7.09,72100,511240.0
2025-06-09 14:05:00,2025-06-09,20250609140500000,000070,5,7.09,7.1,7.08,7.1,171700,1217456.0
2025-06-09 14:10:00,2025-06-09,20250609141000000,000070,5,7.1,7.11,7.1,7.11,97300,690920.0
2025-06-09 14:15:00,2025-06-09,20250609141500000,000070,5,7.1,7.11,7.09,7.09,94100,668144.0
2025-06-09 14:20:00,2025-06-09,20250609142000000,000070,5,7.1,7.11,7.09,7.11,74100,526040.0
2025-06-09 14:25:00,2025-06-09,20250609142500000,000070,5,7.09,7.11,7.09,7.09,94100,668488.0
2025-06-09 14:30:00,2025-06-09,20250609143000000,000070,5,7.09,7.1,7.09,7.09,153900,1091320.0
2025-06-09 14:35:00,2025-06-09,20250609143500000,000070,5,7.09,7.09,7.08,7.09,177300,1256192.0
2025-06-09 14:40:00,2025-06-09,20250609144000000,000070,5,7.08,7.09,7.07,7.08,192200,1360856.0
2025-06-09 14:45:00,2025-06-09,20250609144500000,000070,5,7.07,7.08,7.05,7.06,555800,3928272.0
2025-06-09 14:50:00,2025-06-09,20250609145000000,000070,5,7.05,7.06,7.05,7.05,443400,3128640.0
2025-06-09 14:55:00,2025-06-09,20250609145500000,000070,5,7.05,7.06,7.03,7.03,1004400,7069424.0
2025-06-09 15:00:00,2025-06-09,20250609150000000,000070,5,7.03,7.05,7.03,7.04,468800,3299312.0
2025-06-10 09:35:00,2025-06-10,20250610093500000,000070,5,7.03,7.08,7.03,7.08,715600,5047344.0
2025-06-10 09:40:00,2025-06-10,20250610094000000,000070,5,7.08,7.13,7.08,7.12,611100,4338183.0
2025-06-10 09:45:00,2025-06-10,20250610094500000,000070,5,7.12,7.12,7.08,7.08,406200,2882495.0
2025-06-10 09:50:00,2025-06-10,20250610095000000,000070,5,7.08,7.08,7.06,7.07,344900,2439082.0
2025-06-10 09:55:00,2025-06-10,20250610095500000,000070,5,7.06,7.09,7.06,7.09,198100,1401375.0
2025-06-10 10:00:00,2025-06-10,20250610100000000,000070,5,7.09,7.11,7.08,7.08,247700,1759007.0
2025-06-10 10:05:00,2025-06-10,20250610100500000,000070,5,7.1,7.17,7.1,7.16,972700,6940824.0
2025-06-10 10:10:00,2025-06-10,20250610101000000,000070,5,7.15,7.15,7.13,7.14,638000,4558174.0
2025-06-10 10:15:00,2025-06-10,20250610101500000,000070,5,7.13,7.14,7.12,7.12,238100,1697544.0
2025-06-10 10:20:00,2025-06-10,20250610102000000,000070,5,7.12,7.12,7.11,7.11,112300,799228.0
2025-06-10 10:25:00,2025-06-10,20250610102500000,000070,5,7.11,7.12,7.11,7.11,103100,733120.0
2025-06-10 10:30:00,2025-06-10,20250610103000000,000070,5,7.11,7.12,7.08,7.09,326000,2314248.0
2025-06-10 10:35:00,2025-06-10,20250610103500000,000070,5,7.1,7.1,7.09,7.09,71300,506060.0
2025-06-10 10:40:00,2025-06-10,20250610104000000,000070,5,7.09,7.11,7.09,7.1,93500,663996.0
2025-06-10 10:45:00,2025-06-10,20250610104500000,000070,5,7.09,7.11,7.09,7.11,161200,1143504.0
2025-06-10 10:50:00,2025-06-10,20250610105000000,000070,5,7.1,7.11,7.09,7.1,87800,623120.0
2025-06-10 10:55:00,2025-06-10,20250610105500000,000070,5,7.1,7.11,7.09,7.1,53600,380428.0
2025-06-10 11:00:00,2025-06-10,20250610110000000,000070,5,7.11,7.11,7.1,7.1,23200,164724.0
2025-06-10 11:05:00,2025-06-10,20250610110500000,000070,5,7.1,7.1,7.09,7.09,43700,310248.0
2025-06-10 11:10:00,2025-06-10,20250610111000000,000070,5,7.1,7.12,7.1,7.11,100400,713872.0
2025-06-10 11:15:00,2025-06-10,20250610111500000,000070,5,7.11,7.12,7.11,7.12,34100,242528.0
2025-06-10 11:20:00,2025-06-10,20250610112000000,000070,5,7.12,7.12,7.1,7.11,60300,429004.0
2025-06-10 11:25:00,2025-06-10,20250610112500000,000070,5,7.1,7.1,7.1,7.1,67700,480668.0
2025-06-10 11:30:00,2025-06-10,20250610113000000,000070,5,7.1,7.11,7.09,7.09,100000,709292.0
2025-06-10 13:05:00,2025-06-10,20250610130500000,000070,5,7.09,7.09,7.08,7.09,166400,1179744.0
2025-06-10 13:10:00,2025-06-10,20250610131000000,000070,5,7.09,7.1,7.09,7.1,45700,324096.0
2025-06-10 13:15:00,2025-06-10,20250610131500000,000070,5,7.09,7.09,7.07,7.07,362600,2566404.0
2025-06-10 13:20:00,2025-06-10,20250610132000000,000070,5,7.07,7.07,7.0,7.0,1212100,8527780.0
2025-06-10 13:25:00,2025-06-10,20250610132500000,000070,5,7.0,7.02,6.98,7.0,931100,6516992.0
2025-06-10 13:30:00,2025-06-10,20250610133000000,000070,5,7.01,7.02,6.93,6.95,880500,6136120.0
2025-06-10 13:35:00,2025-06-10,20250610133500000,000070,5,6.96,6.99,6.94,6.98,697000,4856076.0
2025-06-10 13:40:00,2025-06-10,20250610134000000,000070,5,6.98,7.0,6.97,7.0,443200,3092128.0
2025-06-10 13:45:00,2025-06-10,20250610134500000,000070,5,7.0,7.01,6.99,7.01,308900,2163536.0
2025-06-10 13:50:00,2025-06-10,20250610135000000,000070,5,7.0,7.02,7.0,7.01,509800,3575024.0
2025-06-10 13:55:00,2025-06-10,20250610135500000,000070,5,7.01,7.03,7.0,7.03,334200,2346416.0
2025-06-10 14:00:00,2025-06-10,20250610140000000,000070,5,7.02,7.03,7.0,7.01,385400,2702832.0
2025-06-10 14:05:00,2025-06-10,20250610140500000,000070,5,7.02,7.02,7.0,7.0,156900,1098648.0
2025-06-10 14:10:00,2025-06-10,20250610141000000,000070,5,7.0,7.02,7.0,7.01,160400,1124104.0
2025-06-10 14:15:00,2025-06-10,20250610141500000,000070,5,7.02,7.03,7.01,7.02,82300,577504.0
2025-06-10 14:20:00,2025-06-10,20250610142000000,000070,5,7.03,7.03,7.01,7.02,53100,372840.0
2025-06-10 14:25:00,2025-06-10,20250610142500000,000070,5,7.01,7.05,7.01,7.04,289200,2034312.0
2025-06-10 14:30:00,2025-06-10,20250610143000000,000070,5,7.04,7.04,7.03,7.04,321600,2261424.0
2025-06-10 14:35:00,2025-06-10,20250610143500000,000070,5,7.03,7.07,7.03,7.06,495800,3497160.0
2025-06-10 14:40:00,2025-06-10,20250610144000000,000070,5,7.06,7.07,7.05,7.05,110300,778752.0
2025-06-10 14:45:00,2025-06-10,20250610144500000,000070,5,7.05,7.06,7.04,7.05,111800,788264.0
2025-06-10 14:50:00,2025-06-10,20250610145000000,000070,5,7.05,7.06,7.04,7.06,191100,1347352.0
2025-06-10 14:55:00,2025-06-10,20250610145500000,000070,5,7.05,7.06,7.04,7.06,548800,3870824.0
2025-06-10 15:00:00,2025-06-10,20250610150000000,000070,5,7.06,7.06,7.05,7.05,284100,2003360.0
2025-06-11 09:35:00,2025-06-11,20250611093500000,000070,5,7.01,7.12,7.01,7.11,1118400,7894362.0
2025-06-11 09:40:00,2025-06-11,20250611094000000,000070,5,7.11,7.12,7.09,7.11,371800,2639622.0
2025-06-11 09:45:00,2025-06-11,20250611094500000,000070,5,7.11,7.15,7.1,7.11,660000,4702618.0
2025-06-11 09:50:00,2025-06-11,20250611095000000,000070,5,7.1,7.1,7.08,7.1,302300,2145450.0
2025-06-11 09:55:00,2025-06-11,20250611095500000,000070,5,7.1,7.11,7.09,7.09,365500,2594156.0
2025-06-11 10:00:00,2025-06-11,20250611100000000,000070,5,7.09,7.09,7.08,7.09,259300,1836108.0
2025-06-11 10:05:00,2025-06-11,20250611100500000,000070,5,7.09,7.09,7.08,7.08,262300,1857776.0
2025-06-11 10:10:00,2025-06-11,20250611101000000,000070,5,7.08,7.09,7.08,7.08,132100,936094.0
2025-06-11 10:15:00,2025-06-11,20250611101500000,000070,5,7.08,7.09,7.08,7.08,95800,678274.0
2025-06-11 10:20:00,2025-06-11,20250611102000000,000070,5,7.08,7.09,7.08,7.08,133500,945220.0
2025-06-11 10:25:00,2025-06-11,20250611102500000,000070,5,7.09,7.09,7.08,7.08,121500,860418.0
2025-06-11 10:30:00,2025-06-11,20250611103000000,000070,5,7.08,7.09,7.07,7.08,174500,1234762.0
2025-06-11 10:35:00,2025-06-11,20250611103500000,000070,5,7.08,7.08,7.05,7.05,603100,4259218.0
2025-06-11 10:40:00,2025-06-11,20250611104000000,000070,5,7.05,7.07,7.05,7.07,145400,1027002.0
2025-06-11 10:45:00,2025-06-11,20250611104500000,000070,5,7.07,7.08,7.07,7.08,42200,298456.0
2025-06-11 10:50:00,2025-06-11,20250611105000000,000070,5,7.08,7.1,7.07,7.1,279500,1979872.0
2025-06-11 10:55:00,2025-06-11,20250611105500000,000070,5,7.09,7.1,7.08,7.09,155900,1105504.0
2025-06-11 11:00:00,2025-06-11,20250611110000000,000070,5,7.09,7.1,7.09,7.09,33100,234680.0
2025-06-11 11:05:00,2025-06-11,20250611110500000,000070,5,7.09,7.1,7.09,7.09,77600,550464.0
2025-06-11 11:10:00,2025-06-11,20250611111000000,000070,5,7.09,7.09,7.07,7.09,124400,881272.0
2025-06-11 11:15:00,2025-06-11,20250611111500000,000070,5,7.09,7.09,7.07,7.08,159500,1129744.0
2025-06-11 11:20:00,2025-06-11,20250611112000000,000070,5,7.09,7.12,7.09,7.11,375700,2669212.0
2025-06-11 11:25:00,2025-06-11,20250611112500000,000070,5,7.11,7.11,7.1,7.1,109000,774060.0
2025-06-11 11:30:00,2025-06-11,20250611113000000,000070,5,7.11,7.11,7.1,7.11,90900,645500.0
2025-06-11 13:05:00,2025-06-11,20250611130500000,000070,5,7.1,7.13,7.1,7.12,280100,1994892.0
2025-06-11 13:10:00,2025-06-11,20250611131000000,000070,5,7.13,7.13,7.09,7.09,443200,3145680.0
2025-06-11 13:15:00,2025-06-11,20250611131500000,000070,5,7.08,7.1,7.08,7.09,105400,747640.0
2025-06-11 13:20:00,2025-06-11,20250611132000000,000070,5,7.09,7.1,7.09,7.09,43300,307400.0
2025-06-11 13:25:00,2025-06-11,20250611132500000,000070,5,7.1,7.1,7.09,7.1,49700,352868.0
2025-06-11 13:30:00,2025-06-11,20250611133000000,000070,5,7.1,7.11,7.09,7.11,79200,562376.0
2025-06-11 13:35:00,2025-06-11,20250611133500000,000070,5,7.11,7.11,7.1,7.11,87700,623220.0
2025-06-11 13:40:00,2025-06-11,20250611134000000,000070,5,7.11,7.11,7.1,7.1,90300,641188.0
2025-06-11 13:45:00,2025-06-11,20250611134500000,000070,5,7.1,7.1,7.09,7.1,99600,706680.0
2025-06-11 13:50:00,2025-06-11,20250611135000000,000070,5,7.09,7.1,7.09,7.1,76200,541008.0
2025-06-11 13:55:00,2025-06-11,20250611135500000,000070,5,7.09,7.13,7.09,7.12,435400,3093660.0
2025-06-11 14:00:00,2025-06-11,20250611140000000,000070,5,7.12,7.13,7.12,7.12,171800,1223280.0
2025-06-11 14:05:00,2025-06-11,20250611140500000,000070,5,7.12,7.12,7.11,7.11,41700,296732.0
2025-06-11 14:10:00,2025-06-11,20250611141000000,000070,5,7.12,7.12,7.11,7.11,88800,631652.0
2025-06-11 14:15:00,2025-06-11,20250611141500000,000070,5,7.11,7.12,7.1,7.12,82800,588556.0
2025-06-11 14:20:00,2025-06-11,20250611142000000,000070,5,7.11,7.14,7.11,7.14,439400,3129984.0
2025-06-11 14:25:00,2025-06-11,20250611142500000,000070,5,7.13,7.14,7.13,7.14,209800,1497864.0
2025-06-11 14:30:00,2025-06-11,20250611143000000,000070,5,7.13,7.18,7.13,7.17,1127900,8075564.0
2025-06-11 14:35:00,2025-06-11,20250611143500000,000070,5,7.18,7.18,7.15,7.16,277400,1987560.0
2025-06-11 14:40:00,2025-06-11,20250611144000000,000070,5,7.16,7.17,7.15,7.16,195100,1396672.0
2025-06-11 14:45:00,2025-06-11,20250611144500000,000070,5,7.16,7.16,7.13,7.13,269700,1926784.0
2025-06-11 14:50:00,2025-06-11,20250611145000000,000070,5,7.13,7.14,7.12,7.12,417600,2975504.0
2025-06-11 14:55:00,2025-06-11,20250611145500000,000070,5,7.13,7.14,7.11,7.14,209900,1494928.0
2025-06-11 15:00:00,2025-06-11,20250611150000000,000070,5,7.14,7.14,7.13,7.13,284200,2026392.0
2025-06-12 09:35:00,2025-06-12,20250612093500000,000070,5,7.12,7.16,7.11,7.16,595900,4249198.0
2025-06-12 09:40:00,2025-06-12,20250612094000000,000070,5,7.16,7.17,7.12,7.15,751800,5366312.0
2025-06-12 09:45:00,2025-06-12,20250612094500000,000070,5,7.15,7.16,7.14,7.15,212000,1516015.0
2025-06-12 09:50:00,2025-06-12,20250612095000000,000070,5,7.16,7.18,7.14,7.18,541000,3879393.0
2025-06-12 09:55:00,2025-06-12,20250612095500000,000070,5,7.18,7.21,7.18,7.2,867800,6247082.0
2025-06-12 10:00:00,2025-06-12,20250612100000000,000070,5,7.2,7.22,7.19,7.21,573000,4130082.0
2025-06-12 10:05:00,2025-06-12,20250612100500000,000070,5,7.22,7.25,7.21,7.25,1108500,8022390.0
2025-06-12 10:10:00,2025-06-12,20250612101000000,000070,5,7.24,7.25,7.21,7.22,472300,3417432.0
2025-06-12 10:15:00,2025-06-12,20250612101500000,000070,5,7.22,7.23,7.21,7.22,416700,3011608.0
2025-06-12 10:20:00,2025-06-12,20250612102000000,000070,5,7.21,7.22,7.2,7.21,235700,1698536.0
2025-06-12 10:25:00,2025-06-12,20250612102500000,000070,5,7.21,7.23,7.21,7.22,118500,855584.0
2025-06-12 10:30:00,2025-06-12,20250612103000000,000070,5,7.22,7.23,7.21,7.22,109700,791996.0
2025-06-12 10:35:00,2025-06-12,20250612103500000,000070,5,7.21,7.23,7.21,7.23,57700,416648.0
2025-06-12 10:40:00,2025-06-12,20250612104000000,000070,5,7.23,7.23,7.22,7.22,206300,1490808.0
2025-06-12 10:45:00,2025-06-12,20250612104500000,000070,5,7.22,7.23,7.22,7.23,32000,231168.0
2025-06-12 10:50:00,2025-06-12,20250612105000000,000070,5,7.23,7.25,7.22,7.25,306900,2220564.0
2025-06-12 10:55:00,2025-06-12,20250612105500000,000070,5,7.25,7.28,7.23,7.26,1078700,7831236.0
2025-06-12 11:00:00,2025-06-12,20250612110000000,000070,5,7.26,7.28,7.26,7.27,429600,3124652.0
2025-06-12 11:05:00,2025-06-12,20250612110500000,000070,5,7.27,7.29,7.25,7.29,346300,2516992.0
2025-06-12 11:10:00,2025-06-12,20250612111000000,000070,5,7.29,7.3,7.27,7.29,400900,2921504.0
2025-06-12 11:15:00,2025-06-12,20250612111500000,000070,5,7.29,7.31,7.26,7.27,718100,5234928.0
2025-06-12 11:20:00,2025-06-12,20250612112000000,000070,5,7.27,7.27,7.25,7.26,198600,1441376.0
2025-06-12 11:25:00,2025-06-12,20250612112500000,000070,5,7.26,7.26,7.23,7.23,239900,1737464.0
2025-06-12 11:30:00,2025-06-12,20250612113000000,000070,5,7.24,7.25,7.23,7.25,108400,784712.0
2025-06-12 13:05:00,2025-06-12,20250612130500000,000070,5,7.25,7.25,7.21,7.21,426300,3080648.0
2025-06-12 13:10:00,2025-06-12,20250612131000000,000070,5,7.22,7.23,7.21,7.22,204500,1475304.0
2025-06-12 13:15:00,2025-06-12,20250612131500000,000070,5,7.22,7.22,7.19,7.21,341300,2458096.0
2025-06-12 13:20:00,2025-06-12,20250612132000000,000070,5,7.21,7.22,7.2,7.22,138500,998944.0
2025-06-12 13:25:00,2025-06-12,20250612132500000,000070,5,7.2,7.21,7.19,7.21,180800,1301360.0
2025-06-12 13:30:00,2025-06-12,20250612133000000,000070,5,7.21,7.22,7.16,7.16,678200,4873592.0
2025-06-12 13:35:00,2025-06-12,20250612133500000,000070,5,7.16,7.18,7.16,7.17,291700,2090888.0
2025-06-12 13:40:00,2025-06-12,20250612134000000,000070,5,7.17,7.17,7.16,7.16,153100,1096952.0
2025-06-12 13:45:00,2025-06-12,20250612134500000,000070,5,7.17,7.18,7.15,7.18,268200,1921792.0
2025-06-12 13:50:00,2025-06-12,20250612135000000,000070,5,7.17,7.19,7.17,7.18,130400,935800.0
2025-06-12 13:55:00,2025-06-12,20250612135500000,000070,5,7.18,7.19,7.17,7.18,87400,627208.0
2025-06-12 14:00:00,2025-06-12,20250612140000000,000070,5,7.18,7.18,7.17,7.17,95600,685976.0
2025-06-12 14:05:00,2025-06-12,20250612140500000,000070,5,7.18,7.19,7.17,7.19,126000,904688.0
2025-06-12 14:10:00,2025-06-12,20250612141000000,000070,5,7.19,7.19,7.18,7.18,115000,826456.0
2025-06-12 14:15:00,2025-06-12,20250612141500000,000070,5,7.18,7.19,7.18,7.19,85800,616200.0
2025-06-12 14:20:00,2025-06-12,20250612142000000,000070,5,7.19,7.19,7.18,7.19,261700,1879696.0
2025-06-12 14:25:00,2025-06-12,20250612142500000,000070,5,7.19,7.2,7.18,7.19,144800,1041400.0
2025-06-12 14:30:00,2025-06-12,20250612143000000,000070,5,7.2,7.21,7.19,7.21,161300,1161288.0
2025-06-12 14:35:00,2025-06-12,20250612143500000,000070,5,7.21,7.21,7.19,7.19,199300,1435120.0
2025-06-12 14:40:00,2025-06-12,20250612144000000,000070,5,7.19,7.2,7.19,7.2,118800,854920.0
2025-06-12 14:45:00,2025-06-12,20250612144500000,000070,5,7.2,7.22,7.2,7.21,158200,1140296.0
2025-06-12 14:50:00,2025-06-12,20250612145000000,000070,5,7.19,7.21,7.19,7.2,280500,2019080.0
2025-06-12 14:55:00,2025-06-12,20250612145500000,000070,5,7.2,7.21,7.19,7.21,273000,1967104.0
2025-06-12 15:00:00,2025-06-12,20250612150000000,000070,5,7.21,7.22,7.2,7.2,647100,4661480.0
2025-06-13 09:35:00,2025-06-13,20250613093500000,000070,5,7.17,7.27,7.17,7.25,1365600,9864983.0
2025-06-13 09:40:00,2025-06-13,20250613094000000,000070,5,7.25,7.25,7.21,7.21,416600,3008280.0
2025-06-13 09:45:00,2025-06-13,20250613094500000,000070,5,7.22,7.23,7.2,7.2,679400,4898605.0
2025-06-13 09:50:00,2025-06-13,20250613095000000,000070,5,7.21,7.22,7.19,7.19,541900,3904484.0
2025-06-13 09:55:00,2025-06-13,20250613095500000,000070,5,7.19,7.22,7.16,7.21,695200,4995844.0
2025-06-13 10:00:00,2025-06-13,20250613100000000,000070,5,7.21,7.22,7.2,7.21,180900,1303980.0
2025-06-13 10:05:00,2025-06-13,20250613100500000,000070,5,7.2,7.26,7.19,7.24,980600,7083076.0
2025-06-13 10:10:00,2025-06-13,20250613101000000,000070,5,7.23,7.24,7.2,7.21,486200,3511008.0
2025-06-13 10:15:00,2025-06-13,20250613101500000,000070,5,7.22,7.26,7.21,7.26,731500,5298524.0
2025-06-13 10:20:00,2025-06-13,20250613102000000,000070,5,7.26,7.26,7.24,7.24,268800,1949964.0
2025-06-13 10:25:00,2025-06-13,20250613102500000,000070,5,7.24,7.26,7.22,7.22,282200,2043312.0
2025-06-13 10:30:00,2025-06-13,20250613103000000,000070,5,7.22,7.22,7.14,7.17,1705400,12229384.0
2025-06-13 10:35:00,2025-06-13,20250613103500000,000070,5,7.18,7.2,7.17,7.19,378000,2715712.0
2025-06-13 10:40:00,2025-06-13,20250613104000000,000070,5,7.18,7.19,7.17,7.18,181000,1298840.0
2025-06-13 10:45:00,2025-06-13,20250613104500000,000070,5,7.18,7.18,7.16,7.16,218300,1565260.0
2025-06-13 10:50:00,2025-06-13,20250613105000000,000070,5,7.17,7.17,7.14,7.15,352700,2523600.0
2025-06-13 10:55:00,2025-06-13,20250613105500000,000070,5,7.15,7.16,7.14,7.14,306600,2191056.0
2025-06-13 11:00:00,2025-06-13,20250613110000000,000070,5,7.15,7.15,7.09,7.09,952100,6778248.0
2025-06-13 11:05:00,2025-06-13,20250613110500000,000070,5,7.1,7.11,7.06,7.11,946600,6711008.0
2025-06-13 11:10:00,2025-06-13,20250613111000000,000070,5,7.1,7.11,7.1,7.11,335000,2379696.0
2025-06-13 11:15:00,2025-06-13,20250613111500000,000070,5,7.12,7.15,7.12,7.13,265300,1892992.0
2025-06-13 11:20:00,2025-06-13,20250613112000000,000070,5,7.13,7.14,7.13,7.13,148200,1057208.0
2025-06-13 11:25:00,2025-06-13,20250613112500000,000070,5,7.13,7.14,7.11,7.13,191200,1362752.0
2025-06-13 11:30:00,2025-06-13,20250613113000000,000070,5,7.12,7.13,7.12,7.12,55800,397632.0
2025-06-13 13:05:00,2025-06-13,20250613130500000,000070,5,7.12,7.13,7.1,7.12,379600,2698512.0
2025-06-13 13:10:00,2025-06-13,20250613131000000,000070,5,7.11,7.12,7.1,7.11,190900,1357960.0
2025-06-13 13:15:00,2025-06-13,20250613131500000,000070,5,7.12,7.12,7.11,7.12,94800,674376.0
2025-06-13 13:20:00,2025-06-13,20250613132000000,000070,5,7.12,7.13,7.11,7.12,129900,924424.0
2025-06-13 13:25:00,2025-06-13,20250613132500000,000070,5,7.12,7.12,7.1,7.11,126900,902256.0
2025-06-13 13:30:00,2025-06-13,20250613133000000,000070,5,7.1,7.11,7.1,7.1,152900,1086008.0
2025-06-13 13:35:00,2025-06-13,20250613133500000,000070,5,7.1,7.15,7.1,7.15,218200,1554544.0
2025-06-13 13:40:00,2025-06-13,20250613134000000,000070,5,7.15,7.15,7.11,7.12,164800,1174912.0
2025-06-13 13:45:00,2025-06-13,20250613134500000,000070,5,7.12,7.13,7.12,7.13,51400,366448.0
2025-06-13 13:50:00,2025-06-13,20250613135000000,000070,5,7.13,7.15,7.13,7.15,57200,408288.0
2025-06-13 13:55:00,2025-06-13,20250613135500000,000070,5,7.15,7.18,7.15,7.16,427500,3064064.0
2025-06-13 14:00:00,2025-06-13,20250613140000000,000070,5,7.17,7.17,7.14,7.15,160700,1149200.0
2025-06-13 14:05:00,2025-06-13,20250613140500000,000070,5,7.15,7.18,7.15,7.18,133300,955448.0
2025-06-13 14:10:00,2025-06-13,20250613141000000,000070,5,7.18,7.19,7.17,7.17,184000,1321192.0
2025-06-13 14:15:00,2025-06-13,20250613141500000,000070,5,7.17,7.18,7.17,7.17,120300,862680.0
2025-06-13 14:20:00,2025-06-13,20250613142000000,000070,5,7.18,7.19,7.17,7.17,110200,790944.0
2025-06-13 14:25:00,2025-06-13,20250613142500000,000070,5,7.17,7.17,7.16,7.16,74600,534880.0
2025-06-13 14:30:00,2025-06-13,20250613143000000,000070,5,7.17,7.17,7.16,7.17,120400,861552.0
2025-06-13 14:35:00,2025-06-13,20250613143500000,000070,5,7.16,7.16,7.13,7.14,253000,1807936.0
2025-06-13 14:40:00,2025-06-13,20250613144000000,000070,5,7.13,7.15,7.13,7.15,204300,1457968.0
2025-06-13 14:45:00,2025-06-13,20250613144500000,000070,5,7.14,7.16,7.14,7.15,91400,653768.0
2025-06-13 14:50:00,2025-06-13,20250613145000000,000070,5,7.16,7.16,7.15,7.16,206300,1475680.0
2025-06-13 14:55:00,2025-06-13,20250613145500000,000070,5,7.15,7.16,7.15,7.15,308000,2203016.0
2025-06-13 15:00:00,2025-06-13,20250613150000000,000070,5,7.15,7.16,7.14,7.16,406800,2911336.0
2025-06-16 09:35:00,2025-06-16,20250616093500000,000070,5,7.14,7.18,7.12,7.13,1106900,7912101.0
2025-06-16 09:40:00,2025-06-16,20250616094000000,000070,5,7.14,7.18,7.13,7.18,526500,3765789.0
2025-06-16 09:45:00,2025-06-16,20250616094500000,000070,5,7.18,7.2,7.17,7.2,491000,3527789.0
2025-06-16 09:50:00,2025-06-16,20250616095000000,000070,5,7.19,7.2,7.17,7.2,657700,4723293.0
2025-06-16 09:55:00,2025-06-16,20250616095500000,000070,5,7.2,7.21,7.18,7.19,393400,2830258.0
2025-06-16 10:00:00,2025-06-16,20250616100000000,000070,5,7.19,7.22,7.19,7.21,336100,2422046.0
2025-06-16 10:05:00,2025-06-16,20250616100500000,000070,5,7.22,7.25,7.21,7.24,691100,4995140.0
2025-06-16 10:10:00,2025-06-16,20250616101000000,000070,5,7.24,7.26,7.22,7.22,450600,3263732.0
2025-06-16 10:15:00,2025-06-16,20250616101500000,000070,5,7.22,7.23,7.21,7.21,279500,2016336.0
2025-06-16 10:20:00,2025-06-16,20250616102000000,000070,5,7.21,7.22,7.2,7.2,205700,1482332.0
2025-06-16 10:25:00,2025-06-16,20250616102500000,000070,5,7.2,7.21,7.2,7.2,252100,1816220.0
2025-06-16 10:30:00,2025-06-16,20250616103000000,000070,5,7.19,7.2,7.18,7.18,239200,1719476.0
2025-06-16 10:35:00,2025-06-16,20250616103500000,000070,5,7.2,7.2,7.18,7.19,113500,815992.0
2025-06-16 10:40:00,2025-06-16,20250616104000000,000070,5,7.19,7.2,7.19,7.2,131100,943644.0
2025-06-16 10:45:00,2025-06-16,20250616104500000,000070,5,7.2,7.2,7.17,7.18,345200,2479908.0
2025-06-16 10:50:00,2025-06-16,20250616105000000,000070,5,7.17,7.18,7.16,7.18,131300,941760.0
2025-06-16 10:55:00,2025-06-16,20250616105500000,000070,5,7.18,7.18,7.17,7.17,54600,391576.0
2025-06-16 11:00:00,2025-06-16,20250616110000000,000070,5,7.17,7.18,7.17,7.17,159500,1143656.0
2025-06-16 11:05:00,2025-06-16,20250616110500000,000070,5,7.17,7.19,7.17,7.19,84800,609020.0
2025-06-16 11:10:00,2025-06-16,20250616111000000,000070,5,7.19,7.2,7.19,7.2,61000,438636.0
2025-06-16 11:15:00,2025-06-16,20250616111500000,000070,5,7.2,7.21,7.19,7.21,162000,1166264.0
2025-06-16 11:20:00,2025-06-16,20250616112000000,000070,5,7.2,7.21,7.19,7.2,80000,576044.0
2025-06-16 11:25:00,2025-06-16,20250616112500000,000070,5,7.2,7.21,7.19,7.21,105600,760284.0
2025-06-16 11:30:00,2025-06-16,20250616113000000,000070,5,7.21,7.22,7.2,7.21,64400,464544.0
2025-06-16 13:05:00,2025-06-16,20250616130500000,000070,5,7.22,7.27,7.22,7.26,894900,6482128.0
2025-06-16 13:10:00,2025-06-16,20250616131000000,000070,5,7.25,7.25,7.23,7.23,197600,1431220.0
2025-06-16 13:15:00,2025-06-16,20250616131500000,000070,5,7.23,7.25,7.23,7.25,139300,1008564.0
2025-06-16 13:20:00,2025-06-16,20250616132000000,000070,5,7.25,7.25,7.23,7.24,159500,1154692.0
2025-06-16 13:25:00,2025-06-16,20250616132500000,000070,5,7.24,7.24,7.22,7.23,213100,1541228.0
2025-06-16 13:30:00,2025-06-16,20250616133000000,000070,5,7.23,7.23,7.21,7.22,72900,526268.0
2025-06-16 13:35:00,2025-06-16,20250616133500000,000070,5,7.22,7.24,7.22,7.23,53800,388752.0
2025-06-16 13:40:00,2025-06-16,20250616134000000,000070,5,7.22,7.23,7.21,7.22,90100,650004.0
2025-06-16 13:45:00,2025-06-16,20250616134500000,000070,5,7.22,7.22,7.21,7.22,80700,582440.0
2025-06-16 13:50:00,2025-06-16,20250616135000000,000070,5,7.22,7.22,7.19,7.22,298700,2152528.0
2025-06-16 13:55:00,2025-06-16,20250616135500000,000070,5,7.21,7.21,7.2,7.2,142800,1028656.0
2025-06-16 14:00:00,2025-06-16,20250616140000000,000070,5,7.2,7.2,7.2,7.2,73500,528976.0
2025-06-16 14:05:00,2025-06-16,20250616140500000,000070,5,7.2,7.2,7.19,7.2,182100,1310176.0
2025-06-16 14:10:00,2025-06-16,20250616141000000,000070,5,7.2,7.2,7.19,7.19,170000,1222536.0
2025-06-16 14:15:00,2025-06-16,20250616141500000,000070,5,7.19,7.2,7.19,7.19,52500,377528.0
2025-06-16 14:20:00,2025-06-16,20250616142000000,000070,5,7.19,7.2,7.18,7.19,104600,751776.0
2025-06-16 14:25:00,2025-06-16,20250616142500000,000070,5,7.19,7.2,7.18,7.2,53600,385576.0
2025-06-16 14:30:00,2025-06-16,20250616143000000,000070,5,7.19,7.2,7.19,7.19,129300,929712.0
2025-06-16 14:35:00,2025-06-16,20250616143500000,000070,5,7.19,7.2,7.18,7.19,113400,815488.0
2025-06-16 14:40:00,2025-06-16,20250616144000000,000070,5,7.19,7.2,7.19,7.2,154600,1111704.0
2025-06-16 14:45:00,2025-06-16,20250616144500000,000070,5,7.2,7.2,7.17,7.17,443900,3190272.0
2025-06-16 14:50:00,2025-06-16,20250616145000000,000070,5,7.17,7.19,7.17,7.19,149400,1072408.0
2025-06-16 14:55:00,2025-06-16,20250616145500000,000070,5,7.18,7.18,7.17,7.18,376400,2700368.0
2025-06-16 15:00:00,2025-06-16,20250616150000000,000070,5,7.18,7.18,7.17,7.17,594700,4265424.0
2025-06-17 09:35:00,2025-06-17,20250617093500000,000070,5,7.18,7.21,7.15,7.16,940400,6744432.0
2025-06-17 09:40:00,2025-06-17,20250617094000000,000070,5,7.16,7.17,7.12,7.17,766300,5473584.0
2025-06-17 09:45:00,2025-06-17,20250617094500000,000070,5,7.17,7.22,7.16,7.2,775400,5582400.0
2025-06-17 09:50:00,2025-06-17,20250617095000000,000070,5,7.19,7.2,7.18,7.19,411200,2956828.0
2025-06-17 09:55:00,2025-06-17,20250617095500000,000070,5,7.19,7.21,7.17,7.2,242300,1741100.0
2025-06-17 10:00:00,2025-06-17,20250617100000000,000070,5,7.2,7.28,7.2,7.26,1464000,10611234.0
2025-06-17 10:05:00,2025-06-17,20250617100500000,000070,5,7.26,7.26,7.24,7.25,368800,2674654.0
2025-06-17 10:10:00,2025-06-17,20250617101000000,000070,5,7.25,7.3,7.24,7.28,1287400,9362164.0
2025-06-17 10:15:00,2025-06-17,20250617101500000,000070,5,7.28,7.32,7.27,7.27,1071300,7814612.0
2025-06-17 10:20:00,2025-06-17,20250617102000000,000070,5,7.26,7.28,7.25,7.27,334500,2429568.0
2025-06-17 10:25:00,2025-06-17,20250617102500000,000070,5,7.27,7.27,7.25,7.26,174700,1268240.0
2025-06-17 10:30:00,2025-06-17,20250617103000000,000070,5,7.26,7.27,7.25,7.26,318400,2311704.0
2025-06-17 10:35:00,2025-06-17,20250617103500000,000070,5,7.26,7.26,7.25,7.25,376000,2726596.0
2025-06-17 10:40:00,2025-06-17,20250617104000000,000070,5,7.24,7.25,7.22,7.24,367600,2659660.0
2025-06-17 10:45:00,2025-06-17,20250617104500000,000070,5,7.25,7.26,7.25,7.26,99100,718556.0
2025-06-17 10:50:00,2025-06-17,20250617105000000,000070,5,7.25,7.26,7.25,7.26,72300,524368.0
2025-06-17 10:55:00,2025-06-17,20250617105500000,000070,5,7.26,7.26,7.25,7.25,208500,1512748.0
2025-06-17 11:00:00,2025-06-17,20250617110000000,000070,5,7.26,7.26,7.24,7.25,268000,1942976.0
2025-06-17 11:05:00,2025-06-17,20250617110500000,000070,5,7.25,7.26,7.23,7.25,290100,2100552.0
2025-06-17 11:10:00,2025-06-17,20250617111000000,000070,5,7.25,7.28,7.24,7.27,286300,2080088.0
2025-06-17 11:15:00,2025-06-17,20250617111500000,000070,5,7.27,7.3,7.27,7.29,398400,2901808.0
2025-06-17 11:20:00,2025-06-17,20250617112000000,000070,5,7.29,7.3,7.28,7.29,402800,2937288.0
2025-06-17 11:25:00,2025-06-17,20250617112500000,000070,5,7.29,7.29,7.28,7.29,208500,1519888.0
2025-06-17 11:30:00,2025-06-17,20250617113000000,000070,5,7.3,7.33,7.29,7.32,1808600,13229232.0
2025-06-17 13:05:00,2025-06-17,20250617130500000,000070,5,7.33,7.33,7.3,7.33,514500,3766880.0
2025-06-17 13:10:00,2025-06-17,20250617131000000,000070,5,7.33,7.35,7.32,7.34,416200,3053968.0
2025-06-17 13:15:00,2025-06-17,20250617131500000,000070,5,7.34,7.35,7.33,7.34,173500,1273464.0
2025-06-17 13:20:00,2025-06-17,20250617132000000,000070,5,7.34,7.34,7.31,7.31,411500,3014584.0
2025-06-17 13:25:00,2025-06-17,20250617132500000,000070,5,7.31,7.33,7.31,7.32,230300,1685760.0
2025-06-17 13:30:00,2025-06-17,20250617133000000,000070,5,7.32,7.32,7.3,7.32,263700,1926992.0
2025-06-17 13:35:00,2025-06-17,20250617133500000,000070,5,7.32,7.34,7.31,7.33,286600,2099432.0
2025-06-17 13:40:00,2025-06-17,20250617134000000,000070,5,7.33,7.33,7.31,7.32,180400,1321208.0
2025-06-17 13:45:00,2025-06-17,20250617134500000,000070,5,7.31,7.33,7.31,7.33,142800,1046296.0
2025-06-17 13:50:00,2025-06-17,20250617135000000,000070,5,7.33,7.33,7.32,7.33,82100,601600.0
2025-06-17 13:55:00,2025-06-17,20250617135500000,000070,5,7.33,7.33,7.32,7.33,64900,475584.0
2025-06-17 14:00:00,2025-06-17,20250617140000000,000070,5,7.33,7.33,7.29,7.29,404700,2958992.0
2025-06-17 14:05:00,2025-06-17,20250617140500000,000070,5,7.3,7.32,7.3,7.32,189800,1386528.0
2025-06-17 14:10:00,2025-06-17,20250617141000000,000070,5,7.32,7.32,7.31,7.31,107600,786752.0
2025-06-17 14:15:00,2025-06-17,20250617141500000,000070,5,7.32,7.32,7.31,7.32,21300,155816.0
2025-06-17 14:20:00,2025-06-17,20250617142000000,000070,5,7.32,7.33,7.31,7.33,149100,1091344.0
2025-06-17 14:25:00,2025-06-17,20250617142500000,000070,5,7.32,7.36,7.32,7.35,801400,5884416.0
2025-06-17 14:30:00,2025-06-17,20250617143000000,000070,5,7.36,7.43,7.36,7.39,1699100,12557496.0
2025-06-17 14:35:00,2025-06-17,20250617143500000,000070,5,7.4,7.41,7.39,7.4,654100,4837872.0
2025-06-17 14:40:00,2025-06-17,20250617144000000,000070,5,7.4,7.46,7.4,7.44,1020000,7585248.0
2025-06-17 14:45:00,2025-06-17,20250617144500000,000070,5,7.44,7.45,7.43,7.43,467600,3478208.0
2025-06-17 14:50:00,2025-06-17,20250617145000000,000070,5,7.44,7.44,7.37,7.38,764500,5652272.0
2025-06-17 14:55:00,2025-06-17,20250617145500000,000070,5,7.38,7.39,7.37,7.39,386100,2849952.0
2025-06-17 15:00:00,2025-06-17,20250617150000000,000070,5,7.39,7.4,7.38,7.4,451300,3338736.0
2025-06-18 09:35:00,2025-06-18,20250618093500000,000070,5,7.4,7.4,7.31,7.37,2135700,15700180.0
2025-06-18 09:40:00,2025-06-18,20250618094000000,000070,5,7.36,7.37,7.32,7.33,1050900,7713908.0
2025-06-18 09:45:00,2025-06-18,20250618094500000,000070,5,7.34,7.34,7.29,7.34,1798100,13164228.0
2025-06-18 09:50:00,2025-06-18,20250618095000000,000070,5,7.33,7.34,7.31,7.31,475600,3483776.0
2025-06-18 09:55:00,2025-06-18,20250618095500000,000070,5,7.32,7.32,7.3,7.3,603600,4410172.0
2025-06-18 10:00:00,2025-06-18,20250618100000000,000070,5,7.3,7.3,7.27,7.29,1035800,7547816.0
2025-06-18 10:05:00,2025-06-18,20250618100500000,000070,5,7.3,7.3,7.26,7.28,746300,5429304.0
2025-06-18 10:10:00,2025-06-18,20250618101000000,000070,5,7.28,7.28,7.23,7.25,940300,6820168.0
2025-06-18 10:15:00,2025-06-18,20250618101500000,000070,5,7.26,7.28,7.25,7.28,323200,2349592.0
2025-06-18 10:20:00,2025-06-18,20250618102000000,000070,5,7.28,7.28,7.24,7.25,480400,3488112.0
2025-06-18 10:25:00,2025-06-18,20250618102500000,000070,5,7.25,7.27,7.24,7.27,201200,1459744.0
2025-06-18 10:30:00,2025-06-18,20250618103000000,000070,5,7.27,7.28,7.24,7.24,729200,5292416.0
2025-06-18 10:35:00,2025-06-18,20250618103500000,000070,5,7.24,7.25,7.23,7.23,509700,3688912.0
2025-06-18 10:40:00,2025-06-18,20250618104000000,000070,5,7.24,7.26,7.23,7.24,437900,3171144.0
2025-06-18 10:45:00,2025-06-18,20250618104500000,000070,5,7.24,7.26,7.23,7.26,518600,3756696.0
2025-06-18 10:50:00,2025-06-18,20250618105000000,000070,5,7.26,7.28,7.26,7.27,165200,1201336.0
2025-06-18 10:55:00,2025-06-18,20250618105500000,000070,5,7.27,7.27,7.25,7.26,144800,1050800.0
2025-06-18 11:00:00,2025-06-18,20250618110000000,000070,5,7.26,7.27,7.25,7.25,267400,1941384.0
2025-06-18 11:05:00,2025-06-18,20250618110500000,000070,5,7.26,7.27,7.24,7.25,192200,1393392.0
2025-06-18 11:10:00,2025-06-18,20250618111000000,000070,5,7.26,7.27,7.25,7.26,100700,730664.0
2025-06-18 11:15:00,2025-06-18,20250618111500000,000070,5,7.26,7.28,7.26,7.27,249200,1811840.0
2025-06-18 11:20:00,2025-06-18,20250618112000000,000070,5,7.28,7.28,7.27,7.27,37300,271264.0
2025-06-18 11:25:00,2025-06-18,20250618112500000,000070,5,7.27,7.27,7.26,7.26,217400,1579296.0
2025-06-18 11:30:00,2025-06-18,20250618113000000,000070,5,7.27,7.27,7.26,7.26,63600,461976.0
2025-06-18 13:05:00,2025-06-18,20250618130500000,000070,5,7.27,7.28,7.26,7.27,319000,2318976.0
2025-06-18 13:10:00,2025-06-18,20250618131000000,000070,5,7.28,7.3,7.28,7.3,269400,1963704.0
2025-06-18 13:15:00,2025-06-18,20250618131500000,000070,5,7.3,7.32,7.29,7.3,359900,2629680.0
2025-06-18 13:20:00,2025-06-18,20250618132000000,000070,5,7.3,7.32,7.3,7.31,191800,1402904.0
2025-06-18 13:25:00,2025-06-18,20250618132500000,000070,5,7.3,7.31,7.29,7.31,197400,1440856.0
2025-06-18 13:30:00,2025-06-18,20250618133000000,000070,5,7.29,7.33,7.29,7.32,130400,953808.0
2025-06-18 13:35:00,2025-06-18,20250618133500000,000070,5,7.32,7.33,7.31,7.32,107000,782936.0
2025-06-18 13:40:00,2025-06-18,20250618134000000,000070,5,7.31,7.32,7.31,7.31,85300,624192.0
2025-06-18 13:45:00,2025-06-18,20250618134500000,000070,5,7.32,7.32,7.3,7.31,118200,863560.0
2025-06-18 13:50:00,2025-06-18,20250618135000000,000070,5,7.31,7.31,7.29,7.29,224100,1635736.0
2025-06-18 13:55:00,2025-06-18,20250618135500000,000070,5,7.3,7.3,7.28,7.29,170900,1245536.0
2025-06-18 14:00:00,2025-06-18,20250618140000000,000070,5,7.29,7.29,7.28,7.29,109100,795208.0
2025-06-18 14:05:00,2025-06-18,20250618140500000,000070,5,7.29,7.29,7.26,7.27,249600,1815136.0
2025-06-18 14:10:00,2025-06-18,20250618141000000,000070,5,7.28,7.29,7.27,7.27,67000,488000.0
2025-06-18 14:15:00,2025-06-18,20250618141500000,000070,5,7.27,7.28,7.26,7.26,96100,698736.0
2025-06-18 14:20:00,2025-06-18,20250618142000000,000070,5,7.27,7.28,7.25,7.25,413900,3004816.0
2025-06-18 14:25:00,2025-06-18,20250618142500000,000070,5,7.25,7.27,7.25,7.27,120000,871024.0
2025-06-18 14:30:00,2025-06-18,20250618143000000,000070,5,7.27,7.28,7.26,7.26,129200,938664.0
2025-06-18 14:35:00,2025-06-18,20250618143500000,000070,5,7.26,7.26,7.25,7.25,79200,574520.0
2025-06-18 14:40:00,2025-06-18,20250618144000000,000070,5,7.26,7.27,7.25,7.25,124200,901312.0
2025-06-18 14:45:00,2025-06-18,20250618144500000,000070,5,7.26,7.27,7.25,7.27,202400,1469728.0
2025-06-18 14:50:00,2025-06-18,20250618145000000,000070,5,7.27,7.28,7.26,7.26,225500,1639168.0
2025-06-18 14:55:00,2025-06-18,20250618145500000,000070,5,7.26,7.27,7.26,7.26,415000,3015720.0
2025-06-18 15:00:00,2025-06-18,20250618150000000,000070,5,7.26,7.29,7.25,7.28,712400,5180888.0
2025-06-19 09:35:00,2025-06-19,20250619093500000,000070,5,7.26,7.3,7.24,7.29,678800,4928937.0
2025-06-19 09:40:00,2025-06-19,20250619094000000,000070,5,7.29,7.3,7.28,7.28,344000,2506502.0
2025-06-19 09:45:00,2025-06-19,20250619094500000,000070,5,7.28,7.28,7.26,7.27,368900,2682908.0
2025-06-19 09:50:00,2025-06-19,20250619095000000,000070,5,7.27,7.27,7.21,7.22,579500,4195386.0
2025-06-19 09:55:00,2025-06-19,20250619095500000,000070,5,7.23,7.26,7.22,7.25,387400,2803859.0
2025-06-19 10:00:00,2025-06-19,20250619100000000,000070,5,7.25,7.25,7.19,7.19,771400,5563124.0
2025-06-19 10:05:00,2025-06-19,20250619100500000,000070,5,7.19,7.2,7.17,7.19,889900,6391192.0
2025-06-19 10:10:00,2025-06-19,20250619101000000,000070,5,7.2,7.21,7.18,7.18,258100,1856666.0
2025-06-19 10:15:00,2025-06-19,20250619101500000,000070,5,7.18,7.2,7.18,7.19,294400,2118014.0
2025-06-19 10:20:00,2025-06-19,20250619102000000,000070,5,7.18,7.19,7.17,7.17,544000,3904516.0
2025-06-19 10:25:00,2025-06-19,20250619102500000,000070,5,7.18,7.18,7.17,7.17,225000,1613700.0
2025-06-19 10:30:00,2025-06-19,20250619103000000,000070,5,7.17,7.18,7.16,7.16,357400,2562732.0
2025-06-19 10:35:00,2025-06-19,20250619103500000,000070,5,7.17,7.17,7.14,7.15,775100,5543544.0
2025-06-19 10:40:00,2025-06-19,20250619104000000,000070,5,7.15,7.15,7.1,7.1,1501500,10685840.0
2025-06-19 10:45:00,2025-06-19,20250619104500000,000070,5,7.1,7.15,7.1,7.15,647000,4611104.0
2025-06-19 10:50:00,2025-06-19,20250619105000000,000070,5,7.15,7.16,7.14,7.15,967300,6907928.0
2025-06-19 10:55:00,2025-06-19,20250619105500000,000070,5,7.15,7.16,7.14,7.15,159400,1139272.0
2025-06-19 11:00:00,2025-06-19,20250619110000000,000070,5,7.15,7.15,7.12,7.12,228600,1631304.0
2025-06-19 11:05:00,2025-06-19,20250619110500000,000070,5,7.12,7.13,7.11,7.12,244300,1737744.0
2025-06-19 11:10:00,2025-06-19,20250619111000000,000070,5,7.12,7.12,7.1,7.12,302200,2149032.0
2025-06-19 11:15:00,2025-06-19,20250619111500000,000070,5,7.12,7.13,7.1,7.12,486700,3463544.0
2025-06-19 11:20:00,2025-06-19,20250619112000000,000070,5,7.12,7.12,7.1,7.1,249600,1772968.0
2025-06-19 11:25:00,2025-06-19,20250619112500000,000070,5,7.1,7.11,7.07,7.08,461000,3268688.0
2025-06-19 11:30:00,2025-06-19,20250619113000000,000070,5,7.08,7.08,7.05,7.06,494100,3491864.0
2025-06-19 13:05:00,2025-06-19,20250619130500000,000070,5,7.06,7.06,6.98,7.02,1727000,12114872.0
2025-06-19 13:10:00,2025-06-19,20250619131000000,000070,5,7.02,7.04,7.0,7.02,536900,3768440.0
2025-06-19 13:15:00,2025-06-19,20250619131500000,000070,5,7.03,7.05,7.02,7.05,408000,2871480.0
2025-06-19 13:20:00,2025-06-19,20250619132000000,000070,5,7.04,7.09,7.04,7.08,1054100,7441296.0
2025-06-19 13:25:00,2025-06-19,20250619132500000,000070,5,7.07,7.08,7.06,7.08,212100,1499784.0
2025-06-19 13:30:00,2025-06-19,20250619133000000,000070,5,7.08,7.1,7.07,7.09,183600,1301192.0
2025-06-19 13:35:00,2025-06-19,20250619133500000,000070,5,7.09,7.1,7.08,7.08,219400,1554832.0
2025-06-19 13:40:00,2025-06-19,20250619134000000,000070,5,7.08,7.08,7.06,7.06,310100,2192536.0
2025-06-19 13:45:00,2025-06-19,20250619134500000,000070,5,7.07,7.07,7.05,7.06,166200,1173424.0
2025-06-19 13:50:00,2025-06-19,20250619135000000,000070,5,7.06,7.06,7.03,7.04,537400,3783456.0
2025-06-19 13:55:00,2025-06-19,20250619135500000,000070,5,7.04,7.06,7.03,7.05,243600,1716552.0
2025-06-19 14:00:00,2025-06-19,20250619140000000,000070,5,7.05,7.06,7.03,7.03,110500,778616.0
2025-06-19 14:05:00,2025-06-19,20250619140500000,000070,5,7.04,7.04,7.01,7.02,428600,3009256.0
2025-06-19 14:10:00,2025-06-19,20250619141000000,000070,5,7.02,7.02,7.0,7.01,337700,2367176.0
2025-06-19 14:15:00,2025-06-19,20250619141500000,000070,5,7.01,7.03,7.01,7.03,343700,2412400.0
2025-06-19 14:20:00,2025-06-19,20250619142000000,000070,5,7.03,7.03,7.0,7.0,802400,5622176.0
2025-06-19 14:25:00,2025-06-19,20250619142500000,000070,5,7.01,7.02,7.0,7.02,178600,1251328.0
2025-06-19 14:30:00,2025-06-19,20250619143000000,000070,5,7.01,7.02,7.01,7.02,181800,1275920.0
2025-06-19 14:35:00,2025-06-19,20250619143500000,000070,5,7.02,7.02,7.0,7.0,185300,1298864.0
2025-06-19 14:40:00,2025-06-19,20250619144000000,000070,5,7.0,7.01,6.99,6.99,409200,2863168.0
2025-06-19 14:45:00,2025-06-19,20250619144500000,000070,5,6.99,7.0,6.98,7.0,406200,2837808.0
2025-06-19 14:50:00,2025-06-19,20250619145000000,000070,5,7.0,7.02,7.0,7.01,372700,2610992.0
2025-06-19 14:55:00,2025-06-19,20250619145500000,000070,5,7.01,7.04,7.01,7.04,411100,2885984.0
2025-06-19 15:00:00,2025-06-19,20250619150000000,000070,5,7.03,7.05,7.03,7.04,629000,4428768.0
2025-06-20 09:35:00,2025-06-20,20250620093500000,000070,5,7.06,7.15,7.05,7.15,1564500,11096557.0
2025-06-20 09:40:00,2025-06-20,20250620094000000,000070,5,7.15,7.19,7.13,7.14,1138300,8153665.0
2025-06-20 09:45:00,2025-06-20,20250620094500000,000070,5,7.14,7.16,7.11,7.11,458700,3273034.0
2025-06-20 09:50:00,2025-06-20,20250620095000000,000070,5,7.11,7.11,7.09,7.11,321400,2280896.0
2025-06-20 09:55:00,2025-06-20,20250620095500000,000070,5,7.1,7.11,7.06,7.07,740500,5246264.0
2025-06-20 10:00:00,2025-06-20,20250620100000000,000070,5,7.07,7.1,7.07,7.09,254400,1801484.0
2025-06-20 10:05:00,2025-06-20,20250620100500000,000070,5,7.1,7.1,7.08,7.08,229300,1625848.0
2025-06-20 10:10:00,2025-06-20,20250620101000000,000070,5,7.08,7.1,7.08,7.1,238200,1689016.0
2025-06-20 10:15:00,2025-06-20,20250620101500000,000070,5,7.1,7.1,7.08,7.08,308600,2188056.0
2025-06-20 10:20:00,2025-06-20,20250620102000000,000070,5,7.08,7.08,7.06,7.06,386900,2734064.0
2025-06-20 10:25:00,2025-06-20,20250620102500000,000070,5,7.06,7.08,7.05,7.08,434300,3066908.0
2025-06-20 10:30:00,2025-06-20,20250620103000000,000070,5,7.08,7.09,7.07,7.09,180900,1281048.0
2025-06-20 10:35:00,2025-06-20,20250620103500000,000070,5,7.09,7.14,7.09,7.13,313800,2231572.0
2025-06-20 10:40:00,2025-06-20,20250620104000000,000070,5,7.13,7.13,7.1,7.11,89000,633168.0
2025-06-20 10:45:00,2025-06-20,20250620104500000,000070,5,7.1,7.11,7.08,7.1,224600,1594508.0
2025-06-20 10:50:00,2025-06-20,20250620105000000,000070,5,7.09,7.1,7.08,7.08,115300,816760.0
2025-06-20 10:55:00,2025-06-20,20250620105500000,000070,5,7.07,7.1,7.07,7.1,129600,917004.0
2025-06-20 11:00:00,2025-06-20,20250620110000000,000070,5,7.09,7.1,7.08,7.1,146800,1041144.0
2025-06-20 11:05:00,2025-06-20,20250620110500000,000070,5,7.09,7.1,7.08,7.1,49700,352284.0
2025-06-20 11:10:00,2025-06-20,20250620111000000,000070,5,7.09,7.09,7.06,7.07,220000,1556200.0
2025-06-20 11:15:00,2025-06-20,20250620111500000,000070,5,7.08,7.09,7.07,7.08,62000,438892.0
2025-06-20 11:20:00,2025-06-20,20250620112000000,000070,5,7.09,7.09,7.08,7.08,39800,281904.0
2025-06-20 11:25:00,2025-06-20,20250620112500000,000070,5,7.08,7.1,7.08,7.09,121900,864544.0
2025-06-20 11:30:00,2025-06-20,20250620113000000,000070,5,7.09,7.1,7.08,7.1,233700,1657556.0
2025-06-20 13:05:00,2025-06-20,20250620130500000,000070,5,7.1,7.1,7.09,7.1,116200,824336.0
2025-06-20 13:10:00,2025-06-20,20250620131000000,000070,5,7.1,7.1,7.09,7.1,26200,185932.0
2025-06-20 13:15:00,2025-06-20,20250620131500000,000070,5,7.1,7.12,7.09,7.12,230600,1638060.0
2025-06-20 13:20:00,2025-06-20,20250620132000000,000070,5,7.12,7.12,7.11,7.12,50600,359840.0
2025-06-20 13:25:00,2025-06-20,20250620132500000,000070,5,7.12,7.12,7.09,7.09,393900,2796400.0
2025-06-20 13:30:00,2025-06-20,20250620133000000,000070,5,7.09,7.1,7.09,7.09,39300,278984.0
2025-06-20 13:35:00,2025-06-20,20250620133500000,000070,5,7.09,7.1,7.09,7.1,44300,314284.0
2025-06-20 13:40:00,2025-06-20,20250620134000000,000070,5,7.1,7.1,7.08,7.08,304100,2155608.0
2025-06-20 13:45:00,2025-06-20,20250620134500000,000070,5,7.09,7.09,7.08,7.09,248200,1758580.0
2025-06-20 13:50:00,2025-06-20,20250620135000000,000070,5,7.09,7.1,7.08,7.1,93700,664304.0
2025-06-20 13:55:00,2025-06-20,20250620135500000,000070,5,7.09,7.09,7.07,7.09,294700,2087096.0
2025-06-20 14:00:00,2025-06-20,20250620140000000,000070,5,7.09,7.09,7.08,7.09,84700,600432.0
2025-06-20 14:05:00,2025-06-20,20250620140500000,000070,5,7.08,7.09,7.07,7.07,238100,1684152.0
2025-06-20 14:10:00,2025-06-20,20250620141000000,000070,5,7.08,7.08,7.06,7.06,151200,1068248.0
2025-06-20 14:15:00,2025-06-20,20250620141500000,000070,5,7.06,7.07,7.06,7.07,59600,420784.0
2025-06-20 14:20:00,2025-06-20,20250620142000000,000070,5,7.06,7.08,7.06,7.07,78200,552904.0
2025-06-20 14:25:00,2025-06-20,20250620142500000,000070,5,7.07,7.08,7.07,7.07,44400,314136.0
2025-06-20 14:30:00,2025-06-20,20250620143000000,000070,5,7.07,7.08,7.07,7.08,72700,514112.0
2025-06-20 14:35:00,2025-06-20,20250620143500000,000070,5,7.08,7.08,7.07,7.08,74000,523664.0
2025-06-20 14:40:00,2025-06-20,20250620144000000,000070,5,7.07,7.08,7.07,7.07,66500,470416.0
2025-06-20 14:45:00,2025-06-20,20250620144500000,000070,5,7.07,7.08,7.07,7.08,207300,1466544.0
2025-06-20 14:50:00,2025-06-20,20250620145000000,000070,5,7.08,7.09,7.07,7.09,121500,860648.0
2025-06-20 14:55:00,2025-06-20,20250620145500000,000070,5,7.09,7.09,7.07,7.08,427200,3021448.0
2025-06-20 15:00:00,2025-06-20,20250620150000000,000070,5,7.07,7.09,7.07,7.09,481800,3414752.0
2025-06-23 09:35:00,2025-06-23,20250623093500000,000070,5,7.05,7.08,7.02,7.08,1247600,8782941.0
2025-06-23 09:40:00,2025-06-23,20250623094000000,000070,5,7.08,7.1,7.08,7.08,400600,2840043.0
2025-06-23 09:45:00,2025-06-23,20250623094500000,000070,5,7.08,7.14,7.08,7.12,587100,4173503.0
2025-06-23 09:50:00,2025-06-23,20250623095000000,000070,5,7.12,7.15,7.11,7.15,690600,4926455.0
2025-06-23 09:55:00,2025-06-23,20250623095500000,000070,5,7.15,7.15,7.14,7.15,369800,2643514.0
2025-06-23 10:00:00,2025-06-23,20250623100000000,000070,5,7.15,7.16,7.13,7.15,471900,3371386.0
2025-06-23 10:05:00,2025-06-23,20250623100500000,000070,5,7.16,7.17,7.14,7.14,330600,2367488.0
2025-06-23 10:10:00,2025-06-23,20250623101000000,000070,5,7.15,7.17,7.14,7.16,218700,1565516.0
2025-06-23 10:15:00,2025-06-23,20250623101500000,000070,5,7.17,7.17,7.14,7.14,283100,2028096.0
2025-06-23 10:20:00,2025-06-23,20250623102000000,000070,5,7.15,7.15,7.12,7.12,314200,2239838.0
2025-06-23 10:25:00,2025-06-23,20250623102500000,000070,5,7.12,7.13,7.1,7.13,260200,1850432.0
2025-06-23 10:30:00,2025-06-23,20250623103000000,000070,5,7.12,7.13,7.12,7.13,80700,574824.0
2025-06-23 10:35:00,2025-06-23,20250623103500000,000070,5,7.13,7.15,7.13,7.15,297200,2122468.0
2025-06-23 10:40:00,2025-06-23,20250623104000000,000070,5,7.14,7.16,7.14,7.15,122000,872332.0
2025-06-23 10:45:00,2025-06-23,20250623104500000,000070,5,7.15,7.16,7.15,7.16,174600,1249972.0
2025-06-23 10:50:00,2025-06-23,20250623105000000,000070,5,7.16,7.16,7.14,7.15,154400,1104328.0
2025-06-23 10:55:00,2025-06-23,20250623105500000,000070,5,7.15,7.16,7.14,7.15,70400,503528.0
2025-06-23 11:00:00,2025-06-23,20250623110000000,000070,5,7.15,7.2,7.15,7.19,966300,6932396.0
2025-06-23 11:05:00,2025-06-23,20250623110500000,000070,5,7.19,7.21,7.19,7.2,602900,4341024.0
2025-06-23 11:10:00,2025-06-23,20250623111000000,000070,5,7.2,7.2,7.19,7.19,222200,1598220.0
2025-06-23 11:15:00,2025-06-23,20250623111500000,000070,5,7.18,7.19,7.17,7.17,279900,2008372.0
2025-06-23 11:20:00,2025-06-23,20250623112000000,000070,5,7.17,7.19,7.17,7.19,117100,841260.0
2025-06-23 11:25:00,2025-06-23,20250623112500000,000070,5,7.19,7.19,7.18,7.19,21400,153704.0
2025-06-23 11:30:00,2025-06-23,20250623113000000,000070,5,7.18,7.19,7.18,7.19,30100,216464.0
2025-06-23 13:05:00,2025-06-23,20250623130500000,000070,5,7.19,7.19,7.17,7.18,213300,1531620.0
2025-06-23 13:10:00,2025-06-23,20250623131000000,000070,5,7.18,7.19,7.18,7.18,178300,1280324.0
2025-06-23 13:15:00,2025-06-23,20250623131500000,000070,5,7.17,7.18,7.17,7.18,59300,425312.0
2025-06-23 13:20:00,2025-06-23,20250623132000000,000070,5,7.17,7.18,7.17,7.18,138200,991680.0
2025-06-23 13:25:00,2025-06-23,20250623132500000,000070,5,7.18,7.19,7.18,7.18,110100,790944.0
2025-06-23 13:30:00,2025-06-23,20250623133000000,000070,5,7.18,7.19,7.18,7.18,121200,870320.0
2025-06-23 13:35:00,2025-06-23,20250623133500000,000070,5,7.19,7.2,7.18,7.2,226200,1627640.0
2025-06-23 13:40:00,2025-06-23,20250623134000000,000070,5,7.2,7.21,7.2,7.21,91800,661136.0
2025-06-23 13:45:00,2025-06-23,20250623134500000,000070,5,7.2,7.22,7.2,7.21,205000,1478752.0
2025-06-23 13:50:00,2025-06-23,20250623135000000,000070,5,7.22,7.25,7.22,7.24,467300,3379552.0
2025-06-23 13:55:00,2025-06-23,20250623135500000,000070,5,7.24,7.26,7.23,7.25,292600,2119560.0
2025-06-23 14:00:00,2025-06-23,20250623140000000,000070,5,7.26,7.27,7.25,7.25,284500,2064464.0
2025-06-23 14:05:00,2025-06-23,20250623140500000,000070,5,7.25,7.27,7.24,7.26,212800,1543936.0
2025-06-23 14:10:00,2025-06-23,20250623141000000,000070,5,7.27,7.27,7.25,7.26,89100,646832.0
2025-06-23 14:15:00,2025-06-23,20250623141500000,000070,5,7.26,7.27,7.26,7.27,85200,619080.0
2025-06-23 14:20:00,2025-06-23,20250623142000000,000070,5,7.27,7.27,7.26,7.27,172800,1255128.0
2025-06-23 14:25:00,2025-06-23,20250623142500000,000070,5,7.26,7.26,7.25,7.26,135300,982144.0
2025-06-23 14:30:00,2025-06-23,20250623143000000,000070,5,7.25,7.26,7.25,7.25,223000,1617192.0
2025-06-23 14:35:00,2025-06-23,20250623143500000,000070,5,7.25,7.26,7.25,7.25,114600,831248.0
2025-06-23 14:40:00,2025-06-23,20250623144000000,000070,5,7.25,7.26,7.25,7.26,63600,461224.0
2025-06-23 14:45:00,2025-06-23,20250623144500000,000070,5,7.25,7.26,7.25,7.25,125100,907344.0
2025-06-23 14:50:00,2025-06-23,20250623145000000,000070,5,7.26,7.26,7.25,7.26,87400,633880.0
2025-06-23 14:55:00,2025-06-23,20250623145500000,000070,5,7.26,7.26,7.25,7.26,228300,1657176.0
2025-06-23 15:00:00,2025-06-23,20250623150000000,000070,5,7.25,7.27,7.25,7.27,360200,2616568.0
2025-06-24 09:35:00,2025-06-24,20250624093500000,000070,5,7.29,7.32,7.27,7.3,683800,4988664.0
2025-06-24 09:40:00,2025-06-24,20250624094000000,000070,5,7.3,7.31,7.28,7.29,526100,3833930.0
2025-06-24 09:45:00,2025-06-24,20250624094500000,000070,5,7.29,7.31,7.29,7.3,674200,4919612.0
2025-06-24 09:50:00,2025-06-24,20250624095000000,000070,5,7.3,7.3,7.29,7.29,514400,3752230.0
2025-06-24 09:55:00,2025-06-24,20250624095500000,000070,5,7.29,7.3,7.28,7.29,289900,2112480.0
2025-06-24 10:00:00,2025-06-24,20250624100000000,000070,5,7.29,7.32,7.29,7.3,532100,3885372.0
2025-06-24 10:05:00,2025-06-24,20250624100500000,000070,5,7.31,7.32,7.3,7.32,416400,3045054.0
2025-06-24 10:10:00,2025-06-24,20250624101000000,000070,5,7.32,7.32,7.31,7.31,126200,923106.0
2025-06-24 10:15:00,2025-06-24,20250624101500000,000070,5,7.31,7.32,7.3,7.31,411700,3009012.0
2025-06-24 10:20:00,2025-06-24,20250624102000000,000070,5,7.32,7.33,7.3,7.31,470700,3442788.0
2025-06-24 10:25:00,2025-06-24,20250624102500000,000070,5,7.3,7.31,7.3,7.31,96500,704832.0
2025-06-24 10:30:00,2025-06-24,20250624103000000,000070,5,7.3,7.3,7.28,7.3,472900,3448700.0
2025-06-24 10:35:00,2025-06-24,20250624103500000,000070,5,7.3,7.3,7.29,7.3,157100,1146064.0
2025-06-24 10:40:00,2025-06-24,20250624104000000,000070,5,7.3,7.33,7.3,7.33,880500,6441232.0
2025-06-24 10:45:00,2025-06-24,20250624104500000,000070,5,7.33,7.33,7.31,7.32,158300,1158900.0
2025-06-24 10:50:00,2025-06-24,20250624105000000,000070,5,7.32,7.35,7.32,7.34,196900,1444872.0
2025-06-24 10:55:00,2025-06-24,20250624105500000,000070,5,7.34,7.35,7.34,7.34,138200,1014712.0
2025-06-24 11:00:00,2025-06-24,20250624110000000,000070,5,7.34,7.35,7.34,7.34,236500,1737228.0
2025-06-24 11:05:00,2025-06-24,20250624110500000,000070,5,7.34,7.34,7.33,7.34,140100,1027924.0
2025-06-24 11:10:00,2025-06-24,20250624111000000,000070,5,7.33,7.34,7.33,7.34,77700,569776.0
2025-06-24 11:15:00,2025-06-24,20250624111500000,000070,5,7.33,7.34,7.33,7.33,83100,609344.0
2025-06-24 11:20:00,2025-06-24,20250624112000000,000070,5,7.33,7.34,7.33,7.34,47200,346208.0
2025-06-24 11:25:00,2025-06-24,20250624112500000,000070,5,7.34,7.36,7.34,7.35,256600,1886500.0
2025-06-24 11:30:00,2025-06-24,20250624113000000,000070,5,7.35,7.36,7.34,7.34,82600,607132.0
2025-06-24 13:05:00,2025-06-24,20250624130500000,000070,5,7.34,7.38,7.34,7.37,534600,3938040.0
2025-06-24 13:10:00,2025-06-24,20250624131000000,000070,5,7.37,7.38,7.36,7.38,374800,2765076.0
2025-06-24 13:15:00,2025-06-24,20250624131500000,000070,5,7.38,7.4,7.38,7.39,312800,2312124.0
2025-06-24 13:20:00,2025-06-24,20250624132000000,000070,5,7.38,7.39,7.37,7.38,97000,715468.0
2025-06-24 13:25:00,2025-06-24,20250624132500000,000070,5,7.38,7.38,7.36,7.36,172200,1268476.0
2025-06-24 13:30:00,2025-06-24,20250624133000000,000070,5,7.36,7.36,7.35,7.35,121900,896192.0
2025-06-24 13:35:00,2025-06-24,20250624133500000,000070,5,7.35,7.35,7.35,7.35,201800,1483224.0
2025-06-24 13:40:00,2025-06-24,20250624134000000,000070,5,7.35,7.35,7.33,7.34,202600,1487184.0
2025-06-24 13:45:00,2025-06-24,20250624134500000,000070,5,7.34,7.35,7.33,7.35,284400,2086336.0
2025-06-24 13:50:00,2025-06-24,20250624135000000,000070,5,7.35,7.35,7.34,7.35,83100,610048.0
2025-06-24 13:55:00,2025-06-24,20250624135500000,000070,5,7.34,7.35,7.32,7.33,286500,2100368.0
2025-06-24 14:00:00,2025-06-24,20250624140000000,000070,5,7.32,7.34,7.32,7.33,117800,862848.0
2025-06-24 14:05:00,2025-06-24,20250624140500000,000070,5,7.33,7.34,7.32,7.32,203000,1486376.0
2025-06-24 14:10:00,2025-06-24,20250624141000000,000070,5,7.31,7.32,7.3,7.3,423800,3097248.0
2025-06-24 14:15:00,2025-06-24,20250624141500000,000070,5,7.31,7.33,7.31,7.31,245900,1798392.0
2025-06-24 14:20:00,2025-06-24,20250624142000000,000070,5,7.31,7.32,7.3,7.31,345700,2526584.0
2025-06-24 14:25:00,2025-06-24,20250624142500000,000070,5,7.31,7.32,7.3,7.31,68000,497048.0
2025-06-24 14:30:00,2025-06-24,20250624143000000,000070,5,7.31,7.32,7.31,7.31,83800,612656.0
2025-06-24 14:35:00,2025-06-24,20250624143500000,000070,5,7.31,7.32,7.3,7.3,217300,1589072.0
2025-06-24 14:40:00,2025-06-24,20250624144000000,000070,5,7.3,7.32,7.3,7.31,283300,2068608.0
2025-06-24 14:45:00,2025-06-24,20250624144500000,000070,5,7.31,7.31,7.3,7.3,133000,971208.0
2025-06-24 14:50:00,2025-06-24,20250624145000000,000070,5,7.31,7.31,7.3,7.31,123300,900976.0
2025-06-24 14:55:00,2025-06-24,20250624145500000,000070,5,7.31,7.31,7.3,7.3,201900,1475576.0
2025-06-24 15:00:00,2025-06-24,20250624150000000,000070,5,7.31,7.32,7.3,7.32,391200,2861744.0
2025-06-25 09:35:00,2025-06-25,20250625093500000,000070,5,7.32,7.39,7.31,7.37,1125600,8267779.0
2025-06-25 09:40:00,2025-06-25,20250625094000000,000070,5,7.37,7.39,7.35,7.38,653000,4807769.0
2025-06-25 09:45:00,2025-06-25,20250625094500000,000070,5,7.38,7.4,7.37,7.39,757000,5590320.0
2025-06-25 09:50:00,2025-06-25,20250625095000000,000070,5,7.39,7.43,7.38,7.43,800700,5931844.0
2025-06-25 09:55:00,2025-06-25,20250625095500000,000070,5,7.43,7.45,7.41,7.45,900100,6687260.0
2025-06-25 10:00:00,2025-06-25,20250625100000000,000070,5,7.45,7.49,7.45,7.48,1545600,11541292.0
2025-06-25 10:05:00,2025-06-25,20250625100500000,000070,5,7.47,7.51,7.47,7.49,1519700,11385488.0
2025-06-25 10:10:00,2025-06-25,20250625101000000,000070,5,7.5,7.5,7.46,7.46,898800,6719960.0
2025-06-25 10:15:00,2025-06-25,20250625101500000,000070,5,7.46,7.47,7.45,7.47,313600,2339464.0
2025-06-25 10:20:00,2025-06-25,20250625102000000,000070,5,7.46,7.49,7.46,7.49,464100,3468216.0
2025-06-25 10:25:00,2025-06-25,20250625102500000,000070,5,7.49,7.49,7.46,7.47,367900,2749520.0
2025-06-25 10:30:00,2025-06-25,20250625103000000,000070,5,7.47,7.48,7.46,7.46,199400,1489000.0
2025-06-25 10:35:00,2025-06-25,20250625103500000,000070,5,7.46,7.49,7.46,7.48,425700,3181808.0
2025-06-25 10:40:00,2025-06-25,20250625104000000,000070,5,7.48,7.48,7.47,7.47,176100,1316784.0
2025-06-25 10:45:00,2025-06-25,20250625104500000,000070,5,7.48,7.48,7.47,7.47,82100,613336.0
2025-06-25 10:50:00,2025-06-25,20250625105000000,000070,5,7.47,7.48,7.46,7.48,113600,849168.0
2025-06-25 10:55:00,2025-06-25,20250625105500000,000070,5,7.48,7.48,7.47,7.47,54000,403608.0
2025-06-25 11:00:00,2025-06-25,20250625110000000,000070,5,7.47,7.52,7.47,7.51,1131600,8484024.0
2025-06-25 11:05:00,2025-06-25,20250625110500000,000070,5,7.51,7.52,7.49,7.5,388500,2917168.0
2025-06-25 11:10:00,2025-06-25,20250625111000000,000070,5,7.5,7.51,7.5,7.5,143600,1077920.0
2025-06-25 11:15:00,2025-06-25,20250625111500000,000070,5,7.51,7.52,7.5,7.5,201400,1512024.0
2025-06-25 11:20:00,2025-06-25,20250625112000000,000070,5,7.5,7.52,7.5,7.51,224100,1682488.0
2025-06-25 11:25:00,2025-06-25,20250625112500000,000070,5,7.52,7.53,7.51,7.52,445500,3351184.0
2025-06-25 11:30:00,2025-06-25,20250625113000000,000070,5,7.52,7.55,7.52,7.55,533000,4016352.0
2025-06-25 13:05:00,2025-06-25,20250625130500000,000070,5,7.54,7.56,7.53,7.54,796800,6010880.0
2025-06-25 13:10:00,2025-06-25,20250625131000000,000070,5,7.53,7.54,7.49,7.5,573400,4307704.0
2025-06-25 13:15:00,2025-06-25,20250625131500000,000070,5,7.5,7.52,7.5,7.51,163500,1227624.0
2025-06-25 13:20:00,2025-06-25,20250625132000000,000070,5,7.52,7.52,7.5,7.5,95400,715960.0
2025-06-25 13:25:00,2025-06-25,20250625132500000,000070,5,7.51,7.51,7.47,7.47,749100,5609168.0
2025-06-25 13:30:00,2025-06-25,20250625133000000,000070,5,7.47,7.48,7.46,7.46,329200,2456816.0
2025-06-25 13:35:00,2025-06-25,20250625133500000,000070,5,7.47,7.48,7.47,7.47,146700,1096416.0
2025-06-25 13:40:00,2025-06-25,20250625134000000,000070,5,7.47,7.49,7.47,7.48,143400,1072168.0
2025-06-25 13:45:00,2025-06-25,20250625134500000,000070,5,7.48,7.49,7.48,7.48,99500,744608.0
2025-06-25 13:50:00,2025-06-25,20250625135000000,000070,5,7.49,7.49,7.48,7.49,258800,1936392.0
2025-06-25 13:55:00,2025-06-25,20250625135500000,000070,5,7.48,7.48,7.47,7.48,214000,1599504.0
2025-06-25 14:00:00,2025-06-25,20250625140000000,000070,5,7.48,7.5,7.48,7.48,171700,1285520.0
2025-06-25 14:05:00,2025-06-25,20250625140500000,000070,5,7.48,7.49,7.48,7.49,118300,885288.0
2025-06-25 14:10:00,2025-06-25,20250625141000000,000070,5,7.48,7.49,7.47,7.49,196800,1471968.0
2025-06-25 14:15:00,2025-06-25,20250625141500000,000070,5,7.49,7.5,7.48,7.5,213500,1599456.0
2025-06-25 14:20:00,2025-06-25,20250625142000000,000070,5,7.49,7.5,7.48,7.49,307800,2305792.0
2025-06-25 14:25:00,2025-06-25,20250625142500000,000070,5,7.49,7.5,7.49,7.49,220100,1648944.0
2025-06-25 14:30:00,2025-06-25,20250625143000000,000070,5,7.49,7.5,7.47,7.47,651100,4873552.0
2025-06-25 14:35:00,2025-06-25,20250625143500000,000070,5,7.47,7.49,7.47,7.49,237800,1778256.0
2025-06-25 14:40:00,2025-06-25,20250625144000000,000070,5,7.48,7.49,7.48,7.48,106700,798384.0
2025-06-25 14:45:00,2025-06-25,20250625144500000,000070,5,7.48,7.49,7.47,7.48,314400,2351968.0
2025-06-25 14:50:00,2025-06-25,20250625145000000,000070,5,7.48,7.5,7.48,7.5,218100,1633568.0
2025-06-25 14:55:00,2025-06-25,20250625145500000,000070,5,7.49,7.5,7.49,7.5,226200,1694496.0
2025-06-25 15:00:00,2025-06-25,20250625150000000,000070,5,7.5,7.5,7.49,7.5,358700,2690080.0
2025-06-26 09:35:00,2025-06-26,20250626093500000,000070,5,7.49,7.57,7.49,7.55,1586600,11946516.0
2025-06-26 09:40:00,2025-06-26,20250626094000000,000070,5,7.56,7.66,7.55,7.61,1804300,13734116.0
2025-06-26 09:45:00,2025-06-26,20250626094500000,000070,5,7.61,7.64,7.58,7.58,976200,7435922.0
2025-06-26 09:50:00,2025-06-26,20250626095000000,000070,5,7.58,7.63,7.58,7.6,742900,5648654.0
2025-06-26 09:55:00,2025-06-26,20250626095500000,000070,5,7.59,7.62,7.59,7.61,244000,1855388.0
2025-06-26 10:00:00,2025-06-26,20250626100000000,000070,5,7.61,7.63,7.6,7.63,319600,2434532.0
2025-06-26 10:05:00,2025-06-26,20250626100500000,000070,5,7.63,7.63,7.61,7.62,208600,1590332.0
2025-06-26 10:10:00,2025-06-26,20250626101000000,000070,5,7.62,7.64,7.61,7.64,253600,1933584.0
2025-06-26 10:15:00,2025-06-26,20250626101500000,000070,5,7.63,7.64,7.62,7.63,230600,1760228.0
2025-06-26 10:20:00,2025-06-26,20250626102000000,000070,5,7.63,7.64,7.57,7.57,922900,7011640.0
2025-06-26 10:25:00,2025-06-26,20250626102500000,000070,5,7.57,7.58,7.52,7.53,1007900,7614856.0
2025-06-26 10:30:00,2025-06-26,20250626103000000,000070,5,7.55,7.55,7.53,7.54,464700,3502516.0
2025-06-26 10:35:00,2025-06-26,20250626103500000,000070,5,7.54,7.55,7.53,7.53,296500,2233516.0
2025-06-26 10:40:00,2025-06-26,20250626104000000,000070,5,7.53,7.56,7.53,7.56,127900,964504.0
2025-06-26 10:45:00,2025-06-26,20250626104500000,000070,5,7.55,7.56,7.54,7.55,125900,949576.0
2025-06-26 10:50:00,2025-06-26,20250626105000000,000070,5,7.55,7.56,7.54,7.55,103500,780944.0
2025-06-26 10:55:00,2025-06-26,20250626105500000,000070,5,7.54,7.55,7.53,7.53,183300,1381640.0
2025-06-26 11:00:00,2025-06-26,20250626110000000,000070,5,7.53,7.55,7.53,7.54,112200,845688.0
2025-06-26 11:05:00,2025-06-26,20250626110500000,000070,5,7.54,7.56,7.54,7.56,61600,464920.0
2025-06-26 11:10:00,2025-06-26,20250626111000000,000070,5,7.55,7.56,7.54,7.56,72700,549384.0
2025-06-26 11:15:00,2025-06-26,20250626111500000,000070,5,7.55,7.57,7.55,7.57,112100,847752.0
2025-06-26 11:20:00,2025-06-26,20250626112000000,000070,5,7.56,7.57,7.56,7.57,211900,1602184.0
2025-06-26 11:25:00,2025-06-26,20250626112500000,000070,5,7.56,7.56,7.55,7.55,128100,967936.0
2025-06-26 11:30:00,2025-06-26,20250626113000000,000070,5,7.55,7.56,7.54,7.54,151600,1143512.0
2025-06-26 13:05:00,2025-06-26,20250626130500000,000070,5,7.55,7.56,7.54,7.54,156700,1182976.0
2025-06-26 13:10:00,2025-06-26,20250626131000000,000070,5,7.55,7.58,7.54,7.58,243200,1836728.0
2025-06-26 13:15:00,2025-06-26,20250626131500000,000070,5,7.58,7.58,7.54,7.54,221900,1677440.0
2025-06-26 13:20:00,2025-06-26,20250626132000000,000070,5,7.56,7.56,7.53,7.53,118400,892720.0
2025-06-26 13:25:00,2025-06-26,20250626132500000,000070,5,7.54,7.56,7.53,7.55,122700,925288.0
2025-06-26 13:30:00,2025-06-26,20250626133000000,000070,5,7.56,7.56,7.55,7.56,142000,1072600.0
2025-06-26 13:35:00,2025-06-26,20250626133500000,000070,5,7.56,7.56,7.54,7.54,159500,1204344.0
2025-06-26 13:40:00,2025-06-26,20250626134000000,000070,5,7.55,7.55,7.52,7.54,218800,1647648.0
2025-06-26 13:45:00,2025-06-26,20250626134500000,000070,5,7.53,7.54,7.52,7.54,198400,1493768.0
2025-06-26 13:50:00,2025-06-26,20250626135000000,000070,5,7.53,7.54,7.52,7.53,200800,1512704.0
2025-06-26 13:55:00,2025-06-26,20250626135500000,000070,5,7.53,7.55,7.53,7.54,51900,391192.0
2025-06-26 14:00:00,2025-06-26,20250626140000000,000070,5,7.54,7.55,7.53,7.53,260400,1962728.0
2025-06-26 14:05:00,2025-06-26,20250626140500000,000070,5,7.53,7.54,7.51,7.53,484800,3646264.0
2025-06-26 14:10:00,2025-06-26,20250626141000000,000070,5,7.53,7.53,7.51,7.53,331100,2488584.0
2025-06-26 14:15:00,2025-06-26,20250626141500000,000070,5,7.52,7.54,7.51,7.53,123100,926520.0
2025-06-26 14:20:00,2025-06-26,20250626142000000,000070,5,7.54,7.57,7.54,7.57,359700,2717704.0
2025-06-26 14:25:00,2025-06-26,20250626142500000,000070,5,7.56,7.57,7.55,7.56,129500,979352.0
2025-06-26 14:30:00,2025-06-26,20250626143000000,000070,5,7.56,7.56,7.55,7.55,145000,1095712.0
2025-06-26 14:35:00,2025-06-26,20250626143500000,000070,5,7.55,7.57,7.55,7.57,132000,998808.0
2025-06-26 14:40:00,2025-06-26,20250626144000000,000070,5,7.56,7.62,7.56,7.6,707900,5376952.0
2025-06-26 14:45:00,2025-06-26,20250626144500000,000070,5,7.6,7.62,7.59,7.62,384900,2928064.0
2025-06-26 14:50:00,2025-06-26,20250626145000000,000070,5,7.62,7.64,7.62,7.63,558900,4263488.0
2025-06-26 14:55:00,2025-06-26,20250626145500000,000070,5,7.63,7.64,7.61,7.64,496400,3785072.0
2025-06-26 15:00:00,2025-06-26,20250626150000000,000070,5,7.63,7.64,7.62,7.62,545700,4160448.0
2025-06-27 09:35:00,2025-06-27,20250627093500000,000070,5,7.69,7.78,7.66,7.78,2462800,19004660.0
2025-06-27 09:40:00,2025-06-27,20250627094000000,000070,5,7.79,7.81,7.73,7.77,1246200,9684836.0
2025-06-27 09:45:00,2025-06-27,20250627094500000,000070,5,7.76,7.81,7.76,7.8,1319600,10277104.0
2025-06-27 09:50:00,2025-06-27,20250627095000000,000070,5,7.8,7.81,7.78,7.8,652200,5083040.0
2025-06-27 09:55:00,2025-06-27,20250627095500000,000070,5,7.79,7.8,7.69,7.7,1462900,11311660.0
2025-06-27 10:00:00,2025-06-27,20250627100000000,000070,5,7.7,7.75,7.69,7.72,511900,3954584.0
2025-06-27 10:05:00,2025-06-27,20250627100500000,000070,5,7.73,7.75,7.72,7.75,314600,2435208.0
2025-06-27 10:10:00,2025-06-27,20250627101000000,000070,5,7.75,7.76,7.73,7.75,284900,2206900.0
2025-06-27 10:15:00,2025-06-27,20250627101500000,000070,5,7.75,7.77,7.74,7.75,199500,1547228.0
2025-06-27 10:20:00,2025-06-27,20250627102000000,000070,5,7.75,7.75,7.74,7.74,192600,1491188.0
2025-06-27 10:25:00,2025-06-27,20250627102500000,000070,5,7.75,7.75,7.74,7.75,278800,2159240.0
2025-06-27 10:30:00,2025-06-27,20250627103000000,000070,5,7.74,7.77,7.74,7.76,279200,2165376.0
2025-06-27 10:35:00,2025-06-27,20250627103500000,000070,5,7.76,7.77,7.75,7.76,214900,1667080.0
2025-06-27 10:40:00,2025-06-27,20250627104000000,000070,5,7.76,7.77,7.75,7.76,167200,1297800.0
2025-06-27 10:45:00,2025-06-27,20250627104500000,000070,5,7.76,7.76,7.75,7.75,240000,1860928.0
2025-06-27 10:50:00,2025-06-27,20250627105000000,000070,5,7.76,7.82,7.75,7.82,1220200,9507432.0
2025-06-27 10:55:00,2025-06-27,20250627105500000,000070,5,7.82,7.83,7.79,7.79,678100,5296984.0
2025-06-27 11:00:00,2025-06-27,20250627110000000,000070,5,7.77,7.8,7.77,7.79,112000,871440.0
2025-06-27 11:05:00,2025-06-27,20250627110500000,000070,5,7.79,7.81,7.79,7.8,230800,1800200.0
2025-06-27 11:10:00,2025-06-27,20250627111000000,000070,5,7.79,7.82,7.79,7.81,329000,2567752.0
2025-06-27 11:15:00,2025-06-27,20250627111500000,000070,5,7.81,7.82,7.8,7.8,201600,1574872.0
2025-06-27 11:20:00,2025-06-27,20250627112000000,000070,5,7.81,7.81,7.8,7.81,165600,1291880.0
2025-06-27 11:25:00,2025-06-27,20250627112500000,000070,5,7.81,7.81,7.79,7.8,74900,584096.0
2025-06-27 11:30:00,2025-06-27,20250627113000000,000070,5,7.8,7.82,7.8,7.8,90100,703744.0
2025-06-27 13:05:00,2025-06-27,20250627130500000,000070,5,7.81,7.84,7.8,7.83,570100,4457664.0
2025-06-27 13:10:00,2025-06-27,20250627131000000,000070,5,7.83,7.85,7.83,7.84,597200,4684672.0
2025-06-27 13:15:00,2025-06-27,20250627131500000,000070,5,7.84,7.84,7.81,7.81,261500,2047440.0
2025-06-27 13:20:00,2025-06-27,20250627132000000,000070,5,7.81,7.82,7.81,7.82,115800,905040.0
2025-06-27 13:25:00,2025-06-27,20250627132500000,000070,5,7.82,7.83,7.81,7.82,150500,1176024.0
2025-06-27 13:30:00,2025-06-27,20250627133000000,000070,5,7.82,7.82,7.8,7.81,160300,1252456.0
2025-06-27 13:35:00,2025-06-27,20250627133500000,000070,5,7.8,7.8,7.79,7.8,296100,2309448.0
2025-06-27 13:40:00,2025-06-27,20250627134000000,000070,5,7.8,7.8,7.79,7.79,39200,305552.0
2025-06-27 13:45:00,2025-06-27,20250627134500000,000070,5,7.79,7.81,7.79,7.8,169000,1318400.0
2025-06-27 13:50:00,2025-06-27,20250627135000000,000070,5,7.79,7.8,7.79,7.79,190800,1486960.0
2025-06-27 13:55:00,2025-06-27,20250627135500000,000070,5,7.8,7.82,7.79,7.81,224900,1755328.0
2025-06-27 14:00:00,2025-06-27,20250627140000000,000070,5,7.81,7.83,7.81,7.83,150500,1176720.0
2025-06-27 14:05:00,2025-06-27,20250627140500000,000070,5,7.83,7.83,7.81,7.82,112900,882912.0
2025-06-27 14:10:00,2025-06-27,20250627141000000,000070,5,7.83,7.9,7.82,7.9,1231200,9685304.0
2025-06-27 14:15:00,2025-06-27,20250627141500000,000070,5,7.9,7.91,7.87,7.88,1047700,8270640.0
2025-06-27 14:20:00,2025-06-27,20250627142000000,000070,5,7.89,7.89,7.86,7.88,250900,1976992.0
2025-06-27 14:25:00,2025-06-27,20250627142500000,000070,5,7.87,7.88,7.86,7.86,193500,1522800.0
2025-06-27 14:30:00,2025-06-27,20250627143000000,000070,5,7.86,7.88,7.86,7.87,266700,2099376.0
2025-06-27 14:35:00,2025-06-27,20250627143500000,000070,5,7.87,7.88,7.87,7.87,431400,3396656.0
2025-06-27 14:40:00,2025-06-27,20250627144000000,000070,5,7.87,7.88,7.86,7.87,454800,3577600.0
2025-06-27 14:45:00,2025-06-27,20250627144500000,000070,5,7.87,7.9,7.86,7.89,604200,4763872.0
2025-06-27 14:50:00,2025-06-27,20250627145000000,000070,5,7.89,7.92,7.89,7.91,842800,6663312.0
2025-06-27 14:55:00,2025-06-27,20250627145500000,000070,5,7.91,7.94,7.9,7.93,778100,6161824.0
2025-06-27 15:00:00,2025-06-27,20250627150000000,000070,5,7.94,7.97,7.94,7.97,1776800,14150144.0
2025-06-30 09:35:00,2025-06-30,20250630093500000,000070,5,7.97,8.04,7.79,7.85,4506200,35802352.0
2025-06-30 09:40:00,2025-06-30,20250630094000000,000070,5,7.85,7.9,7.8,7.86,2251000,17675812.0
2025-06-30 09:45:00,2025-06-30,20250630094500000,000070,5,7.86,7.86,7.68,7.74,3737700,28992516.0
2025-06-30 09:50:00,2025-06-30,20250630095000000,000070,5,7.74,7.79,7.73,7.78,1376600,10692416.0
2025-06-30 09:55:00,2025-06-30,20250630095500000,000070,5,7.78,7.78,7.71,7.75,1111600,8603048.0
2025-06-30 10:00:00,2025-06-30,20250630100000000,000070,5,7.76,7.8,7.75,7.8,650600,5059520.0
2025-06-30 10:05:00,2025-06-30,20250630100500000,000070,5,7.8,7.8,7.74,7.74,475600,3692232.0
2025-06-30 10:10:00,2025-06-30,20250630101000000,000070,5,7.74,7.77,7.73,7.76,347600,2695080.0
2025-06-30 10:15:00,2025-06-30,20250630101500000,000070,5,7.76,7.77,7.75,7.77,356700,2766656.0
2025-06-30 10:20:00,2025-06-30,20250630102000000,000070,5,7.77,7.78,7.76,7.77,266600,2070672.0
2025-06-30 10:25:00,2025-06-30,20250630102500000,000070,5,7.77,7.78,7.76,7.78,321900,2501624.0
2025-06-30 10:30:00,2025-06-30,20250630103000000,000070,5,7.77,7.8,7.77,7.8,332500,2588416.0
2025-06-30 10:35:00,2025-06-30,20250630103500000,000070,5,7.8,7.82,7.79,7.79,596700,4656800.0
2025-06-30 10:40:00,2025-06-30,20250630104000000,000070,5,7.8,7.8,7.78,7.79,142400,1109504.0
2025-06-30 10:45:00,2025-06-30,20250630104500000,000070,5,7.79,7.83,7.78,7.82,220600,1721472.0
2025-06-30 10:50:00,2025-06-30,20250630105000000,000070,5,7.82,7.85,7.82,7.84,418600,3280008.0
2025-06-30 10:55:00,2025-06-30,20250630105500000,000070,5,7.84,7.85,7.82,7.85,258800,2027280.0
2025-06-30 11:00:00,2025-06-30,20250630110000000,000070,5,7.84,7.85,7.83,7.84,117900,924176.0
2025-06-30 11:05:00,2025-06-30,20250630110500000,000070,5,7.83,7.84,7.81,7.81,420700,3294720.0
2025-06-30 11:10:00,2025-06-30,20250630111000000,000070,5,7.81,7.82,7.81,7.82,76600,598752.0
2025-06-30 11:15:00,2025-06-30,20250630111500000,000070,5,7.82,7.83,7.81,7.81,73300,573088.0
2025-06-30 11:20:00,2025-06-30,20250630112000000,000070,5,7.81,7.82,7.81,7.82,159800,1248496.0
2025-06-30 11:25:00,2025-06-30,20250630112500000,000070,5,7.82,7.85,7.82,7.84,235400,1843968.0
2025-06-30 11:30:00,2025-06-30,20250630113000000,000070,5,7.84,7.91,7.84,7.91,513900,4046432.0
2025-06-30 13:05:00,2025-06-30,20250630130500000,000070,5,7.91,7.91,7.88,7.89,339700,2684512.0
2025-06-30 13:10:00,2025-06-30,20250630131000000,000070,5,7.9,7.9,7.89,7.89,194200,1533040.0
2025-06-30 13:15:00,2025-06-30,20250630131500000,000070,5,7.89,7.9,7.88,7.88,122400,965744.0
2025-06-30 13:20:00,2025-06-30,20250630132000000,000070,5,7.88,7.89,7.86,7.86,354700,2794160.0
2025-06-30 13:25:00,2025-06-30,20250630132500000,000070,5,7.86,7.9,7.85,7.89,192600,1517552.0
2025-06-30 13:30:00,2025-06-30,20250630133000000,000070,5,7.89,7.9,7.86,7.86,265300,2090416.0
2025-06-30 13:35:00,2025-06-30,20250630133500000,000070,5,7.86,7.87,7.84,7.85,257300,2020704.0
2025-06-30 13:40:00,2025-06-30,20250630134000000,000070,5,7.85,7.87,7.84,7.86,144400,1133632.0
2025-06-30 13:45:00,2025-06-30,20250630134500000,000070,5,7.87,7.88,7.86,7.86,106300,836656.0
2025-06-30 13:50:00,2025-06-30,20250630135000000,000070,5,7.87,7.87,7.85,7.87,64700,508752.0
2025-06-30 13:55:00,2025-06-30,20250630135500000,000070,5,7.86,7.89,7.86,7.89,98300,774368.0
2025-06-30 14:00:00,2025-06-30,20250630140000000,000070,5,7.89,7.9,7.88,7.89,384800,3037312.0
2025-06-30 14:05:00,2025-06-30,20250630140500000,000070,5,7.9,7.9,7.87,7.87,315100,2484960.0
2025-06-30 14:10:00,2025-06-30,20250630141000000,000070,5,7.87,7.88,7.86,7.87,115400,908512.0
2025-06-30 14:15:00,2025-06-30,20250630141500000,000070,5,7.87,7.88,7.86,7.88,147100,1158352.0
2025-06-30 14:20:00,2025-06-30,20250630142000000,000070,5,7.88,7.89,7.88,7.89,105700,833392.0
2025-06-30 14:25:00,2025-06-30,20250630142500000,000070,5,7.89,7.89,7.85,7.85,438700,3452304.0
2025-06-30 14:30:00,2025-06-30,20250630143000000,000070,5,7.85,7.86,7.84,7.85,496300,3895280.0
2025-06-30 14:35:00,2025-06-30,20250630143500000,000070,5,7.85,7.88,7.85,7.86,300500,2365360.0
2025-06-30 14:40:00,2025-06-30,20250630144000000,000070,5,7.86,7.91,7.86,7.91,421700,3325408.0
2025-06-30 14:45:00,2025-06-30,20250630144500000,000070,5,7.91,7.91,7.89,7.9,228700,1806272.0
2025-06-30 14:50:00,2025-06-30,20250630145000000,000070,5,7.9,7.92,7.9,7.91,288600,2282704.0
2025-06-30 14:55:00,2025-06-30,20250630145500000,000070,5,7.92,7.92,7.87,7.88,474000,3743120.0
2025-06-30 15:00:00,2025-06-30,20250630150000000,000070,5,7.89,7.89,7.87,7.88,396600,3125120.0
2025-07-01 09:35:00,2025-07-01,20250701093500000,000070,5,7.88,7.96,7.85,7.92,1125900,8900077.0
2025-07-01 09:40:00,2025-07-01,20250701094000000,000070,5,7.93,7.93,7.86,7.87,582200,4596409.0
2025-07-01 09:45:00,2025-07-01,20250701094500000,000070,5,7.87,7.93,7.87,7.92,618000,4885368.0
2025-07-01 09:50:00,2025-07-01,20250701095000000,000070,5,7.9,7.95,7.88,7.94,381300,3015312.0
2025-07-01 09:55:00,2025-07-01,20250701095500000,000070,5,7.95,8.03,7.95,8.01,1497900,11972138.0
2025-07-01 10:00:00,2025-07-01,20250701100000000,000070,5,8.01,8.02,7.99,8.0,633900,5070608.0
2025-07-01 10:05:00,2025-07-01,20250701100500000,000070,5,8.0,8.01,7.97,7.97,677600,5415916.0
2025-07-01 10:10:00,2025-07-01,20250701101000000,000070,5,7.96,7.98,7.93,7.97,769200,6118420.0
2025-07-01 10:15:00,2025-07-01,20250701101500000,000070,5,7.97,8.0,7.95,7.98,376000,3000740.0
2025-07-01 10:20:00,2025-07-01,20250701102000000,000070,5,7.97,7.98,7.96,7.96,319600,2547124.0
2025-07-01 10:25:00,2025-07-01,20250701102500000,000070,5,7.97,7.97,7.94,7.97,231300,1839552.0
2025-07-01 10:30:00,2025-07-01,20250701103000000,000070,5,7.97,7.97,7.95,7.97,194900,1551636.0
2025-07-01 10:35:00,2025-07-01,20250701103500000,000070,5,7.97,7.98,7.96,7.97,77100,614284.0
2025-07-01 10:40:00,2025-07-01,20250701104000000,000070,5,7.97,7.98,7.94,7.95,313600,2495904.0
2025-07-01 10:45:00,2025-07-01,20250701104500000,000070,5,7.95,7.97,7.93,7.93,426400,3386136.0
2025-07-01 10:50:00,2025-07-01,20250701105000000,000070,5,7.94,7.94,7.93,7.93,145100,1151244.0
2025-07-01 10:55:00,2025-07-01,20250701105500000,000070,5,7.93,7.94,7.92,7.92,122100,968332.0
2025-07-01 11:00:00,2025-07-01,20250701110000000,000070,5,7.92,7.92,7.9,7.91,243000,1921680.0
2025-07-01 11:05:00,2025-07-01,20250701110500000,000070,5,7.9,7.96,7.9,7.95,244500,1940656.0
2025-07-01 11:10:00,2025-07-01,20250701111000000,000070,5,7.95,7.97,7.95,7.95,126600,1007032.0
2025-07-01 11:15:00,2025-07-01,20250701111500000,000070,5,7.95,7.95,7.94,7.95,113300,900160.0
2025-07-01 11:20:00,2025-07-01,20250701112000000,000070,5,7.95,7.96,7.93,7.95,142800,1133936.0
2025-07-01 11:25:00,2025-07-01,20250701112500000,000070,5,7.94,8.0,7.94,8.0,787200,6285136.0
2025-07-01 11:30:00,2025-07-01,20250701113000000,000070,5,7.99,8.04,7.99,8.01,971800,7795160.0
2025-07-01 13:05:00,2025-07-01,20250701130500000,000070,5,8.02,8.03,8.01,8.02,299500,2401384.0
2025-07-01 13:10:00,2025-07-01,20250701131000000,000070,5,8.02,8.03,8.02,8.02,323600,2598272.0
2025-07-01 13:15:00,2025-07-01,20250701131500000,000070,5,8.02,8.06,8.02,8.06,708900,5697896.0
2025-07-01 13:20:00,2025-07-01,20250701132000000,000070,5,8.06,8.07,8.04,8.06,420200,3385512.0
2025-07-01 13:25:00,2025-07-01,20250701132500000,000070,5,8.07,8.07,8.04,8.05,441600,3557448.0
2025-07-01 13:30:00,2025-07-01,20250701133000000,000070,5,8.04,8.05,8.04,8.04,89500,719968.0
2025-07-01 13:35:00,2025-07-01,20250701133500000,000070,5,8.05,8.05,8.04,8.04,172000,1384088.0
2025-07-01 13:40:00,2025-07-01,20250701134000000,000070,5,8.05,8.09,8.05,8.09,618800,4993280.0
2025-07-01 13:45:00,2025-07-01,20250701134500000,000070,5,8.08,8.11,8.06,8.07,695500,5629000.0
2025-07-01 13:50:00,2025-07-01,20250701135000000,000070,5,8.07,8.11,8.06,8.1,358000,2897160.0
2025-07-01 13:55:00,2025-07-01,20250701135500000,000070,5,8.1,8.13,8.1,8.11,755200,6131480.0
2025-07-01 14:00:00,2025-07-01,20250701140000000,000070,5,8.12,8.12,8.08,8.09,375400,3039296.0
2025-07-01 14:05:00,2025-07-01,20250701140500000,000070,5,8.1,8.1,8.08,8.1,250100,2023800.0
2025-07-01 14:10:00,2025-07-01,20250701141000000,000070,5,8.1,8.1,8.09,8.1,260100,2105768.0
2025-07-01 14:15:00,2025-07-01,20250701141500000,000070,5,8.1,8.1,8.07,8.07,429800,3476288.0
2025-07-01 14:20:00,2025-07-01,20250701142000000,000070,5,8.07,8.07,8.04,8.06,501700,4041456.0
2025-07-01 14:25:00,2025-07-01,20250701142500000,000070,5,8.07,8.07,8.05,8.06,314700,2535888.0
2025-07-01 14:30:00,2025-07-01,20250701143000000,000070,5,8.06,8.07,8.05,8.06,134700,1086080.0
2025-07-01 14:35:00,2025-07-01,20250701143500000,000070,5,8.06,8.07,8.05,8.06,178300,1437088.0
2025-07-01 14:40:00,2025-07-01,20250701144000000,000070,5,8.05,8.08,8.05,8.08,233900,1886320.0
2025-07-01 14:45:00,2025-07-01,20250701144500000,000070,5,8.07,8.08,8.06,8.08,259000,2090976.0
2025-07-01 14:50:00,2025-07-01,20250701145000000,000070,5,8.08,8.11,8.08,8.1,398200,3223920.0
2025-07-01 14:55:00,2025-07-01,20250701145500000,000070,5,8.1,8.13,8.1,8.12,841200,6829456.0
2025-07-01 15:00:00,2025-07-01,20250701150000000,000070,5,8.12,8.13,8.11,8.13,988400,8032064.0
2025-07-02 09:35:00,2025-07-02,20250702093500000,000070,5,8.16,8.16,8.08,8.09,1461800,11865711.0
2025-07-02 09:40:00,2025-07-02,20250702094000000,000070,5,8.09,8.18,8.09,8.16,1024600,8341801.0
2025-07-02 09:45:00,2025-07-02,20250702094500000,000070,5,8.17,8.22,8.13,8.13,1538900,12579732.0
2025-07-02 09:50:00,2025-07-02,20250702095000000,000070,5,8.12,8.15,8.11,8.13,773000,6279372.0
2025-07-02 09:55:00,2025-07-02,20250702095500000,000070,5,8.11,8.13,8.1,8.11,706900,5729228.0
2025-07-02 10:00:00,2025-07-02,20250702100000000,000070,5,8.11,8.13,8.1,8.12,377300,3059748.0
2025-07-02 10:05:00,2025-07-02,20250702100500000,000070,5,8.12,8.12,8.1,8.11,269500,2185896.0
2025-07-02 10:10:00,2025-07-02,20250702101000000,000070,5,8.11,8.12,8.09,8.1,384700,3117428.0
2025-07-02 10:15:00,2025-07-02,20250702101500000,000070,5,8.09,8.1,8.07,8.07,603500,4878860.0
2025-07-02 10:20:00,2025-07-02,20250702102000000,000070,5,8.07,8.09,8.06,8.09,399200,3221800.0
2025-07-02 10:25:00,2025-07-02,20250702102500000,000070,5,8.1,8.1,8.09,8.09,152500,1234408.0
2025-07-02 10:30:00,2025-07-02,20250702103000000,000070,5,8.09,8.09,8.08,8.08,198900,1608040.0
2025-07-02 10:35:00,2025-07-02,20250702103500000,000070,5,8.09,8.09,8.08,8.09,214800,1736232.0
2025-07-02 10:40:00,2025-07-02,20250702104000000,000070,5,8.09,8.09,8.07,8.07,243600,1968128.0
2025-07-02 10:45:00,2025-07-02,20250702104500000,000070,5,8.08,8.08,8.04,8.06,672500,5418912.0
2025-07-02 10:50:00,2025-07-02,20250702105000000,000070,5,8.06,8.09,8.06,8.09,163400,1318688.0
2025-07-02 10:55:00,2025-07-02,20250702105500000,000070,5,8.09,8.1,8.07,8.07,111800,904016.0
2025-07-02 11:00:00,2025-07-02,20250702110000000,000070,5,8.07,8.08,8.07,8.08,101900,822832.0
2025-07-02 11:05:00,2025-07-02,20250702110500000,000070,5,8.08,8.09,8.07,8.09,138900,1121616.0
2025-07-02 11:10:00,2025-07-02,20250702111000000,000070,5,8.09,8.11,8.09,8.1,179500,1453016.0
2025-07-02 11:15:00,2025-07-02,20250702111500000,000070,5,8.1,8.11,8.08,8.1,109100,883248.0
2025-07-02 11:20:00,2025-07-02,20250702112000000,000070,5,8.11,8.11,8.09,8.09,114300,926240.0
2025-07-02 11:25:00,2025-07-02,20250702112500000,000070,5,8.09,8.12,8.09,8.12,253900,2058720.0
2025-07-02 11:30:00,2025-07-02,20250702113000000,000070,5,8.12,8.15,8.12,8.13,645500,5250680.0
2025-07-02 13:05:00,2025-07-02,20250702130500000,000070,5,8.13,8.14,8.13,8.13,169000,1374944.0
2025-07-02 13:10:00,2025-07-02,20250702131000000,000070,5,8.14,8.14,8.09,8.09,250700,2034752.0
2025-07-02 13:15:00,2025-07-02,20250702131500000,000070,5,8.08,8.08,8.05,8.05,804300,6485296.0
2025-07-02 13:20:00,2025-07-02,20250702132000000,000070,5,8.05,8.05,7.98,8.01,1426900,11436144.0
2025-07-02 13:25:00,2025-07-02,20250702132500000,000070,5,8.0,8.02,7.99,8.0,607800,4860896.0
2025-07-02 13:30:00,2025-07-02,20250702133000000,000070,5,8.0,8.03,8.0,8.02,391600,3137616.0
2025-07-02 13:35:00,2025-07-02,20250702133500000,000070,5,8.02,8.02,8.0,8.01,215400,1725312.0
2025-07-02 13:40:00,2025-07-02,20250702134000000,000070,5,8.0,8.01,8.0,8.01,103400,827824.0
2025-07-02 13:45:00,2025-07-02,20250702134500000,000070,5,8.01,8.01,7.98,8.0,528600,4226480.0
2025-07-02 13:50:00,2025-07-02,20250702135000000,000070,5,8.0,8.0,7.99,8.0,176500,1411368.0
2025-07-02 13:55:00,2025-07-02,20250702135500000,000070,5,8.0,8.01,7.99,8.0,152400,1219384.0
2025-07-02 14:00:00,2025-07-02,20250702140000000,000070,5,8.0,8.01,7.99,8.0,161500,1292008.0
2025-07-02 14:05:00,2025-07-02,20250702140500000,000070,5,8.0,8.01,7.99,8.01,187200,1498400.0
2025-07-02 14:10:00,2025-07-02,20250702141000000,000070,5,8.01,8.02,8.0,8.02,94500,757088.0
2025-07-02 14:15:00,2025-07-02,20250702141500000,000070,5,8.01,8.03,8.01,8.01,331700,2657880.0
2025-07-02 14:20:00,2025-07-02,20250702142000000,000070,5,8.01,8.01,7.98,7.99,580700,4641472.0
2025-07-02 14:25:00,2025-07-02,20250702142500000,000070,5,8.0,8.0,7.99,7.99,208100,1663792.0
2025-07-02 14:30:00,2025-07-02,20250702143000000,000070,5,8.0,8.02,8.0,8.02,152500,1221440.0
2025-07-02 14:35:00,2025-07-02,20250702143500000,000070,5,8.03,8.03,8.01,8.03,114600,919504.0
2025-07-02 14:40:00,2025-07-02,20250702144000000,000070,5,8.03,8.06,8.02,8.04,385500,3097728.0
2025-07-02 14:45:00,2025-07-02,20250702144500000,000070,5,8.04,8.06,8.03,8.04,156200,1256400.0
2025-07-02 14:50:00,2025-07-02,20250702145000000,000070,5,8.04,8.07,8.04,8.06,184400,1484944.0
2025-07-02 14:55:00,2025-07-02,20250702145500000,000070,5,8.06,8.1,8.05,8.09,603800,4876992.0
2025-07-02 15:00:00,2025-07-02,20250702150000000,000070,5,8.09,8.13,8.09,8.13,990800,8042224.0
2025-07-03 09:35:00,2025-07-03,20250703093500000,000070,5,8.12,8.12,7.9,8.02,3293100,26466784.0
2025-07-03 09:40:00,2025-07-03,20250703094000000,000070,5,8.02,8.04,7.93,7.94,1850600,14795180.0
2025-07-03 09:45:00,2025-07-03,20250703094500000,000070,5,7.93,7.94,7.75,7.75,4956500,38857780.0
2025-07-03 09:50:00,2025-07-03,20250703095000000,000070,5,7.77,7.88,7.76,7.84,2332300,18229568.0
2025-07-03 09:55:00,2025-07-03,20250703095500000,000070,5,7.84,7.9,7.84,7.9,684200,5379296.0
2025-07-03 10:00:00,2025-07-03,20250703100000000,000070,5,7.9,7.91,7.85,7.85,810500,6393608.0
2025-07-03 10:05:00,2025-07-03,20250703100500000,000070,5,7.85,7.89,7.85,7.87,417700,3286024.0
2025-07-03 10:10:00,2025-07-03,20250703101000000,000070,5,7.87,7.89,7.85,7.85,306700,2414240.0
2025-07-03 10:15:00,2025-07-03,20250703101500000,000070,5,7.85,7.89,7.85,7.87,548300,4311888.0
2025-07-03 10:20:00,2025-07-03,20250703102000000,000070,5,7.87,7.88,7.86,7.86,254300,2001688.0
2025-07-03 10:25:00,2025-07-03,20250703102500000,000070,5,7.87,7.91,7.87,7.89,296900,2343528.0
2025-07-03 10:30:00,2025-07-03,20250703103000000,000070,5,7.89,7.9,7.87,7.9,252300,1990176.0
2025-07-03 10:35:00,2025-07-03,20250703103500000,000070,5,7.9,7.91,7.89,7.89,200000,1580144.0
2025-07-03 10:40:00,2025-07-03,20250703104000000,000070,5,7.9,7.9,7.89,7.9,168000,1326680.0
2025-07-03 10:45:00,2025-07-03,20250703104500000,000070,5,7.9,7.9,7.87,7.89,451200,3557752.0
2025-07-03 10:50:00,2025-07-03,20250703105000000,000070,5,7.89,7.9,7.83,7.85,753100,5918688.0
2025-07-03 10:55:00,2025-07-03,20250703105500000,000070,5,7.84,7.85,7.79,7.8,1027300,8023072.0
2025-07-03 11:00:00,2025-07-03,20250703110000000,000070,5,7.8,7.82,7.79,7.79,430500,3359584.0
2025-07-03 11:05:00,2025-07-03,20250703110500000,000070,5,7.79,7.84,7.79,7.83,321100,2510016.0
2025-07-03 11:10:00,2025-07-03,20250703111000000,000070,5,7.84,7.86,7.83,7.84,252600,1981920.0
2025-07-03 11:15:00,2025-07-03,20250703111500000,000070,5,7.84,7.85,7.84,7.84,199600,1564960.0
2025-07-03 11:20:00,2025-07-03,20250703112000000,000070,5,7.84,7.84,7.83,7.83,93600,733472.0
2025-07-03 11:25:00,2025-07-03,20250703112500000,000070,5,7.83,7.83,7.77,7.77,1117000,8711344.0
2025-07-03 11:30:00,2025-07-03,20250703113000000,000070,5,7.77,7.79,7.76,7.78,597900,4647088.0
2025-07-03 13:05:00,2025-07-03,20250703130500000,000070,5,7.78,7.78,7.73,7.75,1839400,14256752.0
2025-07-03 13:10:00,2025-07-03,20250703131000000,000070,5,7.76,7.8,7.75,7.8,277800,2160288.0
2025-07-03 13:15:00,2025-07-03,20250703131500000,000070,5,7.79,7.8,7.78,7.78,246300,1918544.0
2025-07-03 13:20:00,2025-07-03,20250703132000000,000070,5,7.78,7.79,7.73,7.75,1336200,10346016.0
2025-07-03 13:25:00,2025-07-03,20250703132500000,000070,5,7.75,7.75,7.73,7.74,504400,3903440.0
2025-07-03 13:30:00,2025-07-03,20250703133000000,000070,5,7.74,7.75,7.73,7.75,450700,3485760.0
2025-07-03 13:35:00,2025-07-03,20250703133500000,000070,5,7.75,7.75,7.74,7.74,238300,1844672.0
2025-07-03 13:40:00,2025-07-03,20250703134000000,000070,5,7.74,7.77,7.74,7.76,369500,2866128.0
2025-07-03 13:45:00,2025-07-03,20250703134500000,000070,5,7.75,7.76,7.74,7.75,303200,2349488.0
2025-07-03 13:50:00,2025-07-03,20250703135000000,000070,5,7.75,7.75,7.74,7.75,251600,1948688.0
2025-07-03 13:55:00,2025-07-03,20250703135500000,000070,5,7.74,7.79,7.74,7.78,435100,3381184.0
2025-07-03 14:00:00,2025-07-03,20250703140000000,000070,5,7.78,7.79,7.76,7.78,303000,2355120.0
2025-07-03 14:05:00,2025-07-03,20250703140500000,000070,5,7.78,7.78,7.77,7.78,269400,2093600.0
2025-07-03 14:10:00,2025-07-03,20250703141000000,000070,5,7.77,7.78,7.73,7.74,910800,7055504.0
2025-07-03 14:15:00,2025-07-03,20250703141500000,000070,5,7.75,7.76,7.74,7.76,272900,2114848.0
2025-07-03 14:20:00,2025-07-03,20250703142000000,000070,5,7.76,7.77,7.75,7.76,303700,2355696.0
2025-07-03 14:25:00,2025-07-03,20250703142500000,000070,5,7.77,7.82,7.76,7.82,943400,7341968.0
2025-07-03 14:30:00,2025-07-03,20250703143000000,000070,5,7.82,7.83,7.8,7.8,531900,4156464.0
2025-07-03 14:35:00,2025-07-03,20250703143500000,000070,5,7.8,8.1,7.8,8.03,6735300,54039024.0
2025-07-03 14:40:00,2025-07-03,20250703144000000,000070,5,8.04,8.08,8.02,8.03,2374700,19105088.0
2025-07-03 14:45:00,2025-07-03,20250703144500000,000070,5,8.04,8.04,7.97,7.99,1304000,10428576.0
2025-07-03 14:50:00,2025-07-03,20250703145000000,000070,5,7.99,8.0,7.98,7.98,648300,5177792.0
2025-07-03 14:55:00,2025-07-03,20250703145500000,000070,5,7.98,7.99,7.94,7.97,1359200,10821472.0
2025-07-03 15:00:00,2025-07-03,20250703150000000,000070,5,7.98,7.98,7.95,7.95,1018300,8106560.0
2025-07-04 09:35:00,2025-07-04,20250704093500000,000070,5,7.95,8.0,7.92,7.99,2665700,21230166.0
2025-07-04 09:40:00,2025-07-04,20250704094000000,000070,5,8.0,8.03,7.98,8.0,1518200,12148050.0
2025-07-04 09:45:00,2025-07-04,20250704094500000,000070,5,8.0,8.01,7.98,7.99,737200,5892696.0
2025-07-04 09:50:00,2025-07-04,20250704095000000,000070,5,7.99,8.0,7.94,7.96,1411800,11242076.0
2025-07-04 09:55:00,2025-07-04,20250704095500000,000070,5,7.96,7.99,7.96,7.97,380700,3036040.0
2025-07-04 10:00:00,2025-07-04,20250704100000000,000070,5,7.97,7.98,7.94,7.94,476700,3792552.0
2025-07-04 10:05:00,2025-07-04,20250704100500000,000070,5,7.94,7.96,7.94,7.96,196200,1560000.0
2025-07-04 10:10:00,2025-07-04,20250704101000000,000070,5,7.95,7.96,7.95,7.95,290400,2309396.0
2025-07-04 10:15:00,2025-07-04,20250704101500000,000070,5,7.96,7.98,7.95,7.98,310800,2475240.0
2025-07-04 10:20:00,2025-07-04,20250704102000000,000070,5,7.98,7.98,7.95,7.95,533000,4244064.0
2025-07-04 10:25:00,2025-07-04,20250704102500000,000070,5,7.95,7.97,7.95,7.96,157700,1254888.0
2025-07-04 10:30:00,2025-07-04,20250704103000000,000070,5,7.96,7.97,7.95,7.96,247400,1968984.0
2025-07-04 10:35:00,2025-07-04,20250704103500000,000070,5,7.96,8.0,7.95,8.0,719600,5739936.0
2025-07-04 10:40:00,2025-07-04,20250704104000000,000070,5,8.0,8.01,7.99,7.99,901200,7211112.0
2025-07-04 10:45:00,2025-07-04,20250704104500000,000070,5,8.0,8.01,7.99,7.99,249600,1996736.0
2025-07-04 10:50:00,2025-07-04,20250704105000000,000070,5,8.0,8.0,7.98,7.98,195400,1561120.0
2025-07-04 10:55:00,2025-07-04,20250704105500000,000070,5,7.99,7.99,7.97,7.98,140100,1118512.0
2025-07-04 11:00:00,2025-07-04,20250704110000000,000070,5,7.97,7.98,7.97,7.97,168700,1345416.0
2025-07-04 11:05:00,2025-07-04,20250704110500000,000070,5,7.97,7.98,7.97,7.97,554300,4418096.0
2025-07-04 11:10:00,2025-07-04,20250704111000000,000070,5,7.97,7.98,7.96,7.97,59500,474160.0
2025-07-04 11:15:00,2025-07-04,20250704111500000,000070,5,7.97,7.98,7.96,7.97,140000,1115512.0
2025-07-04 11:20:00,2025-07-04,20250704112000000,000070,5,7.97,7.99,7.97,7.98,136500,1089896.0
2025-07-04 11:25:00,2025-07-04,20250704112500000,000070,5,7.98,8.01,7.98,7.99,688300,5505984.0
2025-07-04 11:30:00,2025-07-04,20250704113000000,000070,5,8.0,8.01,7.99,8.0,487900,3903216.0
2025-07-04 13:05:00,2025-07-04,20250704130500000,000070,5,8.0,8.01,7.99,7.99,676800,5413496.0
2025-07-04 13:10:00,2025-07-04,20250704131000000,000070,5,7.98,8.0,7.98,8.0,224900,1798056.0
2025-07-04 13:15:00,2025-07-04,20250704131500000,000070,5,8.0,8.01,7.99,8.0,288500,2307928.0
2025-07-04 13:20:00,2025-07-04,20250704132000000,000070,5,8.0,8.01,8.0,8.01,241100,1930288.0
2025-07-04 13:25:00,2025-07-04,20250704132500000,000070,5,8.01,8.01,8.0,8.01,300000,2401376.0
2025-07-04 13:30:00,2025-07-04,20250704133000000,000070,5,8.01,8.01,8.0,8.01,248900,1993040.0
2025-07-04 13:35:00,2025-07-04,20250704133500000,000070,5,8.01,8.01,8.0,8.01,230000,1841144.0
2025-07-04 13:40:00,2025-07-04,20250704134000000,000070,5,8.01,8.01,7.99,8.0,240700,1925672.0
2025-07-04 13:45:00,2025-07-04,20250704134500000,000070,5,8.0,8.01,7.99,8.0,169300,1354344.0
2025-07-04 13:50:00,2025-07-04,20250704135000000,000070,5,8.0,8.0,7.99,7.99,179600,1436728.0
2025-07-04 13:55:00,2025-07-04,20250704135500000,000070,5,8.0,8.01,7.99,8.01,200300,1602728.0
2025-07-04 14:00:00,2025-07-04,20250704140000000,000070,5,8.0,8.01,7.99,8.0,173800,1390464.0
2025-07-04 14:05:00,2025-07-04,20250704140500000,000070,5,8.0,8.01,7.99,7.99,213100,1704104.0
2025-07-04 14:10:00,2025-07-04,20250704141000000,000070,5,8.0,8.0,7.99,7.99,307300,2455744.0
2025-07-04 14:15:00,2025-07-04,20250704141500000,000070,5,7.99,8.0,7.98,7.99,271400,2167488.0
2025-07-04 14:20:00,2025-07-04,20250704142000000,000070,5,7.99,8.0,7.98,8.0,195400,1561056.0
2025-07-04 14:25:00,2025-07-04,20250704142500000,000070,5,7.99,8.0,7.98,7.99,289300,2311936.0
2025-07-04 14:30:00,2025-07-04,20250704143000000,000070,5,8.0,8.0,7.99,7.99,253900,2030368.0
2025-07-04 14:35:00,2025-07-04,20250704143500000,000070,5,8.0,8.01,7.99,8.0,405900,3247664.0
2025-07-04 14:40:00,2025-07-04,20250704144000000,000070,5,8.01,8.01,8.0,8.01,271200,2170912.0
2025-07-04 14:45:00,2025-07-04,20250704144500000,000070,5,8.01,8.08,8.0,8.06,1667600,13410720.0
2025-07-04 14:50:00,2025-07-04,20250704145000000,000070,5,8.05,8.07,8.03,8.04,1054200,8490800.0
2025-07-04 14:55:00,2025-07-04,20250704145500000,000070,5,8.04,8.05,8.03,8.04,873900,7028352.0
2025-07-04 15:00:00,2025-07-04,20250704150000000,000070,5,8.04,8.04,8.03,8.04,771000,6198320.0
2025-07-07 09:35:00,2025-07-07,20250707093500000,000070,5,8.1,8.1,8.02,8.07,2336200,18853524.0
2025-07-07 09:40:00,2025-07-07,20250707094000000,000070,5,8.07,8.07,8.03,8.03,938300,7551940.0
2025-07-07 09:45:00,2025-07-07,20250707094500000,000070,5,8.03,8.08,8.03,8.05,528600,4255554.0
2025-07-07 09:50:00,2025-07-07,20250707095000000,000070,5,8.05,8.06,8.04,8.06,555100,4467638.0
2025-07-07 09:55:00,2025-07-07,20250707095500000,000070,5,8.06,8.09,8.06,8.08,685800,5543896.0
2025-07-07 10:00:00,2025-07-07,20250707100000000,000070,5,8.08,8.09,8.07,8.07,271300,2191152.0
2025-07-07 10:05:00,2025-07-07,20250707100500000,000070,5,8.07,8.08,8.06,8.07,247300,1995728.0
2025-07-07 10:10:00,2025-07-07,20250707101000000,000070,5,8.08,8.08,8.07,8.07,281600,2273640.0
2025-07-07 10:15:00,2025-07-07,20250707101500000,000070,5,8.08,8.09,8.08,8.09,370300,2992272.0
2025-07-07 10:20:00,2025-07-07,20250707102000000,000070,5,8.09,8.11,8.08,8.11,999100,8091164.0
2025-07-07 10:25:00,2025-07-07,20250707102500000,000070,5,8.11,8.11,8.09,8.1,362300,2935980.0
2025-07-07 10:30:00,2025-07-07,20250707103000000,000070,5,8.1,8.1,8.09,8.1,186800,1512360.0
2025-07-07 10:35:00,2025-07-07,20250707103500000,000070,5,8.1,8.1,8.09,8.09,135500,1096856.0
2025-07-07 10:40:00,2025-07-07,20250707104000000,000070,5,8.1,8.11,8.09,8.11,375300,3041316.0
2025-07-07 10:45:00,2025-07-07,20250707104500000,000070,5,8.11,8.12,8.1,8.11,316800,2570220.0
2025-07-07 10:50:00,2025-07-07,20250707105000000,000070,5,8.1,8.1,8.09,8.1,504600,4086448.0
2025-07-07 10:55:00,2025-07-07,20250707105500000,000070,5,8.1,8.11,8.1,8.11,158000,1280168.0
2025-07-07 11:00:00,2025-07-07,20250707110000000,000070,5,8.1,8.11,8.1,8.11,177900,1441424.0
2025-07-07 11:05:00,2025-07-07,20250707110500000,000070,5,8.1,8.11,8.1,8.11,272400,2207344.0
2025-07-07 11:10:00,2025-07-07,20250707111000000,000070,5,8.11,8.11,8.09,8.09,169900,1375648.0
2025-07-07 11:15:00,2025-07-07,20250707111500000,000070,5,8.1,8.1,8.09,8.1,143600,1162688.0
2025-07-07 11:20:00,2025-07-07,20250707112000000,000070,5,8.1,8.11,8.1,8.1,194400,1575256.0
2025-07-07 11:25:00,2025-07-07,20250707112500000,000070,5,8.1,8.1,8.08,8.1,367000,2969120.0
2025-07-07 11:30:00,2025-07-07,20250707113000000,000070,5,8.1,8.1,8.09,8.1,85400,690960.0
2025-07-07 13:05:00,2025-07-07,20250707130500000,000070,5,8.1,8.1,8.08,8.1,360100,2913768.0
2025-07-07 13:10:00,2025-07-07,20250707131000000,000070,5,8.09,8.1,8.09,8.1,204800,1657648.0
2025-07-07 13:15:00,2025-07-07,20250707131500000,000070,5,8.09,8.1,8.07,8.07,628200,5078112.0
2025-07-07 13:20:00,2025-07-07,20250707132000000,000070,5,8.07,8.09,8.07,8.09,184600,1491352.0
2025-07-07 13:25:00,2025-07-07,20250707132500000,000070,5,8.08,8.09,8.07,8.08,230500,1863096.0
2025-07-07 13:30:00,2025-07-07,20250707133000000,000070,5,8.07,8.09,8.07,8.08,273000,2205144.0
2025-07-07 13:35:00,2025-07-07,20250707133500000,000070,5,8.08,8.09,8.07,8.08,529600,4276840.0
2025-07-07 13:40:00,2025-07-07,20250707134000000,000070,5,8.08,8.08,8.06,8.06,480100,3872224.0
2025-07-07 13:45:00,2025-07-07,20250707134500000,000070,5,8.06,8.07,8.05,8.07,334500,2694984.0
2025-07-07 13:50:00,2025-07-07,20250707135000000,000070,5,8.06,8.07,8.04,8.05,510000,4107200.0
2025-07-07 13:55:00,2025-07-07,20250707135500000,000070,5,8.04,8.06,8.04,8.06,315700,2541976.0
2025-07-07 14:00:00,2025-07-07,20250707140000000,000070,5,8.06,8.06,8.04,8.04,300300,2416296.0
2025-07-07 14:05:00,2025-07-07,20250707140500000,000070,5,8.05,8.06,8.04,8.04,217900,1754328.0
2025-07-07 14:10:00,2025-07-07,20250707141000000,000070,5,8.04,8.05,8.04,8.04,190600,1533088.0
2025-07-07 14:15:00,2025-07-07,20250707141500000,000070,5,8.04,8.05,8.04,8.04,385500,3100352.0
2025-07-07 14:20:00,2025-07-07,20250707142000000,000070,5,8.04,8.04,8.01,8.02,594200,4770120.0
2025-07-07 14:25:00,2025-07-07,20250707142500000,000070,5,8.01,8.02,7.99,8.01,1061400,8492904.0
2025-07-07 14:30:00,2025-07-07,20250707143000000,000070,5,8.01,8.01,8.0,8.01,237800,1903824.0
2025-07-07 14:35:00,2025-07-07,20250707143500000,000070,5,8.0,8.02,8.0,8.01,333900,2675200.0
2025-07-07 14:40:00,2025-07-07,20250707144000000,000070,5,8.01,8.02,8.0,8.02,313200,2508064.0
2025-07-07 14:45:00,2025-07-07,20250707144500000,000070,5,8.01,8.02,8.01,8.01,315900,2531136.0
2025-07-07 14:50:00,2025-07-07,20250707145000000,000070,5,8.01,8.01,7.99,8.01,868300,6945872.0
2025-07-07 14:55:00,2025-07-07,20250707145500000,000070,5,8.0,8.02,8.0,8.01,566000,4536416.0
2025-07-07 15:00:00,2025-07-07,20250707150000000,000070,5,8.02,8.03,8.02,8.03,659000,5290288.0
2025-07-09 09:35:00,2025-07-09,20250709093500000,000070,5,7.95,7.95,7.8,7.91,10900200,86053504.0
2025-07-09 09:40:00,2025-07-09,20250709094000000,000070,5,7.9,7.91,7.71,7.71,5135400,40186712.0
2025-07-09 09:45:00,2025-07-09,20250709094500000,000070,5,7.71,7.8,7.67,7.8,5179400,40027352.0
2025-07-09 09:50:00,2025-07-09,20250709095000000,000070,5,7.8,7.84,7.77,7.77,1683600,13147456.0
2025-07-09 09:55:00,2025-07-09,20250709095500000,000070,5,7.77,7.8,7.75,7.79,1736600,13491376.0
2025-07-09 10:00:00,2025-07-09,20250709100000000,000070,5,7.79,7.8,7.74,7.76,1255000,9757184.0
2025-07-09 10:05:00,2025-07-09,20250709100500000,000070,5,7.76,7.78,7.75,7.78,1338600,10392528.0
2025-07-09 10:10:00,2025-07-09,20250709101000000,000070,5,7.77,7.77,7.73,7.74,1429900,11076944.0
2025-07-09 10:15:00,2025-07-09,20250709101500000,000070,5,7.74,7.75,7.72,7.72,1035800,8007008.0
2025-07-09 10:20:00,2025-07-09,20250709102000000,000070,5,7.72,7.72,7.68,7.69,2766900,21292128.0
2025-07-09 10:25:00,2025-07-09,20250709102500000,000070,5,7.69,7.7,7.67,7.68,1753500,13463696.0
2025-07-09 10:30:00,2025-07-09,20250709103000000,000070,5,7.68,7.7,7.67,7.7,1456100,11190736.0
2025-07-09 10:35:00,2025-07-09,20250709103500000,000070,5,7.7,7.77,7.69,7.75,2064800,15970912.0
2025-07-09 10:40:00,2025-07-09,20250709104000000,000070,5,7.75,7.76,7.74,7.76,380100,2947264.0
2025-07-09 10:45:00,2025-07-09,20250709104500000,000070,5,7.76,7.83,7.75,7.8,2069000,16120672.0
2025-07-09 10:50:00,2025-07-09,20250709105000000,000070,5,7.81,7.81,7.8,7.8,559000,4362144.0
2025-07-09 10:55:00,2025-07-09,20250709105500000,000070,5,7.8,7.81,7.79,7.81,300800,2346912.0
2025-07-09 11:00:00,2025-07-09,20250709110000000,000070,5,7.81,7.81,7.8,7.8,516700,4031616.0
2025-07-09 11:05:00,2025-07-09,20250709110500000,000070,5,7.8,7.81,7.8,7.81,743200,5802272.0
2025-07-09 11:10:00,2025-07-09,20250709111000000,000070,5,7.81,7.81,7.8,7.81,279900,2185600.0
2025-07-09 11:15:00,2025-07-09,20250709111500000,000070,5,7.81,7.81,7.8,7.8,430000,3355936.0
2025-07-09 11:20:00,2025-07-09,20250709112000000,000070,5,7.8,7.8,7.78,7.78,245700,1914176.0
2025-07-09 11:25:00,2025-07-09,20250709112500000,000070,5,7.79,7.79,7.78,7.79,216800,1687296.0
2025-07-09 11:30:00,2025-07-09,20250709113000000,000070,5,7.79,7.79,7.76,7.76,424800,3302400.0
2025-07-09 13:05:00,2025-07-09,20250709130500000,000070,5,7.76,7.76,7.74,7.74,440100,3410016.0
2025-07-09 13:10:00,2025-07-09,20250709131000000,000070,5,7.74,7.75,7.73,7.74,379000,2932512.0
2025-07-09 13:15:00,2025-07-09,20250709131500000,000070,5,7.73,7.75,7.73,7.75,440400,3410016.0
2025-07-09 13:20:00,2025-07-09,20250709132000000,000070,5,7.75,7.75,7.74,7.75,175000,1355968.0
2025-07-09 13:25:00,2025-07-09,20250709132500000,000070,5,7.76,7.77,7.75,7.77,227900,1768512.0
2025-07-09 13:30:00,2025-07-09,20250709133000000,000070,5,7.77,7.77,7.76,7.76,397200,3085632.0
2025-07-09 13:35:00,2025-07-09,20250709133500000,000070,5,7.77,7.78,7.76,7.78,202500,1573376.0
2025-07-09 13:40:00,2025-07-09,20250709134000000,000070,5,7.77,7.77,7.76,7.76,286000,2219872.0
2025-07-09 13:45:00,2025-07-09,20250709134500000,000070,5,7.76,7.77,7.76,7.76,208900,1621344.0
2025-07-09 13:50:00,2025-07-09,20250709135000000,000070,5,7.76,7.77,7.75,7.77,212400,1648224.0
2025-07-09 13:55:00,2025-07-09,20250709135500000,000070,5,7.76,7.77,7.75,7.77,153300,1190048.0
2025-07-09 14:00:00,2025-07-09,20250709140000000,000070,5,7.77,7.77,7.76,7.77,183100,1421696.0
2025-07-09 14:05:00,2025-07-09,20250709140500000,000070,5,7.76,7.77,7.76,7.76,283200,2198336.0
2025-07-09 14:10:00,2025-07-09,20250709141000000,000070,5,7.77,7.77,7.74,7.74,605800,4692864.0
2025-07-09 14:15:00,2025-07-09,20250709141500000,000070,5,7.75,7.75,7.72,7.73,555600,4296416.0
2025-07-09 14:20:00,2025-07-09,20250709142000000,000070,5,7.73,7.74,7.7,7.72,934600,7213632.0
2025-07-09 14:25:00,2025-07-09,20250709142500000,000070,5,7.72,7.72,7.7,7.7,720800,5555936.0
2025-07-09 14:30:00,2025-07-09,20250709143000000,000070,5,7.7,7.71,7.69,7.7,771500,5938880.0
2025-07-09 14:35:00,2025-07-09,20250709143500000,000070,5,7.7,7.7,7.69,7.69,475800,3661504.0
2025-07-09 14:40:00,2025-07-09,20250709144000000,000070,5,7.7,7.7,7.69,7.69,488400,3757888.0
2025-07-09 14:45:00,2025-07-09,20250709144500000,000070,5,7.69,7.7,7.67,7.67,1546100,11883488.0
2025-07-09 14:50:00,2025-07-09,20250709145000000,000070,5,7.68,7.68,7.66,7.67,2479000,19011392.0
2025-07-09 14:55:00,2025-07-09,20250709145500000,000070,5,7.67,7.68,7.66,7.66,1619600,12426912.0
2025-07-09 15:00:00,2025-07-09,20250709150000000,000070,5,7.67,7.67,7.66,7.67,1528800,11723488.0
2025-07-10 09:35:00,2025-07-10,20250710093500000,000070,5,7.75,7.94,7.73,7.8,7950200,62452628.0
2025-07-10 09:40:00,2025-07-10,20250710094000000,000070,5,7.81,7.85,7.76,7.81,2585600,20188724.0
2025-07-10 09:45:00,2025-07-10,20250710094500000,000070,5,7.8,7.82,7.78,7.81,1109100,8645120.0
2025-07-10 09:50:00,2025-07-10,20250710095000000,000070,5,7.82,7.84,7.81,7.82,887300,6942288.0
2025-07-10 09:55:00,2025-07-10,20250710095500000,000070,5,7.82,7.83,7.77,7.77,980000,7643120.0
2025-07-10 10:00:00,2025-07-10,20250710100000000,000070,5,7.77,7.78,7.73,7.73,1107600,8587792.0
2025-07-10 10:05:00,2025-07-10,20250710100500000,000070,5,7.73,7.76,7.72,7.75,869400,6729984.0
2025-07-10 10:10:00,2025-07-10,20250710101000000,000070,5,7.75,7.75,7.71,7.72,746400,5765992.0
2025-07-10 10:15:00,2025-07-10,20250710101500000,000070,5,7.72,7.74,7.69,7.71,1126500,8683264.0
2025-07-10 10:20:00,2025-07-10,20250710102000000,000070,5,7.71,7.72,7.7,7.71,296300,2283792.0
2025-07-10 10:25:00,2025-07-10,20250710102500000,000070,5,7.72,7.72,7.7,7.7,138200,1065280.0
2025-07-10 10:30:00,2025-07-10,20250710103000000,000070,5,7.7,7.71,7.69,7.7,613000,4718432.0
2025-07-10 10:35:00,2025-07-10,20250710103500000,000070,5,7.69,7.7,7.69,7.69,403000,3099680.0
2025-07-10 10:40:00,2025-07-10,20250710104000000,000070,5,7.69,7.7,7.67,7.68,713300,5480816.0
2025-07-10 10:45:00,2025-07-10,20250710104500000,000070,5,7.67,7.7,7.66,7.67,419000,3216976.0
2025-07-10 10:50:00,2025-07-10,20250710105000000,000070,5,7.66,7.68,7.65,7.67,678800,5199040.0
2025-07-10 10:55:00,2025-07-10,20250710105500000,000070,5,7.67,7.7,7.67,7.68,429400,3300032.0
2025-07-10 11:00:00,2025-07-10,20250710110000000,000070,5,7.68,7.7,7.67,7.69,511000,3924256.0
2025-07-10 11:05:00,2025-07-10,20250710110500000,000070,5,7.69,7.7,7.69,7.7,577300,4444112.0
2025-07-10 11:10:00,2025-07-10,20250710111000000,000070,5,7.69,7.7,7.68,7.69,159200,1224800.0
2025-07-10 11:15:00,2025-07-10,20250710111500000,000070,5,7.69,7.7,7.68,7.68,96900,744976.0
2025-07-10 11:20:00,2025-07-10,20250710112000000,000070,5,7.68,7.69,7.68,7.68,169800,1304464.0
2025-07-10 11:25:00,2025-07-10,20250710112500000,000070,5,7.68,7.69,7.68,7.69,138400,1063776.0
2025-07-10 11:30:00,2025-07-10,20250710113000000,000070,5,7.69,7.69,7.67,7.68,212300,1630016.0
2025-07-10 13:05:00,2025-07-10,20250710130500000,000070,5,7.67,7.69,7.66,7.67,371000,2847360.0
2025-07-10 13:10:00,2025-07-10,20250710131000000,000070,5,7.66,7.67,7.66,7.66,304900,2336816.0
2025-07-10 13:15:00,2025-07-10,20250710131500000,000070,5,7.66,7.68,7.66,7.67,388300,2978848.0
2025-07-10 13:20:00,2025-07-10,20250710132000000,000070,5,7.68,7.68,7.67,7.68,353800,2716752.0
2025-07-10 13:25:00,2025-07-10,20250710132500000,000070,5,7.67,7.69,7.67,7.68,313600,2408560.0
2025-07-10 13:30:00,2025-07-10,20250710133000000,000070,5,7.68,7.69,7.67,7.68,137500,1055616.0
2025-07-10 13:35:00,2025-07-10,20250710133500000,000070,5,7.68,7.69,7.67,7.67,206100,1582160.0
2025-07-10 13:40:00,2025-07-10,20250710134000000,000070,5,7.67,7.68,7.66,7.67,366800,2813888.0
2025-07-10 13:45:00,2025-07-10,20250710134500000,000070,5,7.67,7.68,7.67,7.68,160700,1233088.0
2025-07-10 13:50:00,2025-07-10,20250710135000000,000070,5,7.67,7.68,7.66,7.67,295400,2265168.0
2025-07-10 13:55:00,2025-07-10,20250710135500000,000070,5,7.67,7.67,7.65,7.66,922600,7063504.0
2025-07-10 14:00:00,2025-07-10,20250710140000000,000070,5,7.65,7.66,7.65,7.66,350900,2686656.0
2025-07-10 14:05:00,2025-07-10,20250710140500000,000070,5,7.66,7.67,7.65,7.65,325100,2489808.0
2025-07-10 14:10:00,2025-07-10,20250710141000000,000070,5,7.65,7.66,7.65,7.65,252000,1929232.0
2025-07-10 14:15:00,2025-07-10,20250710141500000,000070,5,7.66,7.66,7.62,7.62,1314600,10041632.0
2025-07-10 14:20:00,2025-07-10,20250710142000000,000070,5,7.62,7.69,7.62,7.68,1483600,11347424.0
2025-07-10 14:25:00,2025-07-10,20250710142500000,000070,5,7.68,7.77,7.67,7.76,1785800,13766448.0
2025-07-10 14:30:00,2025-07-10,20250710143000000,000070,5,7.73,7.75,7.72,7.75,749400,5800016.0
2025-07-10 14:35:00,2025-07-10,20250710143500000,000070,5,7.74,7.76,7.73,7.73,976200,7564848.0
2025-07-10 14:40:00,2025-07-10,20250710144000000,000070,5,7.73,7.74,7.72,7.72,335300,2590912.0
2025-07-10 14:45:00,2025-07-10,20250710144500000,000070,5,7.73,7.74,7.72,7.73,325800,2518448.0
2025-07-10 14:50:00,2025-07-10,20250710145000000,000070,5,7.73,7.74,7.72,7.72,391700,3025472.0
2025-07-10 14:55:00,2025-07-10,20250710145500000,000070,5,7.72,7.74,7.72,7.73,712100,5502592.0
2025-07-10 15:00:00,2025-07-10,20250710150000000,000070,5,7.73,7.74,7.72,7.74,677700,5239872.0
2025-07-11 09:35:00,2025-07-11,20250711093500000,000070,5,7.69,7.75,7.65,7.71,2403300,18484560.0
2025-07-11 09:40:00,2025-07-11,20250711094000000,000070,5,7.71,7.78,7.71,7.78,1604100,12424504.0
2025-07-11 09:45:00,2025-07-11,20250711094500000,000070,5,7.78,7.78,7.72,7.76,1229400,9519592.0
2025-07-11 09:50:00,2025-07-11,20250711095000000,000070,5,7.75,7.77,7.74,7.74,627700,4866200.0
2025-07-11 09:55:00,2025-07-11,20250711095500000,000070,5,7.76,7.76,7.73,7.73,439000,3398808.0
2025-07-11 10:00:00,2025-07-11,20250711100000000,000070,5,7.75,7.75,7.7,7.71,869900,6709144.0
2025-07-11 10:05:00,2025-07-11,20250711100500000,000070,5,7.71,7.71,7.67,7.7,1135000,8719256.0
2025-07-11 10:10:00,2025-07-11,20250711101000000,000070,5,7.7,7.7,7.64,7.64,1348500,10337488.0
2025-07-11 10:15:00,2025-07-11,20250711101500000,000070,5,7.64,7.66,7.63,7.64,1075500,8221968.0
2025-07-11 10:20:00,2025-07-11,20250711102000000,000070,5,7.64,7.65,7.63,7.63,1224300,9346256.0
2025-07-11 10:25:00,2025-07-11,20250711102500000,000070,5,7.64,7.68,7.62,7.68,655700,5016288.0
2025-07-11 10:30:00,2025-07-11,20250711103000000,000070,5,7.68,7.73,7.66,7.69,716100,5510784.0
2025-07-11 10:35:00,2025-07-11,20250711103500000,000070,5,7.69,7.71,7.69,7.7,216400,1665392.0
2025-07-11 10:40:00,2025-07-11,20250711104000000,000070,5,7.7,7.73,7.69,7.71,587900,4528928.0
2025-07-11 10:45:00,2025-07-11,20250711104500000,000070,5,7.7,7.71,7.69,7.69,100400,773120.0
2025-07-11 10:50:00,2025-07-11,20250711105000000,000070,5,7.7,7.74,7.69,7.72,733400,5656120.0
2025-07-11 10:55:00,2025-07-11,20250711105500000,000070,5,7.72,7.72,7.7,7.71,127300,980992.0
2025-07-11 11:00:00,2025-07-11,20250711110000000,000070,5,7.7,7.7,7.67,7.67,245700,1888232.0
2025-07-11 11:05:00,2025-07-11,20250711110500000,000070,5,7.68,7.68,7.66,7.67,170000,1303840.0
2025-07-11 11:10:00,2025-07-11,20250711111000000,000070,5,7.67,7.68,7.66,7.68,183500,1407136.0
2025-07-11 11:15:00,2025-07-11,20250711111500000,000070,5,7.67,7.69,7.66,7.67,434700,3335224.0
2025-07-11 11:20:00,2025-07-11,20250711112000000,000070,5,7.67,7.67,7.66,7.67,132900,1018672.0
2025-07-11 11:25:00,2025-07-11,20250711112500000,000070,5,7.66,7.68,7.66,7.67,210400,1613248.0
2025-07-11 11:30:00,2025-07-11,20250711113000000,000070,5,7.68,7.71,7.67,7.71,308300,2370592.0
2025-07-11 13:05:00,2025-07-11,20250711130500000,000070,5,7.71,7.74,7.7,7.7,1132400,8746072.0
2025-07-11 13:10:00,2025-07-11,20250711131000000,000070,5,7.69,7.71,7.68,7.7,570600,4391264.0
2025-07-11 13:15:00,2025-07-11,20250711131500000,000070,5,7.7,7.72,7.7,7.7,459500,3542464.0
2025-07-11 13:20:00,2025-07-11,20250711132000000,000070,5,7.72,7.72,7.69,7.7,382400,2945392.0
2025-07-11 13:25:00,2025-07-11,20250711132500000,000070,5,7.7,7.74,7.69,7.73,701700,5413968.0
2025-07-11 13:30:00,2025-07-11,20250711133000000,000070,5,7.72,7.72,7.7,7.7,320200,2470288.0
2025-07-11 13:35:00,2025-07-11,20250711133500000,000070,5,7.7,7.74,7.7,7.72,630800,4870848.0
2025-07-11 13:40:00,2025-07-11,20250711134000000,000070,5,7.72,7.72,7.7,7.7,423400,3266464.0
2025-07-11 13:45:00,2025-07-11,20250711134500000,000070,5,7.7,7.72,7.7,7.72,562000,4332640.0
2025-07-11 13:50:00,2025-07-11,20250711135000000,000070,5,7.72,7.73,7.71,7.73,456200,3520160.0
2025-07-11 13:55:00,2025-07-11,20250711135500000,000070,5,7.72,7.73,7.72,7.73,234000,1806960.0
2025-07-11 14:00:00,2025-07-11,20250711140000000,000070,5,7.72,7.73,7.72,7.72,189000,1459824.0
2025-07-11 14:05:00,2025-07-11,20250711140500000,000070,5,7.73,7.74,7.72,7.73,263600,2036912.0
2025-07-11 14:10:00,2025-07-11,20250711141000000,000070,5,7.73,7.73,7.72,7.72,255600,1973824.0
2025-07-11 14:15:00,2025-07-11,20250711141500000,000070,5,7.72,7.74,7.71,7.73,450700,3480032.0
2025-07-11 14:20:00,2025-07-11,20250711142000000,000070,5,7.73,7.75,7.73,7.74,416400,3222896.0
2025-07-11 14:25:00,2025-07-11,20250711142500000,000070,5,7.73,7.74,7.72,7.72,425000,3283872.0
2025-07-11 14:30:00,2025-07-11,20250711143000000,000070,5,7.72,7.73,7.72,7.72,156500,1208352.0
2025-07-11 14:35:00,2025-07-11,20250711143500000,000070,5,7.72,7.73,7.72,7.72,361200,2788976.0
2025-07-11 14:40:00,2025-07-11,20250711144000000,000070,5,7.72,7.73,7.71,7.71,337700,2606224.0
2025-07-11 14:45:00,2025-07-11,20250711144500000,000070,5,7.72,7.72,7.7,7.71,272200,2098704.0
2025-07-11 14:50:00,2025-07-11,20250711145000000,000070,5,7.71,7.72,7.71,7.72,380900,2937312.0
2025-07-11 14:55:00,2025-07-11,20250711145500000,000070,5,7.71,7.72,7.71,7.72,477500,3681904.0
2025-07-11 15:00:00,2025-07-11,20250711150000000,000070,5,7.72,7.72,7.71,7.72,1011600,7807968.0
2025-07-14 09:35:00,2025-07-14,20250714093500000,000070,5,7.69,7.72,7.62,7.64,2086800,15995468.0
2025-07-14 09:40:00,2025-07-14,20250714094000000,000070,5,7.63,7.64,7.53,7.54,3274500,24854872.0
2025-07-14 09:45:00,2025-07-14,20250714094500000,000070,5,7.54,7.61,7.54,7.58,2013400,15232844.0
2025-07-14 09:50:00,2025-07-14,20250714095000000,000070,5,7.59,7.6,7.55,7.56,1061100,8032876.0
2025-07-14 09:55:00,2025-07-14,20250714095500000,000070,5,7.56,7.56,7.53,7.54,1331700,10046476.0
2025-07-14 10:00:00,2025-07-14,20250714100000000,000070,5,7.55,7.55,7.53,7.55,854700,6446504.0
2025-07-14 10:05:00,2025-07-14,20250714100500000,000070,5,7.55,7.56,7.54,7.54,929900,7019432.0
2025-07-14 10:10:00,2025-07-14,20250714101000000,000070,5,7.54,7.56,7.53,7.53,678100,5115264.0
2025-07-14 10:15:00,2025-07-14,20250714101500000,000070,5,7.53,7.55,7.52,7.54,1510000,11372384.0
2025-07-14 10:20:00,2025-07-14,20250714102000000,000070,5,7.54,7.6,7.53,7.59,687700,5204792.0
2025-07-14 10:25:00,2025-07-14,20250714102500000,000070,5,7.59,7.6,7.57,7.58,355200,2694640.0
2025-07-14 10:30:00,2025-07-14,20250714103000000,000070,5,7.58,7.59,7.54,7.54,518500,3917440.0
2025-07-14 10:35:00,2025-07-14,20250714103500000,000070,5,7.56,7.56,7.54,7.55,519600,3920400.0
2025-07-14 10:40:00,2025-07-14,20250714104000000,000070,5,7.55,7.56,7.54,7.55,136300,1028968.0
2025-07-14 10:45:00,2025-07-14,20250714104500000,000070,5,7.56,7.56,7.54,7.55,372800,2814280.0
2025-07-14 10:50:00,2025-07-14,20250714105000000,000070,5,7.54,7.56,7.53,7.56,429700,3240712.0
2025-07-14 10:55:00,2025-07-14,20250714105500000,000070,5,7.56,7.56,7.54,7.56,278800,2105032.0
2025-07-14 11:00:00,2025-07-14,20250714110000000,000070,5,7.55,7.56,7.54,7.54,186200,1405424.0
2025-07-14 11:05:00,2025-07-14,20250714110500000,000070,5,7.55,7.55,7.54,7.55,178700,1348808.0
2025-07-14 11:10:00,2025-07-14,20250714111000000,000070,5,7.55,7.55,7.53,7.54,245400,1850008.0
2025-07-14 11:15:00,2025-07-14,20250714111500000,000070,5,7.53,7.54,7.52,7.54,464200,3495648.0
2025-07-14 11:20:00,2025-07-14,20250714112000000,000070,5,7.53,7.54,7.52,7.52,111000,835520.0
2025-07-14 11:25:00,2025-07-14,20250714112500000,000070,5,7.53,7.53,7.52,7.52,159100,1197328.0
2025-07-14 11:30:00,2025-07-14,20250714113000000,000070,5,7.53,7.53,7.51,7.51,594000,4467600.0
2025-07-14 13:05:00,2025-07-14,20250714130500000,000070,5,7.51,7.52,7.51,7.51,791200,5943712.0
2025-07-14 13:10:00,2025-07-14,20250714131000000,000070,5,7.51,7.53,7.51,7.52,294800,2215872.0
2025-07-14 13:15:00,2025-07-14,20250714131500000,000070,5,7.52,7.52,7.51,7.51,209100,1571680.0
2025-07-14 13:20:00,2025-07-14,20250714132000000,000070,5,7.51,7.52,7.5,7.52,516100,3874528.0
2025-07-14 13:25:00,2025-07-14,20250714132500000,000070,5,7.52,7.53,7.51,7.52,173400,1303760.0
2025-07-14 13:30:00,2025-07-14,20250714133000000,000070,5,7.53,7.55,7.53,7.54,316600,2386528.0
2025-07-14 13:35:00,2025-07-14,20250714133500000,000070,5,7.54,7.55,7.54,7.54,46300,349264.0
2025-07-14 13:40:00,2025-07-14,20250714134000000,000070,5,7.54,7.55,7.54,7.54,85200,642640.0
2025-07-14 13:45:00,2025-07-14,20250714134500000,000070,5,7.54,7.55,7.54,7.55,114300,862416.0
2025-07-14 13:50:00,2025-07-14,20250714135000000,000070,5,7.55,7.55,7.53,7.54,205900,1552400.0
2025-07-14 13:55:00,2025-07-14,20250714135500000,000070,5,7.54,7.55,7.53,7.53,200200,1508144.0
2025-07-14 14:00:00,2025-07-14,20250714140000000,000070,5,7.53,7.54,7.53,7.53,101300,763200.0
2025-07-14 14:05:00,2025-07-14,20250714140500000,000070,5,7.53,7.54,7.53,7.54,270700,2038752.0
2025-07-14 14:10:00,2025-07-14,20250714141000000,000070,5,7.53,7.54,7.53,7.54,271800,2046928.0
2025-07-14 14:15:00,2025-07-14,20250714141500000,000070,5,7.54,7.54,7.52,7.52,611900,4603920.0
2025-07-14 14:20:00,2025-07-14,20250714142000000,000070,5,7.52,7.54,7.52,7.52,358300,2697376.0
2025-07-14 14:25:00,2025-07-14,20250714142500000,000070,5,7.53,7.53,7.52,7.52,319900,2407760.0
2025-07-14 14:30:00,2025-07-14,20250714143000000,000070,5,7.53,7.54,7.53,7.54,205600,1548464.0
2025-07-14 14:35:00,2025-07-14,20250714143500000,000070,5,7.53,7.54,7.53,7.53,354100,2667632.0
2025-07-14 14:40:00,2025-07-14,20250714144000000,000070,5,7.53,7.53,7.51,7.52,833400,6262144.0
2025-07-14 14:45:00,2025-07-14,20250714144500000,000070,5,7.52,7.52,7.5,7.51,606600,4555552.0
2025-07-14 14:50:00,2025-07-14,20250714145000000,000070,5,7.51,7.52,7.5,7.52,595400,4471072.0
2025-07-14 14:55:00,2025-07-14,20250714145500000,000070,5,7.52,7.52,7.5,7.52,982300,7377200.0
2025-07-14 15:00:00,2025-07-14,20250714150000000,000070,5,7.51,7.54,7.51,7.53,1035600,7795696.0
2025-07-15 09:35:00,2025-07-15,20250715093500000,000070,5,7.73,7.78,7.68,7.76,10057400,77901240.0
2025-07-15 09:40:00,2025-07-15,20250715094000000,000070,5,7.76,7.93,7.74,7.93,9187700,72194136.0
2025-07-15 09:45:00,2025-07-15,20250715094500000,000070,5,7.93,8.05,7.9,7.96,7924100,63186128.0
2025-07-15 09:50:00,2025-07-15,20250715095000000,000070,5,7.95,8.06,7.95,8.05,5375800,43145312.0
2025-07-15 09:55:00,2025-07-15,20250715095500000,000070,5,8.06,8.06,7.93,7.94,2842800,22783968.0
2025-07-15 10:00:00,2025-07-15,20250715100000000,000070,5,7.93,7.93,7.84,7.86,2992800,23584192.0
2025-07-15 10:05:00,2025-07-15,20250715100500000,000070,5,7.86,7.86,7.77,7.82,2638000,20600256.0
2025-07-15 10:10:00,2025-07-15,20250715101000000,000070,5,7.82,7.83,7.77,7.78,1231000,9584352.0
2025-07-15 10:15:00,2025-07-15,20250715101500000,000070,5,7.77,7.79,7.76,7.76,1023600,7956096.0
2025-07-15 10:20:00,2025-07-15,20250715102000000,000070,5,7.75,7.77,7.73,7.77,1218000,9439296.0
2025-07-15 10:25:00,2025-07-15,20250715102500000,000070,5,7.77,7.8,7.76,7.78,964700,7508800.0
2025-07-15 10:30:00,2025-07-15,20250715103000000,000070,5,7.78,7.79,7.75,7.78,571600,4441920.0
2025-07-15 10:35:00,2025-07-15,20250715103500000,000070,5,7.78,7.79,7.76,7.78,599400,4661056.0
2025-07-15 10:40:00,2025-07-15,20250715104000000,000070,5,7.78,7.81,7.77,7.81,417200,3250720.0
2025-07-15 10:45:00,2025-07-15,20250715104500000,000070,5,7.81,7.83,7.8,7.82,578300,4520288.0
2025-07-15 10:50:00,2025-07-15,20250715105000000,000070,5,7.82,7.82,7.8,7.8,286600,2236960.0
2025-07-15 10:55:00,2025-07-15,20250715105500000,000070,5,7.79,7.83,7.79,7.81,322200,2517280.0
2025-07-15 11:00:00,2025-07-15,20250715110000000,000070,5,7.83,7.85,7.81,7.82,483500,3785184.0
2025-07-15 11:05:00,2025-07-15,20250715110500000,000070,5,7.81,7.83,7.8,7.81,508900,3978560.0
2025-07-15 11:10:00,2025-07-15,20250715111000000,000070,5,7.81,7.81,7.76,7.77,650800,5066720.0
2025-07-15 11:15:00,2025-07-15,20250715111500000,000070,5,7.78,7.78,7.76,7.77,270500,2100608.0
2025-07-15 11:20:00,2025-07-15,20250715112000000,000070,5,7.77,7.79,7.76,7.78,452600,3520480.0
2025-07-15 11:25:00,2025-07-15,20250715112500000,000070,5,7.77,7.77,7.75,7.76,355100,2756320.0
2025-07-15 11:30:00,2025-07-15,20250715113000000,000070,5,7.77,7.77,7.73,7.73,483600,3748832.0
2025-07-15 13:05:00,2025-07-15,20250715130500000,000070,5,7.74,7.76,7.74,7.76,249100,1929952.0
2025-07-15 13:10:00,2025-07-15,20250715131000000,000070,5,7.76,7.79,7.75,7.79,469600,3647648.0
2025-07-15 13:15:00,2025-07-15,20250715131500000,000070,5,7.77,7.78,7.76,7.77,318500,2475328.0
2025-07-15 13:20:00,2025-07-15,20250715132000000,000070,5,7.77,7.78,7.76,7.77,210800,1637888.0
2025-07-15 13:25:00,2025-07-15,20250715132500000,000070,5,7.76,7.77,7.74,7.75,278300,2157536.0
2025-07-15 13:30:00,2025-07-15,20250715133000000,000070,5,7.75,7.77,7.75,7.76,287100,2228352.0
2025-07-15 13:35:00,2025-07-15,20250715133500000,000070,5,7.76,7.76,7.75,7.76,211000,1636192.0
2025-07-15 13:40:00,2025-07-15,20250715134000000,000070,5,7.76,7.76,7.75,7.76,247600,1920640.0
2025-07-15 13:45:00,2025-07-15,20250715134500000,000070,5,7.76,7.77,7.75,7.76,211000,1637824.0
2025-07-15 13:50:00,2025-07-15,20250715135000000,000070,5,7.76,7.76,7.75,7.75,247500,1918368.0
2025-07-15 13:55:00,2025-07-15,20250715135500000,000070,5,7.75,7.76,7.74,7.76,114200,885088.0
2025-07-15 14:00:00,2025-07-15,20250715140000000,000070,5,7.75,7.76,7.74,7.75,270400,2095712.0
2025-07-15 14:05:00,2025-07-15,20250715140500000,000070,5,7.75,7.76,7.74,7.76,215700,1671712.0
2025-07-15 14:10:00,2025-07-15,20250715141000000,000070,5,7.76,7.76,7.75,7.75,260900,2023584.0
2025-07-15 14:15:00,2025-07-15,20250715141500000,000070,5,7.76,7.76,7.75,7.75,274600,2128352.0
2025-07-15 14:20:00,2025-07-15,20250715142000000,000070,5,7.75,7.76,7.75,7.76,164700,1277184.0
2025-07-15 14:25:00,2025-07-15,20250715142500000,000070,5,7.76,7.76,7.75,7.75,263100,2040416.0
2025-07-15 14:30:00,2025-07-15,20250715143000000,000070,5,7.76,7.76,7.74,7.75,481800,3734528.0
2025-07-15 14:35:00,2025-07-15,20250715143500000,000070,5,7.75,7.76,7.74,7.76,278900,2162208.0
2025-07-15 14:40:00,2025-07-15,20250715144000000,000070,5,7.76,7.77,7.75,7.76,591000,4588608.0
2025-07-15 14:45:00,2025-07-15,20250715144500000,000070,5,7.77,7.77,7.75,7.76,724400,5621568.0
2025-07-15 14:50:00,2025-07-15,20250715145000000,000070,5,7.76,7.76,7.75,7.76,670500,5199392.0
2025-07-15 14:55:00,2025-07-15,20250715145500000,000070,5,7.76,7.76,7.74,7.75,914400,7087232.0
2025-07-15 15:00:00,2025-07-15,20250715150000000,000070,5,7.75,7.75,7.74,7.74,919700,7119840.0
2025-07-16 09:35:00,2025-07-16,20250716093500000,000070,5,7.7,7.71,7.6,7.65,5122000,39164512.0
2025-07-16 09:40:00,2025-07-16,20250716094000000,000070,5,7.63,7.69,7.61,7.69,2446000,18678824.0
2025-07-16 09:45:00,2025-07-16,20250716094500000,000070,5,7.69,7.75,7.69,7.73,1341700,10364560.0
2025-07-16 09:50:00,2025-07-16,20250716095000000,000070,5,7.73,7.73,7.7,7.73,955900,7373176.0
2025-07-16 09:55:00,2025-07-16,20250716095500000,000070,5,7.73,7.74,7.72,7.73,851000,6578168.0
2025-07-16 10:00:00,2025-07-16,20250716100000000,000070,5,7.73,7.74,7.71,7.73,908900,7019536.0
2025-07-16 10:05:00,2025-07-16,20250716100500000,000070,5,7.73,7.76,7.73,7.76,840400,6506696.0
2025-07-16 10:10:00,2025-07-16,20250716101000000,000070,5,7.76,7.76,7.74,7.75,788200,6109288.0
2025-07-16 10:15:00,2025-07-16,20250716101500000,000070,5,7.74,7.79,7.72,7.77,1420900,11017032.0
2025-07-16 10:20:00,2025-07-16,20250716102000000,000070,5,7.76,7.79,7.75,7.75,828800,6442120.0
2025-07-16 10:25:00,2025-07-16,20250716102500000,000070,5,7.75,7.77,7.74,7.76,476900,3697176.0
2025-07-16 10:30:00,2025-07-16,20250716103000000,000070,5,7.75,7.77,7.74,7.74,377800,2928272.0
2025-07-16 10:35:00,2025-07-16,20250716103500000,000070,5,7.73,7.74,7.72,7.72,434200,3354992.0
2025-07-16 10:40:00,2025-07-16,20250716104000000,000070,5,7.72,7.73,7.71,7.71,574100,4430312.0
2025-07-16 10:45:00,2025-07-16,20250716104500000,000070,5,7.71,7.71,7.67,7.67,1302500,10017960.0
2025-07-16 10:50:00,2025-07-16,20250716105000000,000070,5,7.69,7.7,7.67,7.69,368900,2834096.0
2025-07-16 10:55:00,2025-07-16,20250716105500000,000070,5,7.69,7.69,7.67,7.67,452300,3471584.0
2025-07-16 11:00:00,2025-07-16,20250716110000000,000070,5,7.66,7.71,7.66,7.7,387700,2980368.0
2025-07-16 11:05:00,2025-07-16,20250716110500000,000070,5,7.69,7.71,7.69,7.69,99200,763552.0
2025-07-16 11:10:00,2025-07-16,20250716111000000,000070,5,7.69,7.7,7.67,7.67,293800,2255680.0
2025-07-16 11:15:00,2025-07-16,20250716111500000,000070,5,7.68,7.69,7.67,7.68,199000,1528672.0
2025-07-16 11:20:00,2025-07-16,20250716112000000,000070,5,7.69,7.7,7.68,7.69,47500,365312.0
2025-07-16 11:25:00,2025-07-16,20250716112500000,000070,5,7.69,7.7,7.68,7.68,218000,1676080.0
2025-07-16 11:30:00,2025-07-16,20250716113000000,000070,5,7.68,7.7,7.68,7.7,115800,890464.0
2025-07-16 13:05:00,2025-07-16,20250716130500000,000070,5,7.69,7.71,7.66,7.68,658800,5059440.0
2025-07-16 13:10:00,2025-07-16,20250716131000000,000070,5,7.67,7.67,7.63,7.64,894700,6845104.0
2025-07-16 13:15:00,2025-07-16,20250716131500000,000070,5,7.64,7.65,7.62,7.63,754600,5758816.0
2025-07-16 13:20:00,2025-07-16,20250716132000000,000070,5,7.62,7.65,7.61,7.64,421900,3218720.0
2025-07-16 13:25:00,2025-07-16,20250716132500000,000070,5,7.64,7.65,7.63,7.64,245700,1877344.0
2025-07-16 13:30:00,2025-07-16,20250716133000000,000070,5,7.64,7.65,7.63,7.64,189400,1447392.0
2025-07-16 13:35:00,2025-07-16,20250716133500000,000070,5,7.63,7.65,7.63,7.64,225500,1723696.0
2025-07-16 13:40:00,2025-07-16,20250716134000000,000070,5,7.64,7.66,7.64,7.65,291800,2232432.0
2025-07-16 13:45:00,2025-07-16,20250716134500000,000070,5,7.64,7.65,7.63,7.63,230400,1760336.0
2025-07-16 13:50:00,2025-07-16,20250716135000000,000070,5,7.63,7.63,7.61,7.62,604500,4607120.0
2025-07-16 13:55:00,2025-07-16,20250716135500000,000070,5,7.62,7.63,7.62,7.63,264100,2012768.0
2025-07-16 14:00:00,2025-07-16,20250716140000000,000070,5,7.62,7.66,7.62,7.65,354300,2706976.0
2025-07-16 14:05:00,2025-07-16,20250716140500000,000070,5,7.66,7.67,7.64,7.64,214700,1642896.0
2025-07-16 14:10:00,2025-07-16,20250716141000000,000070,5,7.64,7.64,7.63,7.63,80300,613296.0
2025-07-16 14:15:00,2025-07-16,20250716141500000,000070,5,7.63,7.65,7.63,7.64,220800,1687264.0
2025-07-16 14:20:00,2025-07-16,20250716142000000,000070,5,7.64,7.66,7.64,7.66,409900,3134704.0
2025-07-16 14:25:00,2025-07-16,20250716142500000,000070,5,7.66,7.66,7.64,7.64,354000,2705504.0
2025-07-16 14:30:00,2025-07-16,20250716143000000,000070,5,7.64,7.64,7.62,7.63,457300,3489136.0
2025-07-16 14:35:00,2025-07-16,20250716143500000,000070,5,7.63,7.63,7.61,7.61,542700,4135648.0
2025-07-16 14:40:00,2025-07-16,20250716144000000,000070,5,7.62,7.63,7.61,7.62,241300,1838720.0
2025-07-16 14:45:00,2025-07-16,20250716144500000,000070,5,7.63,7.63,7.62,7.62,304800,2323968.0
2025-07-16 14:50:00,2025-07-16,20250716145000000,000070,5,7.63,7.63,7.62,7.62,412400,3144592.0
2025-07-16 14:55:00,2025-07-16,20250716145500000,000070,5,7.63,7.64,7.62,7.64,478900,3653856.0
2025-07-16 15:00:00,2025-07-16,20250716150000000,000070,5,7.64,7.64,7.63,7.64,598800,4573280.0
2025-07-17 09:35:00,2025-07-17,20250717093500000,000070,5,7.59,7.63,7.56,7.57,2626800,19894844.0
2025-07-17 09:40:00,2025-07-17,20250717094000000,000070,5,7.56,7.61,7.56,7.61,1069600,8103790.0
2025-07-17 09:45:00,2025-07-17,20250717094500000,000070,5,7.61,7.65,7.59,7.61,1012000,7709198.0
2025-07-17 09:50:00,2025-07-17,20250717095000000,000070,5,7.61,7.61,7.57,7.59,834300,6331328.0
2025-07-17 09:55:00,2025-07-17,20250717095500000,000070,5,7.58,7.62,7.58,7.6,633600,4813048.0
2025-07-17 10:00:00,2025-07-17,20250717100000000,000070,5,7.61,7.63,7.58,7.63,809900,6155284.0
2025-07-17 10:05:00,2025-07-17,20250717100500000,000070,5,7.63,7.64,7.62,7.62,384700,2934092.0
2025-07-17 10:10:00,2025-07-17,20250717101000000,000070,5,7.62,7.63,7.61,7.62,213200,1624040.0
2025-07-17 10:15:00,2025-07-17,20250717101500000,000070,5,7.62,7.67,7.61,7.65,1077500,8238028.0
2025-07-17 10:20:00,2025-07-17,20250717102000000,000070,5,7.65,7.69,7.65,7.66,1086600,8332108.0
2025-07-17 10:25:00,2025-07-17,20250717102500000,000070,5,7.66,7.67,7.63,7.63,438700,3354320.0
2025-07-17 10:30:00,2025-07-17,20250717103000000,000070,5,7.62,7.64,7.62,7.63,290700,2217896.0
2025-07-17 10:35:00,2025-07-17,20250717103500000,000070,5,7.63,7.64,7.63,7.63,174800,1333880.0
2025-07-17 10:40:00,2025-07-17,20250717104000000,000070,5,7.64,7.64,7.62,7.62,448000,3418880.0
2025-07-17 10:45:00,2025-07-17,20250717104500000,000070,5,7.62,7.64,7.62,7.63,396300,3022808.0
2025-07-17 10:50:00,2025-07-17,20250717105000000,000070,5,7.63,7.63,7.62,7.63,166800,1272176.0
2025-07-17 10:55:00,2025-07-17,20250717105500000,000070,5,7.63,7.71,7.63,7.68,1835500,14083216.0
2025-07-17 11:00:00,2025-07-17,20250717110000000,000070,5,7.69,7.69,7.67,7.67,284100,2181624.0
2025-07-17 11:05:00,2025-07-17,20250717110500000,000070,5,7.67,7.68,7.66,7.66,129300,991568.0
2025-07-17 11:10:00,2025-07-17,20250717111000000,000070,5,7.66,7.68,7.65,7.67,432900,3319312.0
2025-07-17 11:15:00,2025-07-17,20250717111500000,000070,5,7.68,7.68,7.66,7.67,213100,1634608.0
2025-07-17 11:20:00,2025-07-17,20250717112000000,000070,5,7.67,7.69,7.67,7.68,162000,1244352.0
2025-07-17 11:25:00,2025-07-17,20250717112500000,000070,5,7.68,7.7,7.68,7.7,598200,4602384.0
2025-07-17 11:30:00,2025-07-17,20250717113000000,000070,5,7.69,7.71,7.68,7.7,347900,2675240.0
2025-07-17 13:05:00,2025-07-17,20250717130500000,000070,5,7.7,7.7,7.68,7.68,212200,1632128.0
2025-07-17 13:10:00,2025-07-17,20250717131000000,000070,5,7.68,7.69,7.68,7.69,172800,1327872.0
2025-07-17 13:15:00,2025-07-17,20250717131500000,000070,5,7.69,7.7,7.68,7.68,160100,1230896.0
2025-07-17 13:20:00,2025-07-17,20250717132000000,000070,5,7.68,7.69,7.67,7.67,360600,2768224.0
2025-07-17 13:25:00,2025-07-17,20250717132500000,000070,5,7.67,7.68,7.66,7.67,262200,2010520.0
2025-07-17 13:30:00,2025-07-17,20250717133000000,000070,5,7.67,7.71,7.66,7.7,816100,6266688.0
2025-07-17 13:35:00,2025-07-17,20250717133500000,000070,5,7.7,7.7,7.68,7.69,295500,2272224.0
2025-07-17 13:40:00,2025-07-17,20250717134000000,000070,5,7.69,7.69,7.66,7.67,225400,1729760.0
2025-07-17 13:45:00,2025-07-17,20250717134500000,000070,5,7.67,7.7,7.66,7.68,542700,4169776.0
2025-07-17 13:50:00,2025-07-17,20250717135000000,000070,5,7.68,7.69,7.67,7.68,167800,1289040.0
2025-07-17 13:55:00,2025-07-17,20250717135500000,000070,5,7.68,7.69,7.67,7.68,123800,950432.0
2025-07-17 14:00:00,2025-07-17,20250717140000000,000070,5,7.68,7.68,7.65,7.66,468100,3585840.0
2025-07-17 14:05:00,2025-07-17,20250717140500000,000070,5,7.66,7.67,7.65,7.66,187500,1435904.0
2025-07-17 14:10:00,2025-07-17,20250717141000000,000070,5,7.65,7.66,7.65,7.66,105000,803536.0
2025-07-17 14:15:00,2025-07-17,20250717141500000,000070,5,7.66,7.66,7.64,7.64,309900,2370416.0
2025-07-17 14:20:00,2025-07-17,20250717142000000,000070,5,7.64,7.65,7.63,7.64,493700,3771376.0
2025-07-17 14:25:00,2025-07-17,20250717142500000,000070,5,7.64,7.65,7.63,7.63,344700,2631392.0
2025-07-17 14:30:00,2025-07-17,20250717143000000,000070,5,7.63,7.64,7.63,7.63,171200,1306672.0
2025-07-17 14:35:00,2025-07-17,20250717143500000,000070,5,7.63,7.64,7.63,7.64,227500,1737792.0
2025-07-17 14:40:00,2025-07-17,20250717144000000,000070,5,7.64,7.65,7.63,7.63,311200,2377760.0
2025-07-17 14:45:00,2025-07-17,20250717144500000,000070,5,7.64,7.64,7.63,7.63,194400,1484768.0
2025-07-17 14:50:00,2025-07-17,20250717145000000,000070,5,7.64,7.65,7.63,7.63,806600,6158048.0
2025-07-17 14:55:00,2025-07-17,20250717145500000,000070,5,7.63,7.64,7.61,7.64,925200,7058208.0
2025-07-17 15:00:00,2025-07-17,20250717150000000,000070,5,7.64,7.64,7.62,7.62,702700,5358672.0
2025-07-18 09:35:00,2025-07-18,20250718093500000,000070,5,7.65,7.67,7.61,7.62,894000,6826177.0
2025-07-18 09:40:00,2025-07-18,20250718094000000,000070,5,7.63,7.64,7.6,7.6,797600,6071059.0
2025-07-18 09:45:00,2025-07-18,20250718094500000,000070,5,7.6,7.63,7.59,7.63,702100,5338136.0
2025-07-18 09:50:00,2025-07-18,20250718095000000,000070,5,7.61,7.62,7.59,7.61,597600,4543436.0
2025-07-18 09:55:00,2025-07-18,20250718095500000,000070,5,7.61,7.61,7.59,7.6,451700,3432568.0
2025-07-18 10:00:00,2025-07-18,20250718100000000,000070,5,7.61,7.61,7.6,7.61,266600,2027244.0
2025-07-18 10:05:00,2025-07-18,20250718100500000,000070,5,7.61,7.61,7.59,7.59,707300,5371784.0
2025-07-18 10:10:00,2025-07-18,20250718101000000,000070,5,7.59,7.62,7.58,7.62,481400,3655816.0
2025-07-18 10:15:00,2025-07-18,20250718101500000,000070,5,7.62,7.65,7.62,7.64,819600,6258932.0
2025-07-18 10:20:00,2025-07-18,20250718102000000,000070,5,7.64,7.8,7.62,7.79,2941500,22711340.0
2025-07-18 10:25:00,2025-07-18,20250718102500000,000070,5,7.82,7.85,7.76,7.84,4470700,34877932.0
2025-07-18 10:30:00,2025-07-18,20250718103000000,000070,5,7.83,7.85,7.77,7.78,3032900,23706328.0
2025-07-18 10:35:00,2025-07-18,20250718103500000,000070,5,7.78,7.79,7.75,7.77,1042300,8096848.0
2025-07-18 10:40:00,2025-07-18,20250718104000000,000070,5,7.77,7.77,7.74,7.75,821400,6367712.0
2025-07-18 10:45:00,2025-07-18,20250718104500000,000070,5,7.74,7.77,7.74,7.76,377500,2929312.0
2025-07-18 10:50:00,2025-07-18,20250718105000000,000070,5,7.76,7.78,7.76,7.77,441700,3431600.0
2025-07-18 10:55:00,2025-07-18,20250718105500000,000070,5,7.78,7.78,7.76,7.76,266600,2072112.0
2025-07-18 11:00:00,2025-07-18,20250718110000000,000070,5,7.76,7.76,7.75,7.75,318300,2468880.0
2025-07-18 11:05:00,2025-07-18,20250718110500000,000070,5,7.76,7.8,7.75,7.79,1196700,9313488.0
2025-07-18 11:10:00,2025-07-18,20250718111000000,000070,5,7.79,7.79,7.75,7.78,358100,2783184.0
2025-07-18 11:15:00,2025-07-18,20250718111500000,000070,5,7.79,7.79,7.76,7.76,240000,1866592.0
2025-07-18 11:20:00,2025-07-18,20250718112000000,000070,5,7.77,7.77,7.76,7.76,171300,1330128.0
2025-07-18 11:25:00,2025-07-18,20250718112500000,000070,5,7.76,7.78,7.76,7.77,317000,2464048.0
2025-07-18 11:30:00,2025-07-18,20250718113000000,000070,5,7.77,7.78,7.76,7.78,139400,1083840.0
2025-07-18 13:05:00,2025-07-18,20250718130500000,000070,5,7.78,7.78,7.73,7.74,435600,3377168.0
2025-07-18 13:10:00,2025-07-18,20250718131000000,000070,5,7.74,7.75,7.7,7.72,943600,7283136.0
2025-07-18 13:15:00,2025-07-18,20250718131500000,000070,5,7.72,7.74,7.71,7.71,229100,1769824.0
2025-07-18 13:20:00,2025-07-18,20250718132000000,000070,5,7.72,7.72,7.71,7.71,193300,1490672.0
2025-07-18 13:25:00,2025-07-18,20250718132500000,000070,5,7.71,7.72,7.71,7.72,89300,689136.0
2025-07-18 13:30:00,2025-07-18,20250718133000000,000070,5,7.72,7.72,7.71,7.71,177500,1369600.0
2025-07-18 13:35:00,2025-07-18,20250718133500000,000070,5,7.72,7.72,7.69,7.7,446900,3442816.0
2025-07-18 13:40:00,2025-07-18,20250718134000000,000070,5,7.69,7.7,7.69,7.7,101400,780544.0
2025-07-18 13:45:00,2025-07-18,20250718134500000,000070,5,7.7,7.71,7.69,7.69,268900,2069168.0
2025-07-18 13:50:00,2025-07-18,20250718135000000,000070,5,7.68,7.69,7.67,7.68,379300,2912960.0
2025-07-18 13:55:00,2025-07-18,20250718135500000,000070,5,7.67,7.69,7.67,7.69,103600,795776.0
2025-07-18 14:00:00,2025-07-18,20250718140000000,000070,5,7.69,7.7,7.68,7.69,85900,660336.0
2025-07-18 14:05:00,2025-07-18,20250718140500000,000070,5,7.69,7.69,7.68,7.69,126200,969936.0
2025-07-18 14:10:00,2025-07-18,20250718141000000,000070,5,7.68,7.68,7.67,7.67,504400,3871488.0
2025-07-18 14:15:00,2025-07-18,20250718141500000,000070,5,7.67,7.68,7.66,7.67,100800,773536.0
2025-07-18 14:20:00,2025-07-18,20250718142000000,000070,5,7.67,7.68,7.67,7.68,150300,1153984.0
2025-07-18 14:25:00,2025-07-18,20250718142500000,000070,5,7.68,7.68,7.67,7.68,137400,1055072.0
2025-07-18 14:30:00,2025-07-18,20250718143000000,000070,5,7.67,7.69,7.67,7.68,101900,782848.0
2025-07-18 14:35:00,2025-07-18,20250718143500000,000070,5,7.69,7.69,7.68,7.69,167400,1286560.0
2025-07-18 14:40:00,2025-07-18,20250718144000000,000070,5,7.69,7.69,7.68,7.69,181900,1398448.0
2025-07-18 14:45:00,2025-07-18,20250718144500000,000070,5,7.68,7.7,7.68,7.7,202500,1556848.0
2025-07-18 14:50:00,2025-07-18,20250718145000000,000070,5,7.69,7.7,7.68,7.68,333700,2566640.0
2025-07-18 14:55:00,2025-07-18,20250718145500000,000070,5,7.69,7.7,7.68,7.7,336900,2591424.0
2025-07-18 15:00:00,2025-07-18,20250718150000000,000070,5,7.7,7.73,7.69,7.73,1076000,8297312.0
2025-07-21 09:35:00,2025-07-21,20250721093500000,000070,5,7.71,7.75,7.68,7.7,1447300,11144665.0
2025-07-21 09:40:00,2025-07-21,20250721094000000,000070,5,7.71,7.72,7.66,7.67,1197100,9202999.0
2025-07-21 09:45:00,2025-07-21,20250721094500000,000070,5,7.67,7.7,7.66,7.67,741700,5694438.0
2025-07-21 09:50:00,2025-07-21,20250721095000000,000070,5,7.67,7.67,7.65,7.66,1594300,12209106.0
2025-07-21 09:55:00,2025-07-21,20250721095500000,000070,5,7.66,7.68,7.65,7.66,872900,6687272.0
2025-07-21 10:00:00,2025-07-21,20250721100000000,000070,5,7.67,7.69,7.66,7.68,667900,5124076.0
2025-07-21 10:05:00,2025-07-21,20250721100500000,000070,5,7.67,7.69,7.66,7.66,877300,6721192.0
2025-07-21 10:10:00,2025-07-21,20250721101000000,000070,5,7.67,7.67,7.66,7.67,330000,2528540.0
2025-07-21 10:15:00,2025-07-21,20250721101500000,000070,5,7.67,7.68,7.66,7.67,219900,1686164.0
2025-07-21 10:20:00,2025-07-21,20250721102000000,000070,5,7.67,7.68,7.67,7.68,272300,2090668.0
2025-07-21 10:25:00,2025-07-21,20250721102500000,000070,5,7.68,7.68,7.67,7.68,219300,1682640.0
2025-07-21 10:30:00,2025-07-21,20250721103000000,000070,5,7.68,7.68,7.66,7.66,378300,2900984.0
2025-07-21 10:35:00,2025-07-21,20250721103500000,000070,5,7.67,7.68,7.66,7.68,229500,1759872.0
2025-07-21 10:40:00,2025-07-21,20250721104000000,000070,5,7.67,7.68,7.67,7.67,152100,1167496.0
2025-07-21 10:45:00,2025-07-21,20250721104500000,000070,5,7.67,7.68,7.67,7.67,139500,1070080.0
2025-07-21 10:50:00,2025-07-21,20250721105000000,000070,5,7.67,7.68,7.66,7.66,257100,1971480.0
2025-07-21 10:55:00,2025-07-21,20250721105500000,000070,5,7.67,7.68,7.66,7.67,114500,878088.0
2025-07-21 11:00:00,2025-07-21,20250721110000000,000070,5,7.67,7.68,7.67,7.67,120300,922816.0
2025-07-21 11:05:00,2025-07-21,20250721110500000,000070,5,7.67,7.68,7.67,7.68,100700,772392.0
2025-07-21 11:10:00,2025-07-21,20250721111000000,000070,5,7.67,7.68,7.66,7.66,191700,1470416.0
2025-07-21 11:15:00,2025-07-21,20250721111500000,000070,5,7.66,7.67,7.66,7.67,151600,1161568.0
2025-07-21 11:20:00,2025-07-21,20250721112000000,000070,5,7.66,7.67,7.64,7.65,1040400,7963712.0
2025-07-21 11:25:00,2025-07-21,20250721112500000,000070,5,7.64,7.66,7.64,7.66,280300,2143760.0
2025-07-21 11:30:00,2025-07-21,20250721113000000,000070,5,7.66,7.66,7.65,7.66,145000,1109776.0
2025-07-21 13:05:00,2025-07-21,20250721130500000,000070,5,7.65,7.66,7.63,7.64,453800,3469056.0
2025-07-21 13:10:00,2025-07-21,20250721131000000,000070,5,7.63,7.65,7.63,7.64,257600,1967600.0
2025-07-21 13:15:00,2025-07-21,20250721131500000,000070,5,7.65,7.65,7.63,7.64,239100,1826424.0
2025-07-21 13:20:00,2025-07-21,20250721132000000,000070,5,7.65,7.65,7.64,7.65,200800,1534944.0
2025-07-21 13:25:00,2025-07-21,20250721132500000,000070,5,7.65,7.65,7.64,7.65,242700,1855504.0
2025-07-21 13:30:00,2025-07-21,20250721133000000,000070,5,7.65,7.65,7.64,7.65,131100,1002736.0
2025-07-21 13:35:00,2025-07-21,20250721133500000,000070,5,7.64,7.65,7.64,7.64,123900,947272.0
2025-07-21 13:40:00,2025-07-21,20250721134000000,000070,5,7.65,7.65,7.64,7.65,324400,2481520.0
2025-07-21 13:45:00,2025-07-21,20250721134500000,000070,5,7.65,7.66,7.65,7.65,192500,1472824.0
2025-07-21 13:50:00,2025-07-21,20250721135000000,000070,5,7.65,7.66,7.65,7.65,152000,1163368.0
2025-07-21 13:55:00,2025-07-21,20250721135500000,000070,5,7.65,7.65,7.64,7.64,248500,1900000.0
2025-07-21 14:00:00,2025-07-21,20250721140000000,000070,5,7.64,7.66,7.64,7.66,211000,1615184.0
2025-07-21 14:05:00,2025-07-21,20250721140500000,000070,5,7.65,7.66,7.65,7.66,133100,1018840.0
2025-07-21 14:10:00,2025-07-21,20250721141000000,000070,5,7.66,7.66,7.65,7.66,165700,1267904.0
2025-07-21 14:15:00,2025-07-21,20250721141500000,000070,5,7.65,7.66,7.65,7.66,123800,947640.0
2025-07-21 14:20:00,2025-07-21,20250721142000000,000070,5,7.65,7.66,7.65,7.65,167300,1280096.0
2025-07-21 14:25:00,2025-07-21,20250721142500000,000070,5,7.65,7.67,7.65,7.67,230500,1764480.0
2025-07-21 14:30:00,2025-07-21,20250721143000000,000070,5,7.66,7.67,7.66,7.67,282800,2168216.0
2025-07-21 14:35:00,2025-07-21,20250721143500000,000070,5,7.66,7.66,7.65,7.65,488300,3736272.0
2025-07-21 14:40:00,2025-07-21,20250721144000000,000070,5,7.66,7.66,7.64,7.66,181400,1387304.0
2025-07-21 14:45:00,2025-07-21,20250721144500000,000070,5,7.65,7.66,7.64,7.65,546800,4182872.0
2025-07-21 14:50:00,2025-07-21,20250721145000000,000070,5,7.65,7.65,7.64,7.65,347800,2659672.0
2025-07-21 14:55:00,2025-07-21,20250721145500000,000070,5,7.65,7.66,7.64,7.65,1237800,9463480.0
2025-07-21 15:00:00,2025-07-21,20250721150000000,000070,5,7.65,7.66,7.64,7.66,747600,5722016.0
2025-07-22 09:35:00,2025-07-22,20250722093500000,000070,5,7.66,7.69,7.64,7.67,1238800,9491051.0
2025-07-22 09:40:00,2025-07-22,20250722094000000,000070,5,7.67,7.72,7.66,7.68,1901300,14616017.0
2025-07-22 09:45:00,2025-07-22,20250722094500000,000070,5,7.68,7.72,7.67,7.72,1205000,9274380.0
2025-07-22 09:50:00,2025-07-22,20250722095000000,000070,5,7.73,7.88,7.7,7.85,4809800,37489344.0
2025-07-22 09:55:00,2025-07-22,20250722095500000,000070,5,7.84,7.84,7.78,7.79,2219700,17335488.0
2025-07-22 10:00:00,2025-07-22,20250722100000000,000070,5,7.79,7.8,7.76,7.77,669200,5202992.0
2025-07-22 10:05:00,2025-07-22,20250722100500000,000070,5,7.79,7.79,7.77,7.78,726100,5652280.0
2025-07-22 10:10:00,2025-07-22,20250722101000000,000070,5,7.77,7.78,7.76,7.76,531000,4127648.0
2025-07-22 10:15:00,2025-07-22,20250722101500000,000070,5,7.77,7.77,7.73,7.74,691100,5352344.0
2025-07-22 10:20:00,2025-07-22,20250722102000000,000070,5,7.74,7.75,7.71,7.71,421700,3258424.0
2025-07-22 10:25:00,2025-07-22,20250722102500000,000070,5,7.72,7.73,7.71,7.72,350700,2706544.0
2025-07-22 10:30:00,2025-07-22,20250722103000000,000070,5,7.71,7.72,7.7,7.7,545400,4201888.0
2025-07-22 10:35:00,2025-07-22,20250722103500000,000070,5,7.7,7.73,7.69,7.72,297900,2299200.0
2025-07-22 10:40:00,2025-07-22,20250722104000000,000070,5,7.73,7.74,7.72,7.73,164400,1271376.0
2025-07-22 10:45:00,2025-07-22,20250722104500000,000070,5,7.73,7.74,7.72,7.73,194800,1505952.0
2025-07-22 10:50:00,2025-07-22,20250722105000000,000070,5,7.73,7.73,7.71,7.72,236600,1826992.0
2025-07-22 10:55:00,2025-07-22,20250722105500000,000070,5,7.72,7.74,7.72,7.74,308800,2386264.0
2025-07-22 11:00:00,2025-07-22,20250722110000000,000070,5,7.74,7.75,7.73,7.74,212400,1644232.0
2025-07-22 11:05:00,2025-07-22,20250722110500000,000070,5,7.74,7.75,7.72,7.73,318800,2466560.0
2025-07-22 11:10:00,2025-07-22,20250722111000000,000070,5,7.73,7.73,7.72,7.73,143200,1106504.0
2025-07-22 11:15:00,2025-07-22,20250722111500000,000070,5,7.73,7.73,7.72,7.73,193700,1496552.0
2025-07-22 11:20:00,2025-07-22,20250722112000000,000070,5,7.72,7.73,7.71,7.71,257400,1986480.0
2025-07-22 11:25:00,2025-07-22,20250722112500000,000070,5,7.71,7.72,7.71,7.71,94000,725120.0
2025-07-22 11:30:00,2025-07-22,20250722113000000,000070,5,7.71,7.72,7.71,7.72,89500,690192.0
2025-07-22 13:05:00,2025-07-22,20250722130500000,000070,5,7.72,7.72,7.7,7.71,285600,2202512.0
2025-07-22 13:10:00,2025-07-22,20250722131000000,000070,5,7.7,7.71,7.7,7.71,307500,2369664.0
2025-07-22 13:15:00,2025-07-22,20250722131500000,000070,5,7.71,7.71,7.7,7.71,127300,981104.0
2025-07-22 13:20:00,2025-07-22,20250722132000000,000070,5,7.71,7.72,7.7,7.72,174600,1346000.0
2025-07-22 13:25:00,2025-07-22,20250722132500000,000070,5,7.72,7.72,7.71,7.71,126800,978240.0
2025-07-22 13:30:00,2025-07-22,20250722133000000,000070,5,7.71,7.72,7.71,7.72,85700,660944.0
2025-07-22 13:35:00,2025-07-22,20250722133500000,000070,5,7.72,7.72,7.7,7.7,542600,4182416.0
2025-07-22 13:40:00,2025-07-22,20250722134000000,000070,5,7.71,7.72,7.7,7.71,267900,2065616.0
2025-07-22 13:45:00,2025-07-22,20250722134500000,000070,5,7.71,7.71,7.7,7.7,135000,1040240.0
2025-07-22 13:50:00,2025-07-22,20250722135000000,000070,5,7.7,7.71,7.68,7.68,701700,5399424.0
2025-07-22 13:55:00,2025-07-22,20250722135500000,000070,5,7.69,7.7,7.68,7.69,357300,2747376.0
2025-07-22 14:00:00,2025-07-22,20250722140000000,000070,5,7.69,7.7,7.68,7.69,173500,1333744.0
2025-07-22 14:05:00,2025-07-22,20250722140500000,000070,5,7.69,7.69,7.67,7.67,297500,2284624.0
2025-07-22 14:10:00,2025-07-22,20250722141000000,000070,5,7.67,7.68,7.67,7.67,131300,1007424.0
2025-07-22 14:15:00,2025-07-22,20250722141500000,000070,5,7.67,7.68,7.67,7.68,161700,1241664.0
2025-07-22 14:20:00,2025-07-22,20250722142000000,000070,5,7.68,7.69,7.67,7.67,406000,3115712.0
2025-07-22 14:25:00,2025-07-22,20250722142500000,000070,5,7.67,7.68,7.67,7.68,82600,633920.0
2025-07-22 14:30:00,2025-07-22,20250722143000000,000070,5,7.68,7.68,7.67,7.68,177600,1363696.0
2025-07-22 14:35:00,2025-07-22,20250722143500000,000070,5,7.67,7.69,7.67,7.69,79200,608448.0
2025-07-22 14:40:00,2025-07-22,20250722144000000,000070,5,7.69,7.69,7.68,7.68,317000,2435920.0
2025-07-22 14:45:00,2025-07-22,20250722144500000,000070,5,7.69,7.69,7.67,7.68,477900,3668352.0
2025-07-22 14:50:00,2025-07-22,20250722145000000,000070,5,7.68,7.69,7.67,7.68,381900,2931744.0
2025-07-22 14:55:00,2025-07-22,20250722145500000,000070,5,7.68,7.69,7.67,7.68,486300,3735312.0
2025-07-22 15:00:00,2025-07-22,20250722150000000,000070,5,7.67,7.68,7.67,7.68,335600,2577328.0
2025-07-23 09:35:00,2025-07-23,20250723093500000,000070,5,7.66,7.67,7.61,7.63,2148300,16407221.0
2025-07-23 09:40:00,2025-07-23,20250723094000000,000070,5,7.63,7.64,7.61,7.61,1123300,8556899.0
2025-07-23 09:45:00,2025-07-23,20250723094500000,000070,5,7.61,7.61,7.58,7.6,1846800,14020368.0
2025-07-23 09:50:00,2025-07-23,20250723095000000,000070,5,7.59,7.61,7.59,7.6,824700,6265200.0
2025-07-23 09:55:00,2025-07-23,20250723095500000,000070,5,7.59,7.62,7.59,7.62,506900,3851304.0
2025-07-23 10:00:00,2025-07-23,20250723100000000,000070,5,7.62,7.65,7.6,7.64,515100,3925360.0
2025-07-23 10:05:00,2025-07-23,20250723100500000,000070,5,7.64,7.64,7.61,7.63,259000,1974240.0
2025-07-23 10:10:00,2025-07-23,20250723101000000,000070,5,7.62,7.63,7.59,7.61,558900,4248824.0
2025-07-23 10:15:00,2025-07-23,20250723101500000,000070,5,7.61,7.61,7.58,7.6,378600,2874940.0
2025-07-23 10:20:00,2025-07-23,20250723102000000,000070,5,7.59,7.62,7.59,7.6,283200,2153124.0
2025-07-23 10:25:00,2025-07-23,20250723102500000,000070,5,7.6,7.61,7.58,7.59,430000,3265272.0
2025-07-23 10:30:00,2025-07-23,20250723103000000,000070,5,7.59,7.59,7.58,7.59,538000,4080144.0
2025-07-23 10:35:00,2025-07-23,20250723103500000,000070,5,7.58,7.6,7.58,7.59,258900,1965080.0
2025-07-23 10:40:00,2025-07-23,20250723104000000,000070,5,7.59,7.59,7.58,7.58,227600,1726440.0
2025-07-23 10:45:00,2025-07-23,20250723104500000,000070,5,7.58,7.59,7.58,7.58,446600,3385560.0
2025-07-23 10:50:00,2025-07-23,20250723105000000,000070,5,7.58,7.58,7.57,7.57,199200,1508936.0
2025-07-23 10:55:00,2025-07-23,20250723105500000,000070,5,7.57,7.58,7.57,7.58,240600,1821952.0
2025-07-23 11:00:00,2025-07-23,20250723110000000,000070,5,7.58,7.59,7.56,7.59,421800,3194152.0
2025-07-23 11:05:00,2025-07-23,20250723110500000,000070,5,7.58,7.58,7.56,7.57,448300,3392296.0
2025-07-23 11:10:00,2025-07-23,20250723111000000,000070,5,7.57,7.57,7.54,7.56,1239100,9355552.0
2025-07-23 11:15:00,2025-07-23,20250723111500000,000070,5,7.55,7.56,7.54,7.56,222700,1681696.0
2025-07-23 11:20:00,2025-07-23,20250723112000000,000070,5,7.56,7.56,7.55,7.55,146700,1108136.0
2025-07-23 11:25:00,2025-07-23,20250723112500000,000070,5,7.55,7.56,7.55,7.55,115100,869216.0
2025-07-23 11:30:00,2025-07-23,20250723113000000,000070,5,7.56,7.56,7.54,7.55,398000,3005304.0
2025-07-23 13:05:00,2025-07-23,20250723130500000,000070,5,7.54,7.57,7.54,7.56,539200,4074608.0
2025-07-23 13:10:00,2025-07-23,20250723131000000,000070,5,7.56,7.58,7.56,7.57,293100,2217112.0
2025-07-23 13:15:00,2025-07-23,20250723131500000,000070,5,7.57,7.58,7.56,7.58,231300,1751768.0
2025-07-23 13:20:00,2025-07-23,20250723132000000,000070,5,7.58,7.58,7.57,7.57,128600,974048.0
2025-07-23 13:25:00,2025-07-23,20250723132500000,000070,5,7.57,7.59,7.57,7.59,269900,2044712.0
2025-07-23 13:30:00,2025-07-23,20250723133000000,000070,5,7.58,7.59,7.57,7.59,162200,1230344.0
2025-07-23 13:35:00,2025-07-23,20250723133500000,000070,5,7.59,7.59,7.58,7.59,68800,522048.0
2025-07-23 13:40:00,2025-07-23,20250723134000000,000070,5,7.58,7.59,7.56,7.57,371800,2816504.0
2025-07-23 13:45:00,2025-07-23,20250723134500000,000070,5,7.56,7.57,7.55,7.57,404100,3055320.0
2025-07-23 13:50:00,2025-07-23,20250723135000000,000070,5,7.57,7.57,7.56,7.56,120700,912952.0
2025-07-23 13:55:00,2025-07-23,20250723135500000,000070,5,7.56,7.58,7.56,7.57,182700,1382672.0
2025-07-23 14:00:00,2025-07-23,20250723140000000,000070,5,7.57,7.58,7.56,7.56,92000,696496.0
2025-07-23 14:05:00,2025-07-23,20250723140500000,000070,5,7.56,7.57,7.56,7.57,75600,571680.0
2025-07-23 14:10:00,2025-07-23,20250723141000000,000070,5,7.56,7.57,7.55,7.56,706400,5335472.0
2025-07-23 14:15:00,2025-07-23,20250723141500000,000070,5,7.55,7.56,7.53,7.54,725200,5469672.0
2025-07-23 14:20:00,2025-07-23,20250723142000000,000070,5,7.54,7.54,7.52,7.52,804800,6060288.0
2025-07-23 14:25:00,2025-07-23,20250723142500000,000070,5,7.53,7.53,7.5,7.5,1489200,11182688.0
2025-07-23 14:30:00,2025-07-23,20250723143000000,000070,5,7.51,7.52,7.5,7.51,484000,3634240.0
2025-07-23 14:35:00,2025-07-23,20250723143500000,000070,5,7.52,7.52,7.5,7.51,336800,2528640.0
2025-07-23 14:40:00,2025-07-23,20250723144000000,000070,5,7.51,7.52,7.5,7.5,520600,3906000.0
2025-07-23 14:45:00,2025-07-23,20250723144500000,000070,5,7.51,7.51,7.47,7.49,951600,7124448.0
2025-07-23 14:50:00,2025-07-23,20250723145000000,000070,5,7.49,7.5,7.47,7.48,754500,5643712.0
2025-07-23 14:55:00,2025-07-23,20250723145500000,000070,5,7.48,7.5,7.48,7.49,583800,4371424.0
2025-07-23 15:00:00,2025-07-23,20250723150000000,000070,5,7.49,7.49,7.47,7.47,1033600,7725728.0
2025-07-24 09:35:00,2025-07-24,20250724093500000,000070,5,7.45,7.53,7.43,7.52,1470400,10979637.0
2025-07-24 09:40:00,2025-07-24,20250724094000000,000070,5,7.52,7.52,7.48,7.49,646300,4845890.0
2025-07-24 09:45:00,2025-07-24,20250724094500000,000070,5,7.49,7.51,7.49,7.5,275600,2066415.0
2025-07-24 09:50:00,2025-07-24,20250724095000000,000070,5,7.5,7.51,7.48,7.5,668400,5008076.0
2025-07-24 09:55:00,2025-07-24,20250724095500000,000070,5,7.5,7.51,7.49,7.49,227100,1702220.0
2025-07-24 10:00:00,2025-07-24,20250724100000000,000070,5,7.49,7.51,7.48,7.49,513700,3849142.0
2025-07-24 10:05:00,2025-07-24,20250724100500000,000070,5,7.49,7.49,7.48,7.48,168300,1259432.0
2025-07-24 10:10:00,2025-07-24,20250724101000000,000070,5,7.48,7.5,7.47,7.49,511000,3823254.0
2025-07-24 10:15:00,2025-07-24,20250724101500000,000070,5,7.49,7.5,7.49,7.49,186900,1400234.0
2025-07-24 10:20:00,2025-07-24,20250724102000000,000070,5,7.5,7.5,7.48,7.49,351600,2633060.0
2025-07-24 10:25:00,2025-07-24,20250724102500000,000070,5,7.49,7.5,7.49,7.49,458500,3434868.0
2025-07-24 10:30:00,2025-07-24,20250724103000000,000070,5,7.5,7.5,7.48,7.49,265400,1987620.0
2025-07-24 10:35:00,2025-07-24,20250724103500000,000070,5,7.49,7.5,7.49,7.49,252000,1888616.0
2025-07-24 10:40:00,2025-07-24,20250724104000000,000070,5,7.49,7.5,7.49,7.49,196400,1472472.0
2025-07-24 10:45:00,2025-07-24,20250724104500000,000070,5,7.49,7.5,7.48,7.48,230800,1728500.0
2025-07-24 10:50:00,2025-07-24,20250724105000000,000070,5,7.48,7.5,7.48,7.48,123500,925136.0
2025-07-24 10:55:00,2025-07-24,20250724105500000,000070,5,7.48,7.49,7.47,7.49,211500,1582140.0
2025-07-24 11:00:00,2025-07-24,20250724110000000,000070,5,7.48,7.49,7.47,7.48,138000,1032352.0
2025-07-24 11:05:00,2025-07-24,20250724110500000,000070,5,7.48,7.48,7.47,7.48,167900,1255288.0
2025-07-24 11:10:00,2025-07-24,20250724111000000,000070,5,7.48,7.48,7.46,7.46,401400,2998504.0
2025-07-24 11:15:00,2025-07-24,20250724111500000,000070,5,7.47,7.47,7.46,7.46,337600,2518756.0
2025-07-24 11:20:00,2025-07-24,20250724112000000,000070,5,7.46,7.47,7.45,7.46,572900,4271060.0
2025-07-24 11:25:00,2025-07-24,20250724112500000,000070,5,7.46,7.47,7.45,7.46,185800,1385308.0
2025-07-24 11:30:00,2025-07-24,20250724113000000,000070,5,7.46,7.46,7.45,7.45,161400,1203156.0
2025-07-24 13:05:00,2025-07-24,20250724130500000,000070,5,7.45,7.49,7.45,7.48,594400,4437976.0
2025-07-24 13:10:00,2025-07-24,20250724131000000,000070,5,7.48,7.48,7.47,7.47,177100,1323592.0
2025-07-24 13:15:00,2025-07-24,20250724131500000,000070,5,7.48,7.48,7.47,7.47,82700,618272.0
2025-07-24 13:20:00,2025-07-24,20250724132000000,000070,5,7.47,7.5,7.47,7.49,356300,2665568.0
2025-07-24 13:25:00,2025-07-24,20250724132500000,000070,5,7.49,7.49,7.47,7.48,184400,1379656.0
2025-07-24 13:30:00,2025-07-24,20250724133000000,000070,5,7.48,7.49,7.47,7.48,158200,1183288.0
2025-07-24 13:35:00,2025-07-24,20250724133500000,000070,5,7.48,7.49,7.47,7.48,148800,1113040.0
2025-07-24 13:40:00,2025-07-24,20250724134000000,000070,5,7.48,7.49,7.48,7.48,83000,620904.0
2025-07-24 13:45:00,2025-07-24,20250724134500000,000070,5,7.48,7.49,7.47,7.48,137500,1028464.0
2025-07-24 13:50:00,2025-07-24,20250724135000000,000070,5,7.47,7.48,7.47,7.47,189500,1415776.0
2025-07-24 13:55:00,2025-07-24,20250724135500000,000070,5,7.47,7.48,7.47,7.48,180200,1346480.0
2025-07-24 14:00:00,2025-07-24,20250724140000000,000070,5,7.47,7.48,7.46,7.46,145800,1089072.0
2025-07-24 14:05:00,2025-07-24,20250724140500000,000070,5,7.47,7.48,7.46,7.48,174100,1300520.0
2025-07-24 14:10:00,2025-07-24,20250724141000000,000070,5,7.48,7.49,7.47,7.47,327900,2452728.0
2025-07-24 14:15:00,2025-07-24,20250724141500000,000070,5,7.47,7.48,7.47,7.48,57300,428456.0
2025-07-24 14:20:00,2025-07-24,20250724142000000,000070,5,7.48,7.48,7.47,7.48,291800,2180752.0
2025-07-24 14:25:00,2025-07-24,20250724142500000,000070,5,7.48,7.48,7.47,7.47,242000,1808344.0
2025-07-24 14:30:00,2025-07-24,20250724143000000,000070,5,7.48,7.49,7.47,7.48,386200,2887888.0
2025-07-24 14:35:00,2025-07-24,20250724143500000,000070,5,7.48,7.49,7.48,7.48,75300,563528.0
2025-07-24 14:40:00,2025-07-24,20250724144000000,000070,5,7.48,7.49,7.47,7.48,289400,2164448.0
2025-07-24 14:45:00,2025-07-24,20250724144500000,000070,5,7.48,7.49,7.47,7.49,486100,3635344.0
2025-07-24 14:50:00,2025-07-24,20250724145000000,000070,5,7.48,7.49,7.47,7.48,711800,5320680.0
2025-07-24 14:55:00,2025-07-24,20250724145500000,000070,5,7.47,7.48,7.46,7.47,513500,3836232.0
2025-07-24 15:00:00,2025-07-24,20250724150000000,000070,5,7.47,7.48,7.47,7.48,546600,4087632.0
2025-07-25 09:35:00,2025-07-25,20250725093500000,000070,5,7.48,7.51,7.47,7.49,1433400,10729184.0
2025-07-25 09:40:00,2025-07-25,20250725094000000,000070,5,7.49,7.49,7.45,7.48,1011800,7554244.0
2025-07-25 09:45:00,2025-07-25,20250725094500000,000070,5,7.48,7.48,7.45,7.45,760000,5669840.0
2025-07-25 09:50:00,2025-07-25,20250725095000000,000070,5,7.46,7.47,7.42,7.42,1619800,12047620.0
2025-07-25 09:55:00,2025-07-25,20250725095500000,000070,5,7.43,7.44,7.42,7.43,588400,4372880.0
2025-07-25 10:00:00,2025-07-25,20250725100000000,000070,5,7.44,7.45,7.43,7.45,340400,2530664.0
2025-07-25 10:05:00,2025-07-25,20250725100500000,000070,5,7.45,7.45,7.43,7.43,311800,2319428.0
2025-07-25 10:10:00,2025-07-25,20250725101000000,000070,5,7.44,7.44,7.42,7.43,688100,5112908.0
2025-07-25 10:15:00,2025-07-25,20250725101500000,000070,5,7.43,7.44,7.42,7.43,331500,2463032.0
2025-07-25 10:20:00,2025-07-25,20250725102000000,000070,5,7.43,7.43,7.4,7.41,1054800,7818840.0
2025-07-25 10:25:00,2025-07-25,20250725102500000,000070,5,7.41,7.46,7.41,7.43,978600,7273936.0
2025-07-25 10:30:00,2025-07-25,20250725103000000,000070,5,7.43,7.44,7.42,7.43,297700,2211472.0
2025-07-25 10:35:00,2025-07-25,20250725103500000,000070,5,7.43,7.44,7.41,7.41,303300,2251736.0
2025-07-25 10:40:00,2025-07-25,20250725104000000,000070,5,7.41,7.43,7.41,7.41,336800,2497928.0
2025-07-25 10:45:00,2025-07-25,20250725104500000,000070,5,7.42,7.42,7.4,7.41,545700,4041384.0
2025-07-25 10:50:00,2025-07-25,20250725105000000,000070,5,7.4,7.41,7.4,7.4,448400,3318992.0
2025-07-25 10:55:00,2025-07-25,20250725105500000,000070,5,7.4,7.41,7.39,7.39,665000,4919528.0
2025-07-25 11:00:00,2025-07-25,20250725110000000,000070,5,7.4,7.4,7.36,7.37,852200,6288112.0
2025-07-25 11:05:00,2025-07-25,20250725110500000,000070,5,7.37,7.38,7.37,7.37,271400,2000992.0
2025-07-25 11:10:00,2025-07-25,20250725111000000,000070,5,7.38,7.38,7.36,7.36,591600,4357352.0
2025-07-25 11:15:00,2025-07-25,20250725111500000,000070,5,7.37,7.38,7.35,7.38,726500,5349576.0
2025-07-25 11:20:00,2025-07-25,20250725112000000,000070,5,7.37,7.39,7.37,7.38,265000,1954616.0
2025-07-25 11:25:00,2025-07-25,20250725112500000,000070,5,7.37,7.38,7.36,7.37,180700,1331976.0
2025-07-25 11:30:00,2025-07-25,20250725113000000,000070,5,7.37,7.39,7.37,7.39,378800,2795112.0
2025-07-25 13:05:00,2025-07-25,20250725130500000,000070,5,7.38,7.4,7.38,7.38,144200,1065736.0
2025-07-25 13:10:00,2025-07-25,20250725131000000,000070,5,7.39,7.39,7.38,7.39,55600,410624.0
2025-07-25 13:15:00,2025-07-25,20250725131500000,000070,5,7.38,7.39,7.37,7.38,303300,2238272.0
2025-07-25 13:20:00,2025-07-25,20250725132000000,000070,5,7.38,7.38,7.36,7.36,324000,2386672.0
2025-07-25 13:25:00,2025-07-25,20250725132500000,000070,5,7.36,7.38,7.36,7.37,88200,650424.0
2025-07-25 13:30:00,2025-07-25,20250725133000000,000070,5,7.38,7.39,7.37,7.38,298200,2200216.0
2025-07-25 13:35:00,2025-07-25,20250725133500000,000070,5,7.38,7.43,7.38,7.42,1000500,7407376.0
2025-07-25 13:40:00,2025-07-25,20250725134000000,000070,5,7.41,7.42,7.39,7.39,111500,825448.0
2025-07-25 13:45:00,2025-07-25,20250725134500000,000070,5,7.39,7.4,7.38,7.39,170800,1262240.0
2025-07-25 13:50:00,2025-07-25,20250725135000000,000070,5,7.39,7.4,7.39,7.39,96800,715832.0
2025-07-25 13:55:00,2025-07-25,20250725135500000,000070,5,7.39,7.4,7.39,7.39,65400,483392.0
2025-07-25 14:00:00,2025-07-25,20250725140000000,000070,5,7.4,7.4,7.39,7.4,152800,1130016.0
2025-07-25 14:05:00,2025-07-25,20250725140500000,000070,5,7.39,7.41,7.39,7.41,172100,1273464.0
2025-07-25 14:10:00,2025-07-25,20250725141000000,000070,5,7.41,7.42,7.41,7.41,140800,1043432.0
2025-07-25 14:15:00,2025-07-25,20250725141500000,000070,5,7.42,7.42,7.4,7.4,227900,1688464.0
2025-07-25 14:20:00,2025-07-25,20250725142000000,000070,5,7.4,7.41,7.38,7.4,320800,2372464.0
2025-07-25 14:25:00,2025-07-25,20250725142500000,000070,5,7.4,7.4,7.39,7.39,198100,1464224.0
2025-07-25 14:30:00,2025-07-25,20250725143000000,000070,5,7.39,7.39,7.38,7.39,220300,1626176.0
2025-07-25 14:35:00,2025-07-25,20250725143500000,000070,5,7.39,7.4,7.38,7.39,331600,2450368.0
2025-07-25 14:40:00,2025-07-25,20250725144000000,000070,5,7.39,7.4,7.39,7.39,66400,490800.0
2025-07-25 14:45:00,2025-07-25,20250725144500000,000070,5,7.39,7.4,7.38,7.39,526100,3886192.0
2025-07-25 14:50:00,2025-07-25,20250725145000000,000070,5,7.39,7.4,7.38,7.39,805000,5948272.0
2025-07-25 14:55:00,2025-07-25,20250725145500000,000070,5,7.39,7.43,7.38,7.43,958000,7098448.0
2025-07-25 15:00:00,2025-07-25,20250725150000000,000070,5,7.42,7.44,7.4,7.43,1273600,9452224.0
2025-07-28 09:35:00,2025-07-28,20250728093500000,000070,5,7.48,7.54,7.48,7.52,2961000,22239008.0
2025-07-28 09:40:00,2025-07-28,20250728094000000,000070,5,7.52,7.54,7.5,7.5,1204900,9063384.0
2025-07-28 09:45:00,2025-07-28,20250728094500000,000070,5,7.51,7.58,7.49,7.57,3101400,23429956.0
2025-07-28 09:50:00,2025-07-28,20250728095000000,000070,5,7.57,7.61,7.57,7.6,2302800,17488404.0
2025-07-28 09:55:00,2025-07-28,20250728095500000,000070,5,7.6,7.64,7.6,7.62,2136200,16282944.0
2025-07-28 10:00:00,2025-07-28,20250728100000000,000070,5,7.61,7.62,7.59,7.61,804200,6118432.0
2025-07-28 10:05:00,2025-07-28,20250728100500000,000070,5,7.6,7.61,7.59,7.6,535000,4063688.0
2025-07-28 10:10:00,2025-07-28,20250728101000000,000070,5,7.6,7.6,7.59,7.6,223400,1696656.0
2025-07-28 10:15:00,2025-07-28,20250728101500000,000070,5,7.59,7.6,7.59,7.59,177100,1345416.0
2025-07-28 10:20:00,2025-07-28,20250728102000000,000070,5,7.6,7.6,7.57,7.57,575400,4363712.0
2025-07-28 10:25:00,2025-07-28,20250728102500000,000070,5,7.57,7.57,7.55,7.56,612700,4632320.0
2025-07-28 10:30:00,2025-07-28,20250728103000000,000070,5,7.56,7.57,7.55,7.56,541300,4091448.0
2025-07-28 10:35:00,2025-07-28,20250728103500000,000070,5,7.56,7.57,7.55,7.56,245300,1854008.0
2025-07-28 10:40:00,2025-07-28,20250728104000000,000070,5,7.56,7.57,7.55,7.56,174700,1319904.0
2025-07-28 10:45:00,2025-07-28,20250728104500000,000070,5,7.56,7.56,7.55,7.55,44400,335504.0
2025-07-28 10:50:00,2025-07-28,20250728105000000,000070,5,7.56,7.56,7.55,7.55,303100,2289736.0
2025-07-28 10:55:00,2025-07-28,20250728105500000,000070,5,7.56,7.57,7.55,7.56,244400,1847688.0
2025-07-28 11:00:00,2025-07-28,20250728110000000,000070,5,7.56,7.57,7.55,7.55,99300,750712.0
2025-07-28 11:05:00,2025-07-28,20250728110500000,000070,5,7.56,7.57,7.56,7.56,144400,1092184.0
2025-07-28 11:10:00,2025-07-28,20250728111000000,000070,5,7.57,7.58,7.56,7.58,224900,1703696.0
2025-07-28 11:15:00,2025-07-28,20250728111500000,000070,5,7.58,7.62,7.57,7.59,1094600,8323664.0
2025-07-28 11:20:00,2025-07-28,20250728112000000,000070,5,7.59,7.61,7.58,7.58,109500,831808.0
2025-07-28 11:25:00,2025-07-28,20250728112500000,000070,5,7.58,7.59,7.56,7.56,505300,3823136.0
2025-07-28 11:30:00,2025-07-28,20250728113000000,000070,5,7.56,7.57,7.53,7.54,572700,4321296.0
2025-07-28 13:05:00,2025-07-28,20250728130500000,000070,5,7.53,7.56,7.53,7.56,292000,2203392.0
2025-07-28 13:10:00,2025-07-28,20250728131000000,000070,5,7.56,7.58,7.56,7.57,133900,1013472.0
2025-07-28 13:15:00,2025-07-28,20250728131500000,000070,5,7.57,7.58,7.56,7.57,59100,447312.0
2025-07-28 13:20:00,2025-07-28,20250728132000000,000070,5,7.56,7.57,7.56,7.57,56300,425968.0
2025-07-28 13:25:00,2025-07-28,20250728132500000,000070,5,7.57,7.58,7.55,7.57,207000,1565024.0
2025-07-28 13:30:00,2025-07-28,20250728133000000,000070,5,7.56,7.56,7.55,7.55,30300,228928.0
2025-07-28 13:35:00,2025-07-28,20250728133500000,000070,5,7.55,7.57,7.54,7.54,317900,2400592.0
2025-07-28 13:40:00,2025-07-28,20250728134000000,000070,5,7.55,7.56,7.55,7.56,77500,585168.0
2025-07-28 13:45:00,2025-07-28,20250728134500000,000070,5,7.55,7.56,7.54,7.56,86100,650208.0
2025-07-28 13:50:00,2025-07-28,20250728135000000,000070,5,7.56,7.56,7.53,7.54,293400,2213200.0
2025-07-28 13:55:00,2025-07-28,20250728135500000,000070,5,7.53,7.54,7.53,7.53,254300,1916064.0
2025-07-28 14:00:00,2025-07-28,20250728140000000,000070,5,7.53,7.55,7.53,7.54,152100,1147968.0
2025-07-28 14:05:00,2025-07-28,20250728140500000,000070,5,7.55,7.55,7.54,7.54,63600,479936.0
2025-07-28 14:10:00,2025-07-28,20250728141000000,000070,5,7.55,7.55,7.54,7.54,43800,330464.0
2025-07-28 14:15:00,2025-07-28,20250728141500000,000070,5,7.54,7.55,7.54,7.54,259500,1957136.0
2025-07-28 14:20:00,2025-07-28,20250728142000000,000070,5,7.55,7.55,7.54,7.55,116000,874800.0
2025-07-28 14:25:00,2025-07-28,20250728142500000,000070,5,7.55,7.55,7.53,7.55,471600,3556240.0
2025-07-28 14:30:00,2025-07-28,20250728143000000,000070,5,7.55,7.55,7.54,7.55,65900,497472.0
2025-07-28 14:35:00,2025-07-28,20250728143500000,000070,5,7.55,7.56,7.54,7.56,190900,1441664.0
2025-07-28 14:40:00,2025-07-28,20250728144000000,000070,5,7.55,7.56,7.55,7.56,216600,1637168.0
2025-07-28 14:45:00,2025-07-28,20250728144500000,000070,5,7.56,7.57,7.55,7.56,243000,1836544.0
2025-07-28 14:50:00,2025-07-28,20250728145000000,000070,5,7.57,7.57,7.56,7.56,171700,1299088.0
2025-07-28 14:55:00,2025-07-28,20250728145500000,000070,5,7.57,7.57,7.56,7.57,387200,2929744.0
2025-07-28 15:00:00,2025-07-28,20250728150000000,000070,5,7.57,7.57,7.56,7.56,652400,4933328.0
2025-07-29 09:35:00,2025-07-29,20250729093500000,000070,5,7.53,7.63,7.52,7.62,1355300,10260374.0
2025-07-29 09:40:00,2025-07-29,20250729094000000,000070,5,7.61,7.62,7.58,7.61,1480600,11251082.0
2025-07-29 09:45:00,2025-07-29,20250729094500000,000070,5,7.61,7.61,7.55,7.55,724400,5488312.0
2025-07-29 09:50:00,2025-07-29,20250729095000000,000070,5,7.55,7.57,7.55,7.56,398400,3011936.0
2025-07-29 09:55:00,2025-07-29,20250729095500000,000070,5,7.56,7.6,7.56,7.6,644200,4884592.0
2025-07-29 10:00:00,2025-07-29,20250729100000000,000070,5,7.6,7.6,7.57,7.57,503100,3812952.0
2025-07-29 10:05:00,2025-07-29,20250729100500000,000070,5,7.57,7.58,7.56,7.58,163000,1233920.0
2025-07-29 10:10:00,2025-07-29,20250729101000000,000070,5,7.58,7.58,7.57,7.58,229100,1735176.0
2025-07-29 10:15:00,2025-07-29,20250729101500000,000070,5,7.57,7.58,7.56,7.56,210900,1596064.0
2025-07-29 10:20:00,2025-07-29,20250729102000000,000070,5,7.56,7.57,7.56,7.56,197100,1491116.0
2025-07-29 10:25:00,2025-07-29,20250729102500000,000070,5,7.56,7.56,7.55,7.55,388200,2933652.0
2025-07-29 10:30:00,2025-07-29,20250729103000000,000070,5,7.55,7.64,7.55,7.61,2252700,17136176.0
2025-07-29 10:35:00,2025-07-29,20250729103500000,000070,5,7.6,7.62,7.59,7.61,677300,5155176.0
2025-07-29 10:40:00,2025-07-29,20250729104000000,000070,5,7.6,7.61,7.59,7.6,297200,2258952.0
2025-07-29 10:45:00,2025-07-29,20250729104500000,000070,5,7.6,7.61,7.59,7.59,196800,1495376.0
2025-07-29 10:50:00,2025-07-29,20250729105000000,000070,5,7.59,7.6,7.59,7.59,228100,1731576.0
2025-07-29 10:55:00,2025-07-29,20250729105500000,000070,5,7.6,7.6,7.59,7.59,58700,445720.0
2025-07-29 11:00:00,2025-07-29,20250729110000000,000070,5,7.59,7.6,7.59,7.59,93000,706144.0
2025-07-29 11:05:00,2025-07-29,20250729110500000,000070,5,7.59,7.6,7.59,7.6,108200,821248.0
2025-07-29 11:10:00,2025-07-29,20250729111000000,000070,5,7.6,7.6,7.59,7.59,186000,1412328.0
2025-07-29 11:15:00,2025-07-29,20250729111500000,000070,5,7.59,7.6,7.59,7.6,91800,696968.0
2025-07-29 11:20:00,2025-07-29,20250729112000000,000070,5,7.6,7.61,7.59,7.6,427000,3242912.0
2025-07-29 11:25:00,2025-07-29,20250729112500000,000070,5,7.61,7.62,7.6,7.62,448000,3410288.0
2025-07-29 11:30:00,2025-07-29,20250729113000000,000070,5,7.62,7.62,7.61,7.61,200600,1526616.0
2025-07-29 13:05:00,2025-07-29,20250729130500000,000070,5,7.62,7.62,7.6,7.6,176100,1339496.0
2025-07-29 13:10:00,2025-07-29,20250729131000000,000070,5,7.6,7.62,7.6,7.6,167500,1273992.0
2025-07-29 13:15:00,2025-07-29,20250729131500000,000070,5,7.6,7.61,7.59,7.59,209300,1590640.0
2025-07-29 13:20:00,2025-07-29,20250729132000000,000070,5,7.6,7.6,7.59,7.59,152800,1159952.0
2025-07-29 13:25:00,2025-07-29,20250729132500000,000070,5,7.6,7.6,7.59,7.59,261200,1982896.0
2025-07-29 13:30:00,2025-07-29,20250729133000000,000070,5,7.59,7.6,7.59,7.6,111600,847296.0
2025-07-29 13:35:00,2025-07-29,20250729133500000,000070,5,7.59,7.6,7.59,7.59,201900,1532608.0
2025-07-29 13:40:00,2025-07-29,20250729134000000,000070,5,7.6,7.6,7.59,7.6,63600,483168.0
2025-07-29 13:45:00,2025-07-29,20250729134500000,000070,5,7.6,7.6,7.58,7.59,355800,2700712.0
2025-07-29 13:50:00,2025-07-29,20250729135000000,000070,5,7.6,7.6,7.59,7.6,142000,1078720.0
2025-07-29 13:55:00,2025-07-29,20250729135500000,000070,5,7.6,7.61,7.59,7.6,170300,1294232.0
2025-07-29 14:00:00,2025-07-29,20250729140000000,000070,5,7.6,7.6,7.59,7.6,57500,436720.0
2025-07-29 14:05:00,2025-07-29,20250729140500000,000070,5,7.59,7.61,7.59,7.6,334600,2542872.0
2025-07-29 14:10:00,2025-07-29,20250729141000000,000070,5,7.61,7.62,7.6,7.61,426400,3246224.0
2025-07-29 14:15:00,2025-07-29,20250729141500000,000070,5,7.61,7.62,7.61,7.61,127800,973008.0
2025-07-29 14:20:00,2025-07-29,20250729142000000,000070,5,7.61,7.62,7.61,7.62,68400,520792.0
2025-07-29 14:25:00,2025-07-29,20250729142500000,000070,5,7.61,7.62,7.61,7.62,126700,964936.0
2025-07-29 14:30:00,2025-07-29,20250729143000000,000070,5,7.62,7.62,7.61,7.62,77100,587120.0
2025-07-29 14:35:00,2025-07-29,20250729143500000,000070,5,7.61,7.64,7.61,7.63,1110100,8463888.0
2025-07-29 14:40:00,2025-07-29,20250729144000000,000070,5,7.64,7.64,7.62,7.63,537300,4100936.0
2025-07-29 14:45:00,2025-07-29,20250729144500000,000070,5,7.63,7.64,7.63,7.64,365500,2790936.0
2025-07-29 14:50:00,2025-07-29,20250729145000000,000070,5,7.63,7.65,7.63,7.65,1114600,8512344.0
2025-07-29 14:55:00,2025-07-29,20250729145500000,000070,5,7.64,7.65,7.64,7.65,1030200,7877648.0
2025-07-29 15:00:00,2025-07-29,20250729150000000,000070,5,7.65,7.67,7.64,7.66,1588600,12166176.0
2025-07-30 09:35:00,2025-07-30,20250730093500000,000070,5,7.63,7.69,7.61,7.61,1396900,10674180.0
2025-07-30 09:40:00,2025-07-30,20250730094000000,000070,5,7.61,7.64,7.61,7.62,548100,4177956.0
2025-07-30 09:45:00,2025-07-30,20250730094500000,000070,5,7.62,7.63,7.59,7.6,686600,5223812.0
2025-07-30 09:50:00,2025-07-30,20250730095000000,000070,5,7.6,7.62,7.59,7.62,309600,2353672.0
2025-07-30 09:55:00,2025-07-30,20250730095500000,000070,5,7.62,7.65,7.61,7.64,549000,4188552.0
2025-07-30 10:00:00,2025-07-30,20250730100000000,000070,5,7.64,7.65,7.63,7.65,299100,2286036.0
2025-07-30 10:05:00,2025-07-30,20250730100500000,000070,5,7.65,7.65,7.62,7.63,461700,3526302.0
2025-07-30 10:10:00,2025-07-30,20250730101000000,000070,5,7.64,7.64,7.61,7.62,262400,2000294.0
2025-07-30 10:15:00,2025-07-30,20250730101500000,000070,5,7.63,7.63,7.6,7.6,521100,3965276.0
2025-07-30 10:20:00,2025-07-30,20250730102000000,000070,5,7.61,7.61,7.58,7.6,1134600,8615956.0
2025-07-30 10:25:00,2025-07-30,20250730102500000,000070,5,7.6,7.6,7.59,7.6,272400,2068500.0
2025-07-30 10:30:00,2025-07-30,20250730103000000,000070,5,7.6,7.6,7.59,7.59,91700,696728.0
2025-07-30 10:35:00,2025-07-30,20250730103500000,000070,5,7.59,7.6,7.58,7.59,848400,6435392.0
2025-07-30 10:40:00,2025-07-30,20250730104000000,000070,5,7.58,7.6,7.58,7.58,228400,1733288.0
2025-07-30 10:45:00,2025-07-30,20250730104500000,000070,5,7.59,7.6,7.58,7.59,301100,2284040.0
2025-07-30 10:50:00,2025-07-30,20250730105000000,000070,5,7.59,7.59,7.58,7.58,168100,1274672.0
2025-07-30 10:55:00,2025-07-30,20250730105500000,000070,5,7.58,7.59,7.58,7.58,89200,676832.0
2025-07-30 11:00:00,2025-07-30,20250730110000000,000070,5,7.59,7.59,7.58,7.58,160500,1216976.0
2025-07-30 11:05:00,2025-07-30,20250730110500000,000070,5,7.59,7.6,7.58,7.59,91900,697428.0
2025-07-30 11:10:00,2025-07-30,20250730111000000,000070,5,7.58,7.58,7.56,7.57,664600,5034772.0
2025-07-30 11:15:00,2025-07-30,20250730111500000,000070,5,7.57,7.58,7.57,7.58,231400,1752064.0
2025-07-30 11:20:00,2025-07-30,20250730112000000,000070,5,7.57,7.57,7.56,7.57,233800,1769424.0
2025-07-30 11:25:00,2025-07-30,20250730112500000,000070,5,7.56,7.57,7.56,7.57,209100,1581608.0
2025-07-30 11:30:00,2025-07-30,20250730113000000,000070,5,7.57,7.57,7.55,7.56,345000,2608192.0
2025-07-30 13:05:00,2025-07-30,20250730130500000,000070,5,7.56,7.57,7.55,7.56,260500,1969600.0
2025-07-30 13:10:00,2025-07-30,20250730131000000,000070,5,7.55,7.56,7.55,7.56,132700,1002864.0
2025-07-30 13:15:00,2025-07-30,20250730131500000,000070,5,7.55,7.55,7.53,7.55,697200,5261040.0
2025-07-30 13:20:00,2025-07-30,20250730132000000,000070,5,7.55,7.56,7.54,7.55,289700,2187976.0
2025-07-30 13:25:00,2025-07-30,20250730132500000,000070,5,7.55,7.56,7.55,7.55,263100,1987128.0
2025-07-30 13:30:00,2025-07-30,20250730133000000,000070,5,7.55,7.56,7.55,7.55,108000,815560.0
2025-07-30 13:35:00,2025-07-30,20250730133500000,000070,5,7.55,7.56,7.55,7.55,49800,376208.0
2025-07-30 13:40:00,2025-07-30,20250730134000000,000070,5,7.55,7.56,7.54,7.55,304300,2297280.0
2025-07-30 13:45:00,2025-07-30,20250730134500000,000070,5,7.55,7.56,7.54,7.54,227400,1715176.0
2025-07-30 13:50:00,2025-07-30,20250730135000000,000070,5,7.54,7.55,7.53,7.53,316000,2380416.0
2025-07-30 13:55:00,2025-07-30,20250730135500000,000070,5,7.52,7.53,7.52,7.52,217000,1632184.0
2025-07-30 14:00:00,2025-07-30,20250730140000000,000070,5,7.52,7.52,7.49,7.5,689500,5175008.0
2025-07-30 14:05:00,2025-07-30,20250730140500000,000070,5,7.5,7.51,7.47,7.48,694900,5202400.0
2025-07-30 14:10:00,2025-07-30,20250730141000000,000070,5,7.47,7.51,7.47,7.5,553900,4149848.0
2025-07-30 14:15:00,2025-07-30,20250730141500000,000070,5,7.5,7.52,7.5,7.51,181400,1362224.0
2025-07-30 14:20:00,2025-07-30,20250730142000000,000070,5,7.52,7.54,7.52,7.53,213700,1608856.0
2025-07-30 14:25:00,2025-07-30,20250730142500000,000070,5,7.54,7.55,7.53,7.55,128000,965400.0
2025-07-30 14:30:00,2025-07-30,20250730143000000,000070,5,7.55,7.58,7.54,7.58,476500,3602120.0
2025-07-30 14:35:00,2025-07-30,20250730143500000,000070,5,7.58,7.58,7.56,7.56,122500,927232.0
2025-07-30 14:40:00,2025-07-30,20250730144000000,000070,5,7.56,7.57,7.56,7.56,107100,809752.0
2025-07-30 14:45:00,2025-07-30,20250730144500000,000070,5,7.56,7.56,7.55,7.55,89900,678952.0
2025-07-30 14:50:00,2025-07-30,20250730145000000,000070,5,7.55,7.56,7.55,7.56,194500,1469128.0
2025-07-30 14:55:00,2025-07-30,20250730145500000,000070,5,7.55,7.56,7.55,7.55,267900,2023056.0
2025-07-30 15:00:00,2025-07-30,20250730150000000,000070,5,7.55,7.56,7.54,7.55,411700,3108232.0
2025-07-31 09:35:00,2025-07-31,20250731093500000,000070,5,7.53,7.73,7.53,7.73,4359400,33385994.0
2025-07-31 09:40:00,2025-07-31,20250731094000000,000070,5,7.73,7.87,7.72,7.82,6935700,54093222.0
2025-07-31 09:45:00,2025-07-31,20250731094500000,000070,5,7.82,8.17,7.82,8.11,13921500,111534832.0
2025-07-31 09:50:00,2025-07-31,20250731095000000,000070,5,8.15,8.29,8.06,8.23,12877400,105081952.0
2025-07-31 09:55:00,2025-07-31,20250731095500000,000070,5,8.22,8.31,8.12,8.3,36533800,303013696.0
2025-07-31 10:00:00,2025-07-31,20250731100000000,000070,5,8.28,8.31,8.21,8.21,10134400,83829056.0
2025-07-31 10:05:00,2025-07-31,20250731100500000,000070,5,8.21,8.23,8.08,8.08,4483300,36582530.0
2025-07-31 10:10:00,2025-07-31,20250731101000000,000070,5,8.08,8.13,8.07,8.11,3346700,27051196.0
2025-07-31 10:15:00,2025-07-31,20250731101500000,000070,5,8.12,8.12,8.07,8.07,1627300,13181577.0
2025-07-31 10:20:00,2025-07-31,20250731102000000,000070,5,8.06,8.06,8.03,8.04,1985100,15961593.0
2025-07-31 10:25:00,2025-07-31,20250731102500000,000070,5,8.05,8.07,8.04,8.07,1093700,8812540.0
2025-07-31 10:30:00,2025-07-31,20250731103000000,000070,5,8.07,8.07,8.04,8.04,789600,6360582.0
2025-07-31 10:35:00,2025-07-31,20250731103500000,000070,5,8.05,8.06,8.04,8.06,679600,5469110.0
2025-07-31 10:40:00,2025-07-31,20250731104000000,000070,5,8.06,8.08,8.05,8.06,505300,4074304.0
2025-07-31 10:45:00,2025-07-31,20250731104500000,000070,5,8.06,8.08,8.05,8.08,362000,2919754.0
2025-07-31 10:50:00,2025-07-31,20250731105000000,000070,5,8.08,8.12,8.07,8.11,656000,5316540.0
2025-07-31 10:55:00,2025-07-31,20250731105500000,000070,5,8.12,8.13,8.11,8.11,523600,4253702.0
2025-07-31 11:00:00,2025-07-31,20250731110000000,000070,5,8.11,8.12,8.1,8.1,233300,1891008.0
2025-07-31 11:05:00,2025-07-31,20250731110500000,000070,5,8.11,8.11,8.06,8.06,461900,3731962.0
2025-07-31 11:10:00,2025-07-31,20250731111000000,000070,5,8.06,8.08,8.06,8.07,320400,2586112.0
2025-07-31 11:15:00,2025-07-31,20250731111500000,000070,5,8.08,8.08,8.05,8.05,763200,6149378.0
2025-07-31 11:20:00,2025-07-31,20250731112000000,000070,5,8.05,8.05,8.01,8.01,825100,6627520.0
2025-07-31 11:25:00,2025-07-31,20250731112500000,000070,5,8.02,8.03,8.01,8.03,363200,2913216.0
2025-07-31 11:30:00,2025-07-31,20250731113000000,000070,5,8.02,8.03,8.01,8.02,497900,3992704.0
2025-07-31 13:05:00,2025-07-31,20250731130500000,000070,5,8.02,8.07,8.02,8.07,516000,4156416.0
2025-07-31 13:10:00,2025-07-31,20250731131000000,000070,5,8.06,8.07,8.02,8.02,324900,2613760.0
2025-07-31 13:15:00,2025-07-31,20250731131500000,000070,5,8.02,8.05,8.02,8.04,306700,2464512.0
2025-07-31 13:20:00,2025-07-31,20250731132000000,000070,5,8.04,8.06,8.03,8.06,246900,1985792.0
2025-07-31 13:25:00,2025-07-31,20250731132500000,000070,5,8.06,8.06,8.03,8.03,282900,2275328.0
2025-07-31 13:30:00,2025-07-31,20250731133000000,000070,5,8.03,8.04,8.03,8.03,239500,1923648.0
2025-07-31 13:35:00,2025-07-31,20250731133500000,000070,5,8.03,8.04,8.02,8.03,163800,1315840.0
2025-07-31 13:40:00,2025-07-31,20250731134000000,000070,5,8.04,8.04,8.03,8.03,209400,1681984.0
2025-07-31 13:45:00,2025-07-31,20250731134500000,000070,5,8.03,8.04,8.02,8.03,409400,3286336.0
2025-07-31 13:50:00,2025-07-31,20250731135000000,000070,5,8.03,8.04,8.01,8.01,607000,4865472.0
2025-07-31 13:55:00,2025-07-31,20250731135500000,000070,5,8.01,8.01,7.91,7.91,1704000,13571200.0
2025-07-31 14:00:00,2025-07-31,20250731140000000,000070,5,7.91,7.97,7.91,7.94,819500,6508608.0
2025-07-31 14:05:00,2025-07-31,20250731140500000,000070,5,7.94,7.95,7.91,7.94,674000,5343744.0
2025-07-31 14:10:00,2025-07-31,20250731141000000,000070,5,7.93,7.94,7.92,7.93,465600,3692096.0
2025-07-31 14:15:00,2025-07-31,20250731141500000,000070,5,7.93,7.94,7.93,7.94,333400,2645824.0
2025-07-31 14:20:00,2025-07-31,20250731142000000,000070,5,7.94,7.94,7.88,7.9,943900,7464256.0
2025-07-31 14:25:00,2025-07-31,20250731142500000,000070,5,7.89,7.9,7.87,7.87,614200,4841664.0
2025-07-31 14:30:00,2025-07-31,20250731143000000,000070,5,7.87,7.88,7.86,7.88,515100,4054400.0
2025-07-31 14:35:00,2025-07-31,20250731143500000,000070,5,7.88,7.88,7.84,7.85,878400,6903168.0
2025-07-31 14:40:00,2025-07-31,20250731144000000,000070,5,7.85,7.89,7.85,7.88,760000,5981056.0
2025-07-31 14:45:00,2025-07-31,20250731144500000,000070,5,7.89,7.9,7.88,7.88,856100,6752448.0
2025-07-31 14:50:00,2025-07-31,20250731145000000,000070,5,7.88,7.89,7.86,7.86,1049400,8261952.0
2025-07-31 14:55:00,2025-07-31,20250731145500000,000070,5,7.87,7.87,7.86,7.87,827300,6509248.0
2025-07-31 15:00:00,2025-07-31,20250731150000000,000070,5,7.87,7.88,7.86,7.88,1028900,8102528.0
2025-08-01 09:35:00,2025-08-01,20250801093500000,000070,5,7.76,7.77,7.49,7.59,20161800,153916000.0
2025-08-01 09:40:00,2025-08-01,20250801094000000,000070,5,7.6,7.62,7.54,7.56,7571700,57326960.0
2025-08-01 09:45:00,2025-08-01,20250801094500000,000070,5,7.55,7.58,7.53,7.56,3930400,29697888.0
2025-08-01 09:50:00,2025-08-01,20250801095000000,000070,5,7.55,7.57,7.52,7.54,3256700,24566640.0
2025-08-01 09:55:00,2025-08-01,20250801095500000,000070,5,7.54,7.55,7.51,7.52,2166800,16307936.0
2025-08-01 10:00:00,2025-08-01,20250801100000000,000070,5,7.52,7.53,7.46,7.48,5893900,44160448.0
2025-08-01 10:05:00,2025-08-01,20250801100500000,000070,5,7.48,7.49,7.47,7.48,2511900,18786944.0
2025-08-01 10:10:00,2025-08-01,20250801101000000,000070,5,7.48,7.48,7.4,7.45,5515700,41032352.0
2025-08-01 10:15:00,2025-08-01,20250801101500000,000070,5,7.45,7.47,7.44,7.44,1324400,9875136.0
2025-08-01 10:20:00,2025-08-01,20250801102000000,000070,5,7.44,7.48,7.43,7.47,1634500,12182048.0
2025-08-01 10:25:00,2025-08-01,20250801102500000,000070,5,7.46,7.46,7.44,7.45,925300,6891904.0
2025-08-01 10:30:00,2025-08-01,20250801103000000,000070,5,7.45,7.46,7.44,7.45,1023700,7624640.0
2025-08-01 10:35:00,2025-08-01,20250801103500000,000070,5,7.45,7.46,7.43,7.44,1013900,7542720.0
2025-08-01 10:40:00,2025-08-01,20250801104000000,000070,5,7.43,7.47,7.43,7.47,663600,4945152.0
2025-08-01 10:45:00,2025-08-01,20250801104500000,000070,5,7.46,7.47,7.44,7.47,671200,5005984.0
2025-08-01 10:50:00,2025-08-01,20250801105000000,000070,5,7.46,7.47,7.44,7.44,747000,5567392.0
2025-08-01 10:55:00,2025-08-01,20250801105500000,000070,5,7.44,7.45,7.42,7.42,913500,6792480.0
2025-08-01 11:00:00,2025-08-01,20250801110000000,000070,5,7.42,7.43,7.42,7.42,432500,3209920.0
2025-08-01 11:05:00,2025-08-01,20250801110500000,000070,5,7.43,7.43,7.4,7.41,831300,6162208.0
2025-08-01 11:10:00,2025-08-01,20250801111000000,000070,5,7.41,7.45,7.4,7.43,340600,2530240.0
2025-08-01 11:15:00,2025-08-01,20250801111500000,000070,5,7.43,7.44,7.42,7.43,332900,2472160.0
2025-08-01 11:20:00,2025-08-01,20250801112000000,000070,5,7.42,7.45,7.42,7.45,254700,1893856.0
2025-08-01 11:25:00,2025-08-01,20250801112500000,000070,5,7.45,7.46,7.43,7.44,297900,2216224.0
2025-08-01 11:30:00,2025-08-01,20250801113000000,000070,5,7.43,7.46,7.43,7.44,386800,2879232.0
2025-08-01 13:05:00,2025-08-01,20250801130500000,000070,5,7.44,7.45,7.42,7.45,559700,4158944.0
2025-08-01 13:10:00,2025-08-01,20250801131000000,000070,5,7.45,7.47,7.45,7.47,292200,2179936.0
2025-08-01 13:15:00,2025-08-01,20250801131500000,000070,5,7.46,7.47,7.44,7.44,335400,2500736.0
2025-08-01 13:20:00,2025-08-01,20250801132000000,000070,5,7.44,7.45,7.43,7.43,359400,2673536.0
2025-08-01 13:25:00,2025-08-01,20250801132500000,000070,5,7.43,7.46,7.43,7.46,240800,1793568.0
2025-08-01 13:30:00,2025-08-01,20250801133000000,000070,5,7.45,7.47,7.43,7.45,797300,5937760.0
2025-08-01 13:35:00,2025-08-01,20250801133500000,000070,5,7.43,7.46,7.41,7.42,669400,4972704.0
2025-08-01 13:40:00,2025-08-01,20250801134000000,000070,5,7.42,7.43,7.4,7.41,1052600,7798496.0
2025-08-01 13:45:00,2025-08-01,20250801134500000,000070,5,7.41,7.44,7.41,7.42,528300,3920192.0
2025-08-01 13:50:00,2025-08-01,20250801135000000,000070,5,7.41,7.44,7.41,7.44,425300,3157600.0
2025-08-01 13:55:00,2025-08-01,20250801135500000,000070,5,7.44,7.44,7.42,7.42,341900,2538912.0
2025-08-01 14:00:00,2025-08-01,20250801140000000,000070,5,7.42,7.44,7.41,7.43,261000,1938336.0
2025-08-01 14:05:00,2025-08-01,20250801140500000,000070,5,7.43,7.44,7.41,7.42,556800,4133440.0
2025-08-01 14:10:00,2025-08-01,20250801141000000,000070,5,7.42,7.42,7.4,7.41,1149400,8516064.0
2025-08-01 14:15:00,2025-08-01,20250801141500000,000070,5,7.41,7.43,7.39,7.43,1226600,9079904.0
2025-08-01 14:20:00,2025-08-01,20250801142000000,000070,5,7.43,7.45,7.42,7.44,367200,2730432.0
2025-08-01 14:25:00,2025-08-01,20250801142500000,000070,5,7.44,7.44,7.42,7.43,285400,2121152.0
2025-08-01 14:30:00,2025-08-01,20250801143000000,000070,5,7.43,7.45,7.43,7.45,374200,2782016.0
2025-08-01 14:35:00,2025-08-01,20250801143500000,000070,5,7.44,7.45,7.42,7.45,668200,4966272.0
2025-08-01 14:40:00,2025-08-01,20250801144000000,000070,5,7.45,7.46,7.44,7.45,372300,2772352.0
2025-08-01 14:45:00,2025-08-01,20250801144500000,000070,5,7.44,7.45,7.43,7.45,566100,4209272.0
2025-08-01 14:50:00,2025-08-01,20250801145000000,000070,5,7.45,7.45,7.44,7.45,538500,4008970.0
2025-08-01 14:55:00,2025-08-01,20250801145500000,000070,5,7.44,7.45,7.42,7.42,1249900,9289470.0
2025-08-01 15:00:00,2025-08-01,20250801150000000,000070,5,7.43,7.44,7.4,7.4,1718200,12731000.0
2025-08-04 09:35:00,2025-08-04,20250804093500000,000070,5,7.39,7.39,7.29,7.37,3449200,25340864.0
2025-08-04 09:40:00,2025-08-04,20250804094000000,000070,5,7.36,7.41,7.36,7.39,1034300,7632280.0
2025-08-04 09:45:00,2025-08-04,20250804094500000,000070,5,7.4,7.44,7.39,7.44,1254500,9302244.0
2025-08-04 09:50:00,2025-08-04,20250804095000000,000070,5,7.44,7.44,7.39,7.39,608100,4505188.0
2025-08-04 09:55:00,2025-08-04,20250804095500000,000070,5,7.39,7.4,7.37,7.4,628000,4637296.0
2025-08-04 10:00:00,2025-08-04,20250804100000000,000070,5,7.39,7.39,7.37,7.39,523200,3861224.0
2025-08-04 10:05:00,2025-08-04,20250804100500000,000070,5,7.39,7.39,7.38,7.39,375600,2773392.0
2025-08-04 10:10:00,2025-08-04,20250804101000000,000070,5,7.4,7.45,7.4,7.45,978800,7271096.0
2025-08-04 10:15:00,2025-08-04,20250804101500000,000070,5,7.45,7.47,7.43,7.43,990800,7383120.0
2025-08-04 10:20:00,2025-08-04,20250804102000000,000070,5,7.43,7.44,7.42,7.43,391200,2905680.0
2025-08-04 10:25:00,2025-08-04,20250804102500000,000070,5,7.42,7.43,7.41,7.41,264000,1960096.0
2025-08-04 10:30:00,2025-08-04,20250804103000000,000070,5,7.41,7.45,7.41,7.42,479200,3559744.0
2025-08-04 10:35:00,2025-08-04,20250804103500000,000070,5,7.43,7.43,7.41,7.42,304900,2260656.0
2025-08-04 10:40:00,2025-08-04,20250804104000000,000070,5,7.42,7.42,7.4,7.41,168100,1245712.0
2025-08-04 10:45:00,2025-08-04,20250804104500000,000070,5,7.41,7.42,7.41,7.42,195300,1448272.0
2025-08-04 10:50:00,2025-08-04,20250804105000000,000070,5,7.41,7.42,7.41,7.41,228000,1690120.0
2025-08-04 10:55:00,2025-08-04,20250804105500000,000070,5,7.41,7.42,7.41,7.41,122500,908352.0
2025-08-04 11:00:00,2025-08-04,20250804110000000,000070,5,7.41,7.42,7.4,7.4,281500,2085136.0
2025-08-04 11:05:00,2025-08-04,20250804110500000,000070,5,7.4,7.43,7.4,7.41,507200,3757992.0
2025-08-04 11:10:00,2025-08-04,20250804111000000,000070,5,7.42,7.42,7.4,7.4,199900,1480432.0
2025-08-04 11:15:00,2025-08-04,20250804111500000,000070,5,7.4,7.41,7.4,7.41,134700,997872.0
2025-08-04 11:20:00,2025-08-04,20250804112000000,000070,5,7.42,7.43,7.41,7.42,260700,1934768.0
2025-08-04 11:25:00,2025-08-04,20250804112500000,000070,5,7.41,7.43,7.41,7.42,291800,2165128.0
2025-08-04 11:30:00,2025-08-04,20250804113000000,000070,5,7.42,7.43,7.42,7.42,168800,1252592.0
2025-08-04 13:05:00,2025-08-04,20250804130500000,000070,5,7.42,7.46,7.42,7.45,730700,5434488.0
2025-08-04 13:10:00,2025-08-04,20250804131000000,000070,5,7.44,7.45,7.43,7.45,298300,2219152.0
2025-08-04 13:15:00,2025-08-04,20250804131500000,000070,5,7.44,7.45,7.44,7.44,180500,1343248.0
2025-08-04 13:20:00,2025-08-04,20250804132000000,000070,5,7.44,7.47,7.44,7.47,785200,5854192.0
2025-08-04 13:25:00,2025-08-04,20250804132500000,000070,5,7.47,7.5,7.47,7.5,1076900,8063712.0
2025-08-04 13:30:00,2025-08-04,20250804133000000,000070,5,7.5,7.5,7.47,7.47,685300,5126488.0
2025-08-04 13:35:00,2025-08-04,20250804133500000,000070,5,7.47,7.48,7.45,7.46,453800,3387632.0
2025-08-04 13:40:00,2025-08-04,20250804134000000,000070,5,7.45,7.46,7.45,7.46,128600,958392.0
2025-08-04 13:45:00,2025-08-04,20250804134500000,000070,5,7.45,7.46,7.45,7.45,227900,1700048.0
2025-08-04 13:50:00,2025-08-04,20250804135000000,000070,5,7.46,7.47,7.45,7.46,703900,5247328.0
2025-08-04 13:55:00,2025-08-04,20250804135500000,000070,5,7.46,7.48,7.45,7.47,453200,3383264.0
2025-08-04 14:00:00,2025-08-04,20250804140000000,000070,5,7.46,7.47,7.45,7.46,227800,1699328.0
2025-08-04 14:05:00,2025-08-04,20250804140500000,000070,5,7.46,7.46,7.45,7.46,69500,518192.0
2025-08-04 14:10:00,2025-08-04,20250804141000000,000070,5,7.45,7.47,7.45,7.46,263100,1962784.0
2025-08-04 14:15:00,2025-08-04,20250804141500000,000070,5,7.47,7.47,7.45,7.46,534500,3984944.0
2025-08-04 14:20:00,2025-08-04,20250804142000000,000070,5,7.46,7.47,7.45,7.46,443000,3303536.0
2025-08-04 14:25:00,2025-08-04,20250804142500000,000070,5,7.46,7.46,7.45,7.46,145600,1085696.0
2025-08-04 14:30:00,2025-08-04,20250804143000000,000070,5,7.46,7.47,7.45,7.47,365500,2726656.0
2025-08-04 14:35:00,2025-08-04,20250804143500000,000070,5,7.47,7.47,7.45,7.46,340800,2543056.0
2025-08-04 14:40:00,2025-08-04,20250804144000000,000070,5,7.46,7.47,7.45,7.47,386300,2881952.0
2025-08-04 14:45:00,2025-08-04,20250804144500000,000070,5,7.47,7.47,7.46,7.47,327700,2445552.0
2025-08-04 14:50:00,2025-08-04,20250804145000000,000070,5,7.47,7.47,7.46,7.46,600000,4477136.0
2025-08-04 14:55:00,2025-08-04,20250804145500000,000070,5,7.46,7.47,7.45,7.46,576500,4300352.0
2025-08-04 15:00:00,2025-08-04,20250804150000000,000070,5,7.46,7.47,7.46,7.46,628200,4687472.0
2025-08-05 09:35:00,2025-08-05,20250805093500000,000070,5,7.48,7.59,7.48,7.59,2949800,22279516.0
2025-08-05 09:40:00,2025-08-05,20250805094000000,000070,5,7.6,7.67,7.59,7.62,3407800,25978740.0
2025-08-05 09:45:00,2025-08-05,20250805094500000,000070,5,7.61,7.66,7.6,7.61,1659300,12660300.0
2025-08-05 09:50:00,2025-08-05,20250805095000000,000070,5,7.62,7.66,7.62,7.64,1817500,13881668.0
2025-08-05 09:55:00,2025-08-05,20250805095500000,000070,5,7.64,7.64,7.61,7.61,843300,6429480.0
2025-08-05 10:00:00,2025-08-05,20250805100000000,000070,5,7.61,7.61,7.58,7.59,915900,6957624.0
2025-08-05 10:05:00,2025-08-05,20250805100500000,000070,5,7.6,7.62,7.59,7.62,584800,4446952.0
2025-08-05 10:10:00,2025-08-05,20250805101000000,000070,5,7.61,7.64,7.61,7.63,658200,5019656.0
2025-08-05 10:15:00,2025-08-05,20250805101500000,000070,5,7.63,7.79,7.62,7.75,4272600,32907136.0
2025-08-05 10:20:00,2025-08-05,20250805102000000,000070,5,7.74,7.75,7.69,7.69,1729000,13361152.0
2025-08-05 10:25:00,2025-08-05,20250805102500000,000070,5,7.7,7.71,7.68,7.71,587100,4516960.0
2025-08-05 10:30:00,2025-08-05,20250805103000000,000070,5,7.7,7.7,7.68,7.68,485900,3738704.0
2025-08-05 10:35:00,2025-08-05,20250805103500000,000070,5,7.67,7.67,7.66,7.67,555200,4257872.0
2025-08-05 10:40:00,2025-08-05,20250805104000000,000070,5,7.67,7.67,7.62,7.63,546900,4178592.0
2025-08-05 10:45:00,2025-08-05,20250805104500000,000070,5,7.64,7.64,7.62,7.63,295200,2251696.0
2025-08-05 10:50:00,2025-08-05,20250805105000000,000070,5,7.63,7.64,7.61,7.62,377700,2880320.0
2025-08-05 10:55:00,2025-08-05,20250805105500000,000070,5,7.62,7.63,7.61,7.62,191400,1458784.0
2025-08-05 11:00:00,2025-08-05,20250805110000000,000070,5,7.62,7.63,7.61,7.61,230800,1758240.0
2025-08-05 11:05:00,2025-08-05,20250805110500000,000070,5,7.61,7.63,7.61,7.63,185200,1410336.0
2025-08-05 11:10:00,2025-08-05,20250805111000000,000070,5,7.63,7.63,7.61,7.62,218000,1661600.0
2025-08-05 11:15:00,2025-08-05,20250805111500000,000070,5,7.62,7.62,7.6,7.6,373700,2842272.0
2025-08-05 11:20:00,2025-08-05,20250805112000000,000070,5,7.6,7.61,7.59,7.61,300900,2286528.0
2025-08-05 11:25:00,2025-08-05,20250805112500000,000070,5,7.6,7.61,7.6,7.61,136200,1036416.0
2025-08-05 11:30:00,2025-08-05,20250805113000000,000070,5,7.61,7.62,7.6,7.61,104200,792720.0
2025-08-05 13:05:00,2025-08-05,20250805130500000,000070,5,7.61,7.62,7.58,7.58,419200,3186144.0
2025-08-05 13:10:00,2025-08-05,20250805131000000,000070,5,7.59,7.6,7.58,7.59,124800,947168.0
2025-08-05 13:15:00,2025-08-05,20250805131500000,000070,5,7.59,7.6,7.59,7.6,136000,1032464.0
2025-08-05 13:20:00,2025-08-05,20250805132000000,000070,5,7.6,7.61,7.59,7.6,209000,1588048.0
2025-08-05 13:25:00,2025-08-05,20250805132500000,000070,5,7.6,7.6,7.59,7.6,156400,1188304.0
2025-08-05 13:30:00,2025-08-05,20250805133000000,000070,5,7.59,7.63,7.59,7.61,418300,3186832.0
2025-08-05 13:35:00,2025-08-05,20250805133500000,000070,5,7.62,7.66,7.61,7.65,683900,5227008.0
2025-08-05 13:40:00,2025-08-05,20250805134000000,000070,5,7.65,7.74,7.65,7.69,1491500,11481136.0
2025-08-05 13:45:00,2025-08-05,20250805134500000,000070,5,7.69,7.69,7.66,7.67,393100,3018816.0
2025-08-05 13:50:00,2025-08-05,20250805135000000,000070,5,7.66,7.67,7.66,7.66,280700,2152016.0
2025-08-05 13:55:00,2025-08-05,20250805135500000,000070,5,7.66,7.66,7.64,7.64,200600,1535040.0
2025-08-05 14:00:00,2025-08-05,20250805140000000,000070,5,7.64,7.65,7.63,7.65,502100,3834320.0
2025-08-05 14:05:00,2025-08-05,20250805140500000,000070,5,7.65,7.7,7.65,7.68,648200,4975024.0
2025-08-05 14:10:00,2025-08-05,20250805141000000,000070,5,7.69,7.69,7.68,7.68,516300,3966000.0
2025-08-05 14:15:00,2025-08-05,20250805141500000,000070,5,7.68,7.69,7.68,7.69,194900,1497984.0
2025-08-05 14:20:00,2025-08-05,20250805142000000,000070,5,7.69,7.69,7.67,7.67,337600,2591872.0
2025-08-05 14:25:00,2025-08-05,20250805142500000,000070,5,7.67,7.68,7.66,7.67,136500,1046848.0
2025-08-05 14:30:00,2025-08-05,20250805143000000,000070,5,7.68,7.68,7.66,7.67,433300,3322224.0
2025-08-05 14:35:00,2025-08-05,20250805143500000,000070,5,7.67,7.68,7.66,7.66,573500,4397664.0
2025-08-05 14:40:00,2025-08-05,20250805144000000,000070,5,7.66,7.69,7.66,7.68,783000,6010912.0
2025-08-05 14:45:00,2025-08-05,20250805144500000,000070,5,7.68,7.68,7.67,7.68,197000,1512656.0
2025-08-05 14:50:00,2025-08-05,20250805145000000,000070,5,7.68,7.68,7.67,7.68,739000,5672288.0
2025-08-05 14:55:00,2025-08-05,20250805145500000,000070,5,7.68,7.68,7.67,7.68,677300,5197328.0
2025-08-05 15:00:00,2025-08-05,20250805150000000,000070,5,7.68,7.68,7.67,7.68,875000,6718880.0
2025-08-06 09:35:00,2025-08-06,20250806093500000,000070,5,7.7,7.73,7.66,7.72,1674000,12878797.0
2025-08-06 09:40:00,2025-08-06,20250806094000000,000070,5,7.72,7.73,7.69,7.71,973300,7500553.0
2025-08-06 09:45:00,2025-08-06,20250806094500000,000070,5,7.71,7.75,7.71,7.74,1147100,8877518.0
2025-08-06 09:50:00,2025-08-06,20250806095000000,000070,5,7.75,7.76,7.73,7.74,793300,6141228.0
2025-08-06 09:55:00,2025-08-06,20250806095500000,000070,5,7.73,7.75,7.72,7.72,790600,6112408.0
2025-08-06 10:00:00,2025-08-06,20250806100000000,000070,5,7.72,7.73,7.7,7.72,667900,5151172.0
2025-08-06 10:05:00,2025-08-06,20250806100500000,000070,5,7.72,7.73,7.72,7.73,438400,3387540.0
2025-08-06 10:10:00,2025-08-06,20250806101000000,000070,5,7.73,7.75,7.72,7.75,563000,4354256.0
2025-08-06 10:15:00,2025-08-06,20250806101500000,000070,5,7.75,7.76,7.74,7.74,947200,7341460.0
2025-08-06 10:20:00,2025-08-06,20250806102000000,000070,5,7.74,7.75,7.73,7.73,362600,2806572.0
2025-08-06 10:25:00,2025-08-06,20250806102500000,000070,5,7.73,7.74,7.73,7.73,416100,3217992.0
2025-08-06 10:30:00,2025-08-06,20250806103000000,000070,5,7.73,7.74,7.72,7.73,426400,3296088.0
2025-08-06 10:35:00,2025-08-06,20250806103500000,000070,5,7.73,7.73,7.7,7.71,738300,5690000.0
2025-08-06 10:40:00,2025-08-06,20250806104000000,000070,5,7.71,7.72,7.71,7.72,249700,1925784.0
2025-08-06 10:45:00,2025-08-06,20250806104500000,000070,5,7.71,7.73,7.71,7.72,432500,3339568.0
2025-08-06 10:50:00,2025-08-06,20250806105000000,000070,5,7.71,7.73,7.71,7.72,318500,2457632.0
2025-08-06 10:55:00,2025-08-06,20250806105500000,000070,5,7.72,7.73,7.72,7.73,201200,1554352.0
2025-08-06 11:00:00,2025-08-06,20250806110000000,000070,5,7.73,7.73,7.72,7.73,163900,1265720.0
2025-08-06 11:05:00,2025-08-06,20250806110500000,000070,5,7.73,7.74,7.72,7.73,250700,1937688.0
2025-08-06 11:10:00,2025-08-06,20250806111000000,000070,5,7.73,7.74,7.72,7.73,167000,1290840.0
2025-08-06 11:15:00,2025-08-06,20250806111500000,000070,5,7.72,7.74,7.72,7.74,370800,2865240.0
2025-08-06 11:20:00,2025-08-06,20250806112000000,000070,5,7.74,7.74,7.73,7.74,126200,976456.0
2025-08-06 11:25:00,2025-08-06,20250806112500000,000070,5,7.73,7.74,7.73,7.74,172800,1336568.0
2025-08-06 11:30:00,2025-08-06,20250806113000000,000070,5,7.73,7.74,7.73,7.73,245300,1898400.0
2025-08-06 13:05:00,2025-08-06,20250806130500000,000070,5,7.73,7.74,7.72,7.74,654100,5056040.0
2025-08-06 13:10:00,2025-08-06,20250806131000000,000070,5,7.74,7.75,7.73,7.74,920700,7125560.0
2025-08-06 13:15:00,2025-08-06,20250806131500000,000070,5,7.74,7.78,7.74,7.78,1410400,10931688.0
2025-08-06 13:20:00,2025-08-06,20250806132000000,000070,5,7.78,7.85,7.78,7.84,2123200,16568320.0
2025-08-06 13:25:00,2025-08-06,20250806132500000,000070,5,7.85,7.85,7.82,7.82,1243000,9731920.0
2025-08-06 13:30:00,2025-08-06,20250806133000000,000070,5,7.82,7.82,7.79,7.79,465300,3628544.0
2025-08-06 13:35:00,2025-08-06,20250806133500000,000070,5,7.8,7.81,7.78,7.78,526800,4103376.0
2025-08-06 13:40:00,2025-08-06,20250806134000000,000070,5,7.78,7.79,7.78,7.79,154100,1199616.0
2025-08-06 13:45:00,2025-08-06,20250806134500000,000070,5,7.78,7.79,7.78,7.79,119300,928864.0
2025-08-06 13:50:00,2025-08-06,20250806135000000,000070,5,7.79,7.81,7.79,7.8,371800,2899232.0
2025-08-06 13:55:00,2025-08-06,20250806135500000,000070,5,7.8,7.81,7.78,7.79,195500,1523712.0
2025-08-06 14:00:00,2025-08-06,20250806140000000,000070,5,7.79,7.79,7.77,7.77,263900,2054016.0
2025-08-06 14:05:00,2025-08-06,20250806140500000,000070,5,7.77,7.79,7.77,7.79,284300,2211808.0
2025-08-06 14:10:00,2025-08-06,20250806141000000,000070,5,7.78,7.8,7.78,7.78,266800,2077296.0
2025-08-06 14:15:00,2025-08-06,20250806141500000,000070,5,7.79,7.79,7.78,7.78,171100,1331456.0
2025-08-06 14:20:00,2025-08-06,20250806142000000,000070,5,7.78,7.79,7.78,7.79,160700,1250592.0
2025-08-06 14:25:00,2025-08-06,20250806142500000,000070,5,7.78,7.79,7.78,7.78,273300,2127872.0
2025-08-06 14:30:00,2025-08-06,20250806143000000,000070,5,7.79,7.79,7.77,7.79,381300,2967552.0
2025-08-06 14:35:00,2025-08-06,20250806143500000,000070,5,7.78,7.79,7.78,7.78,126400,983632.0
2025-08-06 14:40:00,2025-08-06,20250806144000000,000070,5,7.78,7.79,7.77,7.77,276500,2150560.0
2025-08-06 14:45:00,2025-08-06,20250806144500000,000070,5,7.77,7.79,7.77,7.78,358600,2790464.0
2025-08-06 14:50:00,2025-08-06,20250806145000000,000070,5,7.79,7.79,7.78,7.78,289400,2252448.0
2025-08-06 14:55:00,2025-08-06,20250806145500000,000070,5,7.79,7.79,7.77,7.78,762200,5927520.0
2025-08-06 15:00:00,2025-08-06,20250806150000000,000070,5,7.77,7.78,7.77,7.78,780700,6070976.0
2025-08-07 09:35:00,2025-08-07,20250807093500000,000070,5,7.79,8.23,7.79,8.05,7874900,63424596.0
2025-08-07 09:40:00,2025-08-07,20250807094000000,000070,5,8.04,8.25,8.01,8.25,7645700,62223684.0
2025-08-07 09:45:00,2025-08-07,20250807094500000,000070,5,8.26,8.27,8.17,8.17,6076900,50125288.0
2025-08-07 09:50:00,2025-08-07,20250807095000000,000070,5,8.17,8.43,8.15,8.34,8706800,72352560.0
2025-08-07 09:55:00,2025-08-07,20250807095500000,000070,5,8.35,8.56,8.35,8.35,26925900,229227024.0
2025-08-07 10:00:00,2025-08-07,20250807100000000,000070,5,8.36,8.55,8.36,8.5,8792700,74520128.0
2025-08-07 10:05:00,2025-08-07,20250807100500000,000070,5,8.5,8.56,8.5,8.56,22451400,192069440.0
2025-08-07 10:10:00,2025-08-07,20250807101000000,000070,5,8.56,8.56,8.56,8.56,3033800,25969792.0
2025-08-07 10:15:00,2025-08-07,20250807101500000,000070,5,8.56,8.56,8.56,8.56,809100,6925376.0
2025-08-07 10:20:00,2025-08-07,20250807102000000,000070,5,8.56,8.56,8.56,8.56,923600,7905984.0
2025-08-07 10:25:00,2025-08-07,20250807102500000,000070,5,8.56,8.56,8.56,8.56,324500,2777728.0
2025-08-07 10:30:00,2025-08-07,20250807103000000,000070,5,8.56,8.56,8.56,8.56,2888500,24726080.0
2025-08-07 10:35:00,2025-08-07,20250807103500000,000070,5,8.56,8.56,8.56,8.56,466100,3989824.0
2025-08-07 10:40:00,2025-08-07,20250807104000000,000070,5,8.56,8.56,8.56,8.56,136300,1166720.0
2025-08-07 10:45:00,2025-08-07,20250807104500000,000070,5,8.56,8.56,8.56,8.56,304900,2609920.0
2025-08-07 10:50:00,2025-08-07,20250807105000000,000070,5,8.56,8.56,8.56,8.56,360100,3081792.0
2025-08-07 10:55:00,2025-08-07,20250807105500000,000070,5,8.56,8.56,8.56,8.56,255400,2186240.0
2025-08-07 11:00:00,2025-08-07,20250807110000000,000070,5,8.56,8.56,8.56,8.56,253200,2167360.0
2025-08-07 11:05:00,2025-08-07,20250807110500000,000070,5,8.56,8.56,8.56,8.56,604500,5174528.0
2025-08-07 11:10:00,2025-08-07,20250807111000000,000070,5,8.56,8.56,8.56,8.56,189900,1625536.0
2025-08-07 11:15:00,2025-08-07,20250807111500000,000070,5,8.56,8.56,8.56,8.56,86300,738752.0
2025-08-07 11:20:00,2025-08-07,20250807112000000,000070,5,8.56,8.56,8.56,8.56,3321900,28435968.0
2025-08-07 11:25:00,2025-08-07,20250807112500000,000070,5,8.56,8.56,8.53,8.56,2538200,21720384.0
2025-08-07 11:30:00,2025-08-07,20250807113000000,000070,5,8.56,8.56,8.56,8.56,164500,1408128.0
2025-08-07 13:05:00,2025-08-07,20250807130500000,000070,5,8.56,8.56,8.56,8.56,301300,2579136.0
2025-08-07 13:10:00,2025-08-07,20250807131000000,000070,5,8.56,8.56,8.56,8.56,161300,1380864.0
2025-08-07 13:15:00,2025-08-07,20250807131500000,000070,5,8.56,8.56,8.56,8.56,76400,653952.0
2025-08-07 13:20:00,2025-08-07,20250807132000000,000070,5,8.56,8.56,8.56,8.56,104600,895424.0
2025-08-07 13:25:00,2025-08-07,20250807132500000,000070,5,8.56,8.56,8.56,8.56,326600,2795648.0
2025-08-07 13:30:00,2025-08-07,20250807133000000,000070,5,8.56,8.56,8.56,8.56,174800,1496320.0
2025-08-07 13:35:00,2025-08-07,20250807133500000,000070,5,8.56,8.56,8.56,8.56,207800,1778560.0
2025-08-07 13:40:00,2025-08-07,20250807134000000,000070,5,8.56,8.56,8.56,8.56,26300,225152.0
2025-08-07 13:45:00,2025-08-07,20250807134500000,000070,5,8.56,8.56,8.56,8.56,37900,324416.0
2025-08-07 13:50:00,2025-08-07,20250807135000000,000070,5,8.56,8.56,8.56,8.56,55100,471680.0
2025-08-07 13:55:00,2025-08-07,20250807135500000,000070,5,8.56,8.56,8.56,8.56,512300,4385280.0
2025-08-07 14:00:00,2025-08-07,20250807140000000,000070,5,8.56,8.56,8.49,8.56,8495900,72617152.0
2025-08-07 14:05:00,2025-08-07,20250807140500000,000070,5,8.56,8.56,8.54,8.56,4664900,39928064.0
2025-08-07 14:10:00,2025-08-07,20250807141000000,000070,5,8.56,8.56,8.56,8.56,910000,7789568.0
2025-08-07 14:15:00,2025-08-07,20250807141500000,000070,5,8.56,8.56,8.56,8.56,539100,4614720.0
2025-08-07 14:20:00,2025-08-07,20250807142000000,000070,5,8.56,8.56,8.56,8.56,643000,5504064.0
2025-08-07 14:25:00,2025-08-07,20250807142500000,000070,5,8.56,8.56,8.56,8.56,586800,5022976.0
2025-08-07 14:30:00,2025-08-07,20250807143000000,000070,5,8.56,8.56,8.56,8.56,554100,4743680.0
2025-08-07 14:35:00,2025-08-07,20250807143500000,000070,5,8.56,8.56,8.56,8.56,822700,7042304.0
2025-08-07 14:40:00,2025-08-07,20250807144000000,000070,5,8.56,8.56,8.56,8.56,446400,3821184.0
2025-08-07 14:45:00,2025-08-07,20250807144500000,000070,5,8.56,8.56,8.56,8.56,1570900,13446976.0
2025-08-07 14:50:00,2025-08-07,20250807145000000,000070,5,8.56,8.56,8.56,8.56,534000,4571072.0
2025-08-07 14:55:00,2025-08-07,20250807145500000,000070,5,8.56,8.56,8.56,8.56,1232000,10545920.0
2025-08-07 15:00:00,2025-08-07,20250807150000000,000070,5,8.56,8.56,8.56,8.56,2097500,17954048.0
2025-08-08 09:35:00,2025-08-08,20250808093500000,000070,5,8.51,8.61,8.38,8.42,31349900,266384544.0
2025-08-08 09:40:00,2025-08-08,20250808094000000,000070,5,8.43,8.47,8.36,8.47,11202800,94082400.0
2025-08-08 09:45:00,2025-08-08,20250808094500000,000070,5,8.47,8.47,8.38,8.38,4824800,40591744.0
2025-08-08 09:50:00,2025-08-08,20250808095000000,000070,5,8.39,8.42,8.35,8.36,4810400,40278528.0
2025-08-08 09:55:00,2025-08-08,20250808095500000,000070,5,8.37,8.42,8.33,8.34,3134400,26252576.0
2025-08-08 10:00:00,2025-08-08,20250808100000000,000070,5,8.34,8.39,8.34,8.35,2652600,22157920.0
2025-08-08 10:05:00,2025-08-08,20250808100500000,000070,5,8.35,8.38,8.34,8.36,2166100,18103424.0
2025-08-08 10:10:00,2025-08-08,20250808101000000,000070,5,8.36,8.36,8.33,8.33,2369800,19772064.0
2025-08-08 10:15:00,2025-08-08,20250808101500000,000070,5,8.33,8.34,8.29,8.31,4583000,38053408.0
2025-08-08 10:20:00,2025-08-08,20250808102000000,000070,5,8.31,8.32,8.3,8.3,1250200,10386368.0
2025-08-08 10:25:00,2025-08-08,20250808102500000,000070,5,8.3,8.32,8.28,8.28,1995200,16547968.0
2025-08-08 10:30:00,2025-08-08,20250808103000000,000070,5,8.28,8.3,8.24,8.26,3419200,28262976.0
2025-08-08 10:35:00,2025-08-08,20250808103500000,000070,5,8.27,8.27,8.24,8.26,2332100,19242432.0
2025-08-08 10:40:00,2025-08-08,20250808104000000,000070,5,8.26,8.27,8.24,8.27,1960500,16186432.0
2025-08-08 10:45:00,2025-08-08,20250808104500000,000070,5,8.26,8.29,8.26,8.26,1212300,10025728.0
2025-08-08 10:50:00,2025-08-08,20250808105000000,000070,5,8.27,8.29,8.26,8.29,1366500,11303872.0
2025-08-08 10:55:00,2025-08-08,20250808105500000,000070,5,8.28,8.3,8.26,8.3,1014000,8401536.0
2025-08-08 11:00:00,2025-08-08,20250808110000000,000070,5,8.3,8.32,8.28,8.3,1004100,8338560.0
2025-08-08 11:05:00,2025-08-08,20250808110500000,000070,5,8.31,8.31,8.29,8.3,766600,6360450.0
2025-08-08 11:10:00,2025-08-08,20250808111000000,000070,5,8.31,8.31,8.27,8.29,874200,7242880.0
2025-08-08 11:15:00,2025-08-08,20250808111500000,000070,5,8.29,8.31,8.28,8.3,720500,5975166.0
2025-08-08 11:20:00,2025-08-08,20250808112000000,000070,5,8.3,8.31,8.28,8.31,337700,2801016.0
2025-08-08 11:25:00,2025-08-08,20250808112500000,000070,5,8.3,8.33,8.3,8.32,630800,5244992.0
2025-08-08 11:30:00,2025-08-08,20250808113000000,000070,5,8.31,8.36,8.31,8.36,979200,8157128.0
2025-08-08 13:05:00,2025-08-08,20250808130500000,000070,5,8.36,8.36,8.31,8.33,2303800,19207750.0
2025-08-08 13:10:00,2025-08-08,20250808131000000,000070,5,8.33,8.34,8.31,8.31,654500,5449074.0
2025-08-08 13:15:00,2025-08-08,20250808131500000,000070,5,8.31,8.32,8.29,8.29,507000,4211395.0
2025-08-08 13:20:00,2025-08-08,20250808132000000,000070,5,8.3,8.3,8.29,8.3,424900,3524288.0
2025-08-08 13:25:00,2025-08-08,20250808132500000,000070,5,8.29,8.32,8.29,8.29,651400,5411589.0
2025-08-08 13:30:00,2025-08-08,20250808133000000,000070,5,8.3,8.33,8.3,8.32,733000,6097790.0
2025-08-08 13:35:00,2025-08-08,20250808133500000,000070,5,8.33,8.33,8.3,8.31,431900,3591106.0
2025-08-08 13:40:00,2025-08-08,20250808134000000,000070,5,8.31,8.32,8.3,8.3,465200,3864960.0
2025-08-08 13:45:00,2025-08-08,20250808134500000,000070,5,8.31,8.31,8.28,8.28,1119100,9278912.0
2025-08-08 13:50:00,2025-08-08,20250808135000000,000070,5,8.28,8.3,8.26,8.28,1390300,11505856.0
2025-08-08 13:55:00,2025-08-08,20250808135500000,000070,5,8.27,8.29,8.26,8.28,654200,5412416.0
2025-08-08 14:00:00,2025-08-08,20250808140000000,000070,5,8.27,8.28,8.27,8.27,382200,3161408.0
2025-08-08 14:05:00,2025-08-08,20250808140500000,000070,5,8.26,8.29,8.26,8.27,555900,4598336.0
2025-08-08 14:10:00,2025-08-08,20250808141000000,000070,5,8.26,8.29,8.26,8.28,691900,5724800.0
2025-08-08 14:15:00,2025-08-08,20250808141500000,000070,5,8.29,8.29,8.26,8.27,773300,6393920.0
2025-08-08 14:20:00,2025-08-08,20250808142000000,000070,5,8.27,8.28,8.25,8.26,902800,7461184.0
2025-08-08 14:25:00,2025-08-08,20250808142500000,000070,5,8.27,8.27,8.25,8.27,890300,7354432.0
2025-08-08 14:30:00,2025-08-08,20250808143000000,000070,5,8.27,8.28,8.26,8.27,932900,7712512.0
2025-08-08 14:35:00,2025-08-08,20250808143500000,000070,5,8.27,8.27,8.25,8.26,849600,7018112.0
2025-08-08 14:40:00,2025-08-08,20250808144000000,000070,5,8.25,8.26,8.23,8.23,2827200,23299520.0
2025-08-08 14:45:00,2025-08-08,20250808144500000,000070,5,8.22,8.24,8.22,8.24,1514700,12465664.0
2025-08-08 14:50:00,2025-08-08,20250808145000000,000070,5,8.23,8.24,8.22,8.23,1356900,11170816.0
2025-08-08 14:55:00,2025-08-08,20250808145500000,000070,5,8.23,8.25,8.22,8.23,3183100,26205888.0
2025-08-08 15:00:00,2025-08-08,20250808150000000,000070,5,8.23,8.24,8.21,8.23,4070400,33475904.0
2025-08-11 09:35:00,2025-08-11,20250811093500000,000070,5,8.55,8.65,8.37,8.38,16932600,144610336.0
2025-08-11 09:40:00,2025-08-11,20250811094000000,000070,5,8.38,8.43,8.37,8.38,2980900,25035632.0
2025-08-11 09:45:00,2025-08-11,20250811094500000,000070,5,8.37,8.44,8.37,8.41,1927700,16221184.0
2025-08-11 09:50:00,2025-08-11,20250811095000000,000070,5,8.41,8.53,8.38,8.48,3118900,26401520.0
2025-08-11 09:55:00,2025-08-11,20250811095500000,000070,5,8.48,8.5,8.44,8.47,1557600,13196768.0
2025-08-11 10:00:00,2025-08-11,20250811100000000,000070,5,8.47,8.55,8.47,8.52,2227500,18967152.0
2025-08-11 10:05:00,2025-08-11,20250811100500000,000070,5,8.52,8.79,8.5,8.77,8132600,70409968.0
2025-08-11 10:10:00,2025-08-11,20250811101000000,000070,5,8.77,8.82,8.69,8.77,9641600,84264032.0
2025-08-11 10:15:00,2025-08-11,20250811101500000,000070,5,8.77,8.85,8.75,8.77,4351100,38263136.0
2025-08-11 10:20:00,2025-08-11,20250811102000000,000070,5,8.76,8.82,8.73,8.82,2107200,18468960.0
2025-08-11 10:25:00,2025-08-11,20250811102500000,000070,5,8.8,8.82,8.75,8.75,1992600,17501824.0
2025-08-11 10:30:00,2025-08-11,20250811103000000,000070,5,8.78,8.88,8.78,8.84,3744600,33134464.0
2025-08-11 10:35:00,2025-08-11,20250811103500000,000070,5,8.84,8.88,8.78,8.87,3152400,27873888.0
2025-08-11 10:40:00,2025-08-11,20250811104000000,000070,5,8.88,9.02,8.88,8.97,6657200,59753280.0
2025-08-11 10:45:00,2025-08-11,20250811104500000,000070,5,8.97,9.05,8.97,9.05,10637200,96105344.0
2025-08-11 10:50:00,2025-08-11,20250811105000000,000070,5,9.05,9.05,9.05,9.05,3092700,27988864.0
2025-08-11 10:55:00,2025-08-11,20250811105500000,000070,5,9.05,9.05,9.05,9.05,1112600,10068992.0
2025-08-11 11:00:00,2025-08-11,20250811110000000,000070,5,9.05,9.05,9.05,9.05,284900,2578368.0
2025-08-11 11:05:00,2025-08-11,20250811110500000,000070,5,9.05,9.05,9.05,9.05,320600,2901440.0
2025-08-11 11:10:00,2025-08-11,20250811111000000,000070,5,9.05,9.05,9.05,9.05,507600,4593600.0
2025-08-11 11:15:00,2025-08-11,20250811111500000,000070,5,9.05,9.05,9.05,9.05,146400,1324928.0
2025-08-11 11:20:00,2025-08-11,20250811112000000,000070,5,9.05,9.05,9.05,9.05,230100,2082368.0
2025-08-11 11:25:00,2025-08-11,20250811112500000,000070,5,9.05,9.05,9.05,9.05,394500,3570240.0
2025-08-11 11:30:00,2025-08-11,20250811113000000,000070,5,9.05,9.05,9.05,9.05,171400,1551168.0
2025-08-11 13:05:00,2025-08-11,20250811130500000,000070,5,9.05,9.05,9.05,9.05,352900,3193728.0
2025-08-11 13:10:00,2025-08-11,20250811131000000,000070,5,9.05,9.05,9.05,9.05,165400,1496896.0
2025-08-11 13:15:00,2025-08-11,20250811131500000,000070,5,9.05,9.05,9.05,9.05,101300,916736.0
2025-08-11 13:20:00,2025-08-11,20250811132000000,000070,5,9.05,9.05,9.05,9.05,56400,509888.0
2025-08-11 13:25:00,2025-08-11,20250811132500000,000070,5,9.05,9.05,9.05,9.05,54700,495040.0
2025-08-11 13:30:00,2025-08-11,20250811133000000,000070,5,9.05,9.05,9.05,9.05,58300,527616.0
2025-08-11 13:35:00,2025-08-11,20250811133500000,000070,5,9.05,9.05,9.05,9.05,151300,1369280.0
2025-08-11 13:40:00,2025-08-11,20250811134000000,000070,5,9.05,9.05,9.05,9.05,72600,657024.0
2025-08-11 13:45:00,2025-08-11,20250811134500000,000070,5,9.05,9.05,9.05,9.05,47400,428928.0
2025-08-11 13:50:00,2025-08-11,20250811135000000,000070,5,9.05,9.05,9.05,9.05,41300,373824.0
2025-08-11 13:55:00,2025-08-11,20250811135500000,000070,5,9.05,9.05,9.05,9.05,31600,285952.0
2025-08-11 14:00:00,2025-08-11,20250811140000000,000070,5,9.05,9.05,9.05,9.05,58000,524928.0
2025-08-11 14:05:00,2025-08-11,20250811140500000,000070,5,9.05,9.05,9.05,9.05,30400,275136.0
2025-08-11 14:10:00,2025-08-11,20250811141000000,000070,5,9.05,9.05,9.05,9.05,26100,236160.0
2025-08-11 14:15:00,2025-08-11,20250811141500000,000070,5,9.05,9.05,9.05,9.05,45400,410880.0
2025-08-11 14:20:00,2025-08-11,20250811142000000,000070,5,9.05,9.05,9.05,9.05,72000,651584.0
2025-08-11 14:25:00,2025-08-11,20250811142500000,000070,5,9.05,9.05,9.05,9.05,69200,626240.0
2025-08-11 14:30:00,2025-08-11,20250811143000000,000070,5,9.05,9.05,9.05,9.05,43600,394624.0
2025-08-11 14:35:00,2025-08-11,20250811143500000,000070,5,9.05,9.05,9.05,9.05,70900,641664.0
2025-08-11 14:40:00,2025-08-11,20250811144000000,000070,5,9.05,9.05,9.05,9.05,21700,196352.0
2025-08-11 14:45:00,2025-08-11,20250811144500000,000070,5,9.05,9.05,9.05,9.05,91600,828992.0
2025-08-11 14:50:00,2025-08-11,20250811145000000,000070,5,9.05,9.05,9.05,9.05,61000,552064.0
2025-08-11 14:55:00,2025-08-11,20250811145500000,000070,5,9.05,9.05,9.05,9.05,129000,1167424.0
2025-08-11 15:00:00,2025-08-11,20250811150000000,000070,5,9.05,9.05,9.05,9.05,190700,1725824.0
2025-08-12 09:35:00,2025-08-12,20250812093500000,000070,5,9.38,9.45,9.2,9.31,30094800,281114752.0
2025-08-12 09:40:00,2025-08-12,20250812094000000,000070,5,9.29,9.29,9.11,9.16,10568500,97216864.0
2025-08-12 09:45:00,2025-08-12,20250812094500000,000070,5,9.16,9.17,9.05,9.11,6440600,58615744.0
2025-08-12 09:50:00,2025-08-12,20250812095000000,000070,5,9.1,9.13,9.06,9.12,4005000,36349504.0
2025-08-12 09:55:00,2025-08-12,20250812095500000,000070,5,9.11,9.12,9.06,9.06,3938200,35824064.0
2025-08-12 10:00:00,2025-08-12,20250812100000000,000070,5,9.07,9.07,9.0,9.04,5980300,54036320.0
2025-08-12 10:05:00,2025-08-12,20250812100500000,000070,5,9.04,9.19,9.03,9.13,4699000,42890686.0
2025-08-12 10:10:00,2025-08-12,20250812101000000,000070,5,9.12,9.12,9.04,9.04,2501300,22702402.0
2025-08-12 10:15:00,2025-08-12,20250812101500000,000070,5,9.04,9.07,9.04,9.05,3198000,28954624.0
2025-08-12 10:20:00,2025-08-12,20250812102000000,000070,5,9.05,9.06,9.04,9.06,1994100,18042240.0
2025-08-12 10:25:00,2025-08-12,20250812102500000,000070,5,9.07,9.08,9.05,9.08,1546400,14018048.0
2025-08-12 10:30:00,2025-08-12,20250812103000000,000070,5,9.09,9.09,9.01,9.02,2041600,18464768.0
2025-08-12 10:35:00,2025-08-12,20250812103500000,000070,5,9.02,9.02,8.97,8.99,3261800,29326528.0
2025-08-12 10:40:00,2025-08-12,20250812104000000,000070,5,8.99,9.05,8.98,9.0,1525100,13750656.0
2025-08-12 10:45:00,2025-08-12,20250812104500000,000070,5,9.0,9.02,8.97,8.99,2173200,19550080.0
2025-08-12 10:50:00,2025-08-12,20250812105000000,000070,5,8.99,9.0,8.94,8.96,2114300,18954304.0
2025-08-12 10:55:00,2025-08-12,20250812105500000,000070,5,8.97,8.99,8.97,8.99,1171200,10516224.0
2025-08-12 11:00:00,2025-08-12,20250812110000000,000070,5,8.99,9.01,8.97,8.98,875300,7867520.0
2025-08-12 11:05:00,2025-08-12,20250812110500000,000070,5,9.03,9.04,8.99,8.99,1052500,9484800.0
2025-08-12 11:10:00,2025-08-12,20250812111000000,000070,5,8.99,9.04,8.98,9.04,856300,7723904.0
2025-08-12 11:15:00,2025-08-12,20250812111500000,000070,5,9.04,9.04,9.02,9.02,719700,6497024.0
2025-08-12 11:20:00,2025-08-12,20250812112000000,000070,5,9.01,9.06,9.01,9.06,1212300,10961472.0
2025-08-12 11:25:00,2025-08-12,20250812112500000,000070,5,9.06,9.08,9.05,9.07,1284400,11640320.0
2025-08-12 11:30:00,2025-08-12,20250812113000000,000070,5,9.07,9.1,9.05,9.1,1056100,9579328.0
2025-08-12 13:05:00,2025-08-12,20250812130500000,000070,5,9.11,9.35,9.11,9.23,9083500,83952256.0
2025-08-12 13:10:00,2025-08-12,20250812131000000,000070,5,9.21,9.22,9.17,9.22,3450500,31729662.0
2025-08-12 13:15:00,2025-08-12,20250812131500000,000070,5,9.22,9.28,9.18,9.19,3124200,28783106.0
2025-08-12 13:20:00,2025-08-12,20250812132000000,000070,5,9.19,9.29,9.19,9.22,2485900,23027328.0
2025-08-12 13:25:00,2025-08-12,20250812132500000,000070,5,9.23,9.24,9.19,9.19,1214100,11182136.0
2025-08-12 13:30:00,2025-08-12,20250812133000000,000070,5,9.19,9.2,9.16,9.17,1039500,9539340.0
2025-08-12 13:35:00,2025-08-12,20250812133500000,000070,5,9.17,9.17,9.13,9.14,1255500,11482808.0
2025-08-12 13:40:00,2025-08-12,20250812134000000,000070,5,9.14,9.17,9.13,9.13,995900,9106304.0
2025-08-12 13:45:00,2025-08-12,20250812134500000,000070,5,9.12,9.14,9.1,9.13,995300,9079420.0
2025-08-12 13:50:00,2025-08-12,20250812135000000,000070,5,9.12,9.13,9.08,9.11,1133800,10319496.0
2025-08-12 13:55:00,2025-08-12,20250812135500000,000070,5,9.11,9.14,9.1,9.13,910500,8305790.0
2025-08-12 14:00:00,2025-08-12,20250812140000000,000070,5,9.13,9.14,9.1,9.11,674800,6154626.0
2025-08-12 14:05:00,2025-08-12,20250812140500000,000070,5,9.12,9.15,9.11,9.12,1030600,9405432.0
2025-08-12 14:10:00,2025-08-12,20250812141000000,000070,5,9.12,9.14,9.11,9.13,701800,6406542.0
2025-08-12 14:15:00,2025-08-12,20250812141500000,000070,5,9.13,9.13,9.11,9.12,611400,5574266.0
2025-08-12 14:20:00,2025-08-12,20250812142000000,000070,5,9.12,9.12,9.07,9.08,1133900,10312832.0
2025-08-12 14:25:00,2025-08-12,20250812142500000,000070,5,9.08,9.22,9.08,9.17,2640600,24223364.0
2025-08-12 14:30:00,2025-08-12,20250812143000000,000070,5,9.18,9.18,9.11,9.12,974800,8914935.0
2025-08-12 14:35:00,2025-08-12,20250812143500000,000070,5,9.12,9.13,9.11,9.12,703400,6414091.0
2025-08-12 14:40:00,2025-08-12,20250812144000000,000070,5,9.12,9.12,9.09,9.09,1222600,11127027.0
2025-08-12 14:45:00,2025-08-12,20250812144500000,000070,5,9.1,9.1,9.06,9.07,1555600,14117511.0
2025-08-12 14:50:00,2025-08-12,20250812145000000,000070,5,9.08,9.1,9.07,9.09,2056300,18676992.0
2025-08-12 14:55:00,2025-08-12,20250812145500000,000070,5,9.08,9.1,9.07,9.08,2449500,22249984.0
2025-08-12 15:00:00,2025-08-12,20250812150000000,000070,5,9.09,9.12,9.08,9.08,2950200,26820096.0
2025-08-13 09:35:00,2025-08-13,20250813093500000,000070,5,9.28,9.39,9.15,9.22,21712400,201282496.0
2025-08-13 09:40:00,2025-08-13,20250813094000000,000070,5,9.22,9.3,9.19,9.24,7090600,65582624.0
2025-08-13 09:45:00,2025-08-13,20250813094500000,000070,5,9.25,9.38,9.25,9.36,5853000,54574016.0
2025-08-13 09:50:00,2025-08-13,20250813095000000,000070,5,9.35,9.35,9.28,9.33,3922800,36512768.0
2025-08-13 09:55:00,2025-08-13,20250813095500000,000070,5,9.35,9.43,9.33,9.43,4732000,44326016.0
2025-08-13 10:00:00,2025-08-13,20250813100000000,000070,5,9.39,9.56,9.28,9.56,7842600,73552288.0
2025-08-13 10:05:00,2025-08-13,20250813100500000,000070,5,9.57,9.98,9.46,9.78,21320500,208403648.0
2025-08-13 10:10:00,2025-08-13,20250813101000000,000070,5,9.79,9.94,9.79,9.85,9259200,91250624.0
2025-08-13 10:15:00,2025-08-13,20250813101500000,000070,5,9.84,9.85,9.64,9.65,4386800,42647232.0
2025-08-13 10:20:00,2025-08-13,20250813102000000,000070,5,9.65,9.69,9.57,9.59,4023700,38735748.0
2025-08-13 10:25:00,2025-08-13,20250813102500000,000070,5,9.59,9.7,9.59,9.68,2341800,22616892.0
2025-08-13 10:30:00,2025-08-13,20250813103000000,000070,5,9.69,9.69,9.63,9.65,1683700,16251072.0
2025-08-13 10:35:00,2025-08-13,20250813103500000,000070,5,9.64,9.66,9.57,9.58,2214900,21291328.0
2025-08-13 10:40:00,2025-08-13,20250813104000000,000070,5,9.57,9.62,9.57,9.6,1203500,11554880.0
2025-08-13 10:45:00,2025-08-13,20250813104500000,000070,5,9.6,9.61,9.53,9.59,2054600,19656442.0
2025-08-13 10:50:00,2025-08-13,20250813105000000,000070,5,9.59,9.63,9.56,9.58,1338500,12844806.0
2025-08-13 10:55:00,2025-08-13,20250813105500000,000070,5,9.58,9.64,9.58,9.61,1081900,10398336.0
2025-08-13 11:00:00,2025-08-13,20250813110000000,000070,5,9.61,9.74,9.57,9.69,1881100,18183680.0
2025-08-13 11:05:00,2025-08-13,20250813110500000,000070,5,9.7,9.71,9.65,9.67,1118700,10836416.0
2025-08-13 11:10:00,2025-08-13,20250813111000000,000070,5,9.67,9.7,9.65,9.7,605000,5855168.0
2025-08-13 11:15:00,2025-08-13,20250813111500000,000070,5,9.7,9.83,9.67,9.82,2626300,25654016.0
2025-08-13 11:20:00,2025-08-13,20250813112000000,000070,5,9.82,9.82,9.74,9.8,1436200,14051584.0
2025-08-13 11:25:00,2025-08-13,20250813112500000,000070,5,9.8,9.85,9.78,9.8,1758200,17260544.0
2025-08-13 11:30:00,2025-08-13,20250813113000000,000070,5,9.8,9.9,9.78,9.85,2357100,23206784.0
2025-08-13 13:05:00,2025-08-13,20250813130500000,000070,5,9.84,9.85,9.66,9.72,2075400,20237312.0
2025-08-13 13:10:00,2025-08-13,20250813131000000,000070,5,9.72,9.77,9.64,9.64,1241600,12042112.0
2025-08-13 13:15:00,2025-08-13,20250813131500000,000070,5,9.64,9.69,9.62,9.66,781900,7550208.0
2025-08-13 13:20:00,2025-08-13,20250813132000000,000070,5,9.66,9.74,9.64,9.74,1020000,9853568.0
2025-08-13 13:25:00,2025-08-13,20250813132500000,000070,5,9.74,9.79,9.74,9.75,1161300,11334528.0
2025-08-13 13:30:00,2025-08-13,20250813133000000,000070,5,9.76,9.81,9.73,9.81,1402700,13699584.0
2025-08-13 13:35:00,2025-08-13,20250813133500000,000070,5,9.81,9.94,9.81,9.9,3584800,35433728.0
2025-08-13 13:40:00,2025-08-13,20250813134000000,000070,5,9.91,9.91,9.78,9.81,1161300,11410304.0
2025-08-13 13:45:00,2025-08-13,20250813134500000,000070,5,9.81,9.87,9.8,9.84,817300,8037760.0
2025-08-13 13:50:00,2025-08-13,20250813135000000,000070,5,9.84,9.84,9.81,9.82,522500,5131136.0
2025-08-13 13:55:00,2025-08-13,20250813135500000,000070,5,9.81,9.86,9.79,9.85,916300,9000832.0
2025-08-13 14:00:00,2025-08-13,20250813140000000,000070,5,9.85,9.94,9.82,9.9,2708200,26831104.0
2025-08-13 14:05:00,2025-08-13,20250813140500000,000070,5,9.9,9.99,9.86,9.99,13013400,129831168.0
2025-08-13 14:10:00,2025-08-13,20250813141000000,000070,5,9.99,9.99,9.99,9.99,1595200,15935488.0
2025-08-13 14:15:00,2025-08-13,20250813141500000,000070,5,9.99,9.99,9.99,9.99,527800,5272704.0
2025-08-13 14:20:00,2025-08-13,20250813142000000,000070,5,9.99,9.99,9.99,9.99,927400,9264640.0
2025-08-13 14:25:00,2025-08-13,20250813142500000,000070,5,9.99,9.99,9.99,9.99,321800,3215104.0
2025-08-13 14:30:00,2025-08-13,20250813143000000,000070,5,9.99,9.99,9.99,9.99,271900,2716544.0
2025-08-13 14:35:00,2025-08-13,20250813143500000,000070,5,9.99,9.99,9.99,9.99,188300,1881088.0
2025-08-13 14:40:00,2025-08-13,20250813144000000,000070,5,9.99,9.99,9.99,9.99,1381100,13797248.0
2025-08-13 14:45:00,2025-08-13,20250813144500000,000070,5,9.99,9.99,9.99,9.99,240300,2400512.0
2025-08-13 14:50:00,2025-08-13,20250813145000000,000070,5,9.99,9.99,9.99,9.99,141600,1414656.0
2025-08-13 14:55:00,2025-08-13,20250813145500000,000070,5,9.99,9.99,9.99,9.99,193300,1931008.0
2025-08-13 15:00:00,2025-08-13,20250813150000000,000070,5,9.99,9.99,9.99,9.99,303500,3031936.0
2025-08-14 09:35:00,2025-08-14,20250814093500000,000070,5,10.0,10.38,9.88,10.24,26876700,272651648.0
2025-08-14 09:40:00,2025-08-14,20250814094000000,000070,5,10.25,10.8,10.25,10.59,15385800,161275648.0
2025-08-14 09:45:00,2025-08-14,20250814094500000,000070,5,10.57,10.62,10.33,10.35,9162800,96053024.0
2025-08-14 09:50:00,2025-08-14,20250814095000000,000070,5,10.35,10.48,10.31,10.35,5465200,56777056.0
2025-08-14 09:55:00,2025-08-14,20250814095500000,000070,5,10.35,10.47,10.34,10.36,3673300,38198462.0
2025-08-14 10:00:00,2025-08-14,20250814100000000,000070,5,10.36,10.36,10.02,10.14,8992400,91362882.0
2025-08-14 10:05:00,2025-08-14,20250814100500000,000070,5,10.15,10.21,10.0,10.21,5185400,52296768.0
2025-08-14 10:10:00,2025-08-14,20250814101000000,000070,5,10.21,10.28,10.12,10.16,3077900,31399680.0
2025-08-14 10:15:00,2025-08-14,20250814101500000,000070,5,10.16,10.33,10.16,10.33,1766100,18025080.0
2025-08-14 10:20:00,2025-08-14,20250814102000000,000070,5,10.33,10.43,10.3,10.35,2631900,27288526.0
2025-08-14 10:25:00,2025-08-14,20250814102500000,000070,5,10.36,10.38,10.21,10.21,1568300,16211060.0
2025-08-14 10:30:00,2025-08-14,20250814103000000,000070,5,10.21,10.33,10.21,10.33,1157600,11863302.0
2025-08-14 10:35:00,2025-08-14,20250814103500000,000070,5,10.34,10.37,10.2,10.2,1713100,17629568.0
2025-08-14 10:40:00,2025-08-14,20250814104000000,000070,5,10.2,10.24,10.18,10.18,1584500,16159871.0
2025-08-14 10:45:00,2025-08-14,20250814104500000,000070,5,10.17,10.17,10.0,10.0,4747000,47726401.0
2025-08-14 10:50:00,2025-08-14,20250814105000000,000070,5,10.0,10.3,10.0,10.29,3020600,30607040.0
2025-08-14 10:55:00,2025-08-14,20250814105500000,000070,5,10.23,10.23,10.12,10.17,837200,8522878.0
2025-08-14 11:00:00,2025-08-14,20250814110000000,000070,5,10.15,10.16,10.09,10.12,838100,8489666.0
2025-08-14 11:05:00,2025-08-14,20250814110500000,000070,5,10.09,10.19,10.09,10.12,959000,9740160.0
2025-08-14 11:10:00,2025-08-14,20250814111000000,000070,5,10.15,10.19,10.13,10.17,863000,8765248.0
2025-08-14 11:15:00,2025-08-14,20250814111500000,000070,5,10.17,10.18,10.12,10.16,948400,9634304.0
2025-08-14 11:20:00,2025-08-14,20250814112000000,000070,5,10.17,10.2,10.16,10.19,825500,8407162.0
2025-08-14 11:25:00,2025-08-14,20250814112500000,000070,5,10.2,10.27,10.19,10.24,1090000,11151562.0
2025-08-14 11:30:00,2025-08-14,20250814113000000,000070,5,10.24,10.25,10.18,10.18,761800,7766330.0
2025-08-14 13:05:00,2025-08-14,20250814130500000,000070,5,10.18,10.18,10.1,10.12,1218000,12358274.0
2025-08-14 13:10:00,2025-08-14,20250814131000000,000070,5,10.12,10.12,10.02,10.06,1376400,13840896.0
2025-08-14 13:15:00,2025-08-14,20250814131500000,000070,5,10.07,10.08,10.03,10.06,1091000,10971136.0
2025-08-14 13:20:00,2025-08-14,20250814132000000,000070,5,10.06,10.07,10.0,10.03,1652500,16559488.0
2025-08-14 13:25:00,2025-08-14,20250814132500000,000070,5,10.02,10.05,9.97,9.98,2906200,29045888.0
2025-08-14 13:30:00,2025-08-14,20250814133000000,000070,5,9.98,10.18,9.98,10.11,2233900,22493050.0
2025-08-14 13:35:00,2025-08-14,20250814133500000,000070,5,10.11,10.21,10.07,10.17,1746800,17743750.0
2025-08-14 13:40:00,2025-08-14,20250814134000000,000070,5,10.16,10.17,10.14,10.17,863700,8770048.0
2025-08-14 13:45:00,2025-08-14,20250814134500000,000070,5,10.17,10.2,10.16,10.2,930500,9472512.0
2025-08-14 13:50:00,2025-08-14,20250814135000000,000070,5,10.2,10.25,10.16,10.18,1508200,15399675.0
2025-08-14 13:55:00,2025-08-14,20250814135500000,000070,5,10.17,10.2,10.1,10.19,944200,9587073.0
2025-08-14 14:00:00,2025-08-14,20250814140000000,000070,5,10.19,10.22,10.18,10.2,1045500,10662784.0
2025-08-14 14:05:00,2025-08-14,20250814140500000,000070,5,10.21,10.33,10.2,10.3,1595500,16399364.0
2025-08-14 14:10:00,2025-08-14,20250814141000000,000070,5,10.3,10.4,10.3,10.34,2823400,29255936.0
2025-08-14 14:15:00,2025-08-14,20250814141500000,000070,5,10.34,10.35,10.27,10.27,777800,8003333.0
2025-08-14 14:20:00,2025-08-14,20250814142000000,000070,5,10.28,10.38,10.19,10.35,1274000,13081723.0
2025-08-14 14:25:00,2025-08-14,20250814142500000,000070,5,10.35,10.5,10.31,10.49,2194900,22812416.0
2025-08-14 14:30:00,2025-08-14,20250814143000000,000070,5,10.49,10.49,10.34,10.45,1689300,17633280.0
2025-08-14 14:35:00,2025-08-14,20250814143500000,000070,5,10.44,10.45,10.31,10.35,1370300,14215552.0
2025-08-14 14:40:00,2025-08-14,20250814144000000,000070,5,10.34,10.45,10.28,10.45,2123500,21979513.0
2025-08-14 14:45:00,2025-08-14,20250814144500000,000070,5,10.45,10.63,10.4,10.43,4051000,42615431.0
2025-08-14 14:50:00,2025-08-14,20250814145000000,000070,5,10.43,10.48,10.36,10.42,2840000,29590912.0
2025-08-14 14:55:00,2025-08-14,20250814145500000,000070,5,10.41,10.99,10.4,10.99,16178800,176355328.0
2025-08-14 15:00:00,2025-08-14,20250814150000000,000070,5,10.99,10.99,10.99,10.99,6449300,70877696.0
2025-08-15 09:35:00,2025-08-15,20250815093500000,000070,5,10.58,10.58,10.11,10.45,21472900,223388816.0
2025-08-15 09:40:00,2025-08-15,20250815094000000,000070,5,10.47,10.58,10.44,10.58,8370000,87945296.0
2025-08-15 09:45:00,2025-08-15,20250815094500000,000070,5,10.57,10.59,10.39,10.59,6701000,70206752.0
2025-08-15 09:50:00,2025-08-15,20250815095000000,000070,5,10.59,10.8,10.5,10.5,6507000,69436352.0
2025-08-15 09:55:00,2025-08-15,20250815095500000,000070,5,10.5,10.56,10.42,10.43,3959400,41589696.0
2025-08-15 10:00:00,2025-08-15,20250815100000000,000070,5,10.43,10.59,10.42,10.56,4126100,43275104.0
2025-08-15 10:05:00,2025-08-15,20250815100500000,000070,5,10.56,10.56,10.4,10.43,3521500,36827367.0
2025-08-15 10:10:00,2025-08-15,20250815101000000,000070,5,10.46,10.5,10.43,10.47,2520900,26370354.0
2025-08-15 10:15:00,2025-08-15,20250815101500000,000070,5,10.47,10.48,10.36,10.37,3928500,40996803.0
2025-08-15 10:20:00,2025-08-15,20250815102000000,000070,5,10.36,10.45,10.36,10.44,2941300,30612926.0
2025-08-15 10:25:00,2025-08-15,20250815102500000,000070,5,10.44,10.48,10.42,10.43,1990500,20797964.0
2025-08-15 10:30:00,2025-08-15,20250815103000000,000070,5,10.42,10.53,10.42,10.46,3202200,33554035.0
2025-08-15 10:35:00,2025-08-15,20250815103500000,000070,5,10.47,10.47,10.43,10.44,1341800,14020867.0
2025-08-15 10:40:00,2025-08-15,20250815104000000,000070,5,10.43,10.5,10.43,10.47,1424300,14898824.0
2025-08-15 10:45:00,2025-08-15,20250815104500000,000070,5,10.47,10.5,10.46,10.5,1558500,16341059.0
2025-08-15 10:50:00,2025-08-15,20250815105000000,000070,5,10.5,10.55,10.49,10.54,1902400,19998139.0
2025-08-15 10:55:00,2025-08-15,20250815105500000,000070,5,10.54,10.55,10.48,10.5,1556000,16363458.0
2025-08-15 11:00:00,2025-08-15,20250815110000000,000070,5,10.51,10.52,10.49,10.51,1483800,15583934.0
2025-08-15 11:05:00,2025-08-15,20250815110500000,000070,5,10.52,10.55,10.5,10.54,2011200,21179642.0
2025-08-15 11:10:00,2025-08-15,20250815111000000,000070,5,10.54,10.6,10.52,10.58,2063000,21803139.0
2025-08-15 11:15:00,2025-08-15,20250815111500000,000070,5,10.57,10.6,10.55,10.57,1637200,17308545.0
2025-08-15 11:20:00,2025-08-15,20250815112000000,000070,5,10.57,10.58,10.49,10.49,1556500,16381831.0
2025-08-15 11:25:00,2025-08-15,20250815112500000,000070,5,10.49,10.53,10.49,10.52,949100,9969651.0
2025-08-15 11:30:00,2025-08-15,20250815113000000,000070,5,10.52,10.55,10.49,10.55,1035500,10889218.0
2025-08-15 13:05:00,2025-08-15,20250815130500000,000070,5,10.53,10.58,10.47,10.56,3089800,32472701.0
2025-08-15 13:10:00,2025-08-15,20250815131000000,000070,5,10.56,10.59,10.56,10.58,1185900,12545280.0
2025-08-15 13:15:00,2025-08-15,20250815131500000,000070,5,10.57,10.57,10.49,10.53,1447500,15232575.0
2025-08-15 13:20:00,2025-08-15,20250815132000000,000070,5,10.54,10.6,10.53,10.6,1849400,19523018.0
2025-08-15 13:25:00,2025-08-15,20250815132500000,000070,5,10.61,11.24,10.61,11.09,10894500,120287998.0
2025-08-15 13:30:00,2025-08-15,20250815133000000,000070,5,11.1,11.13,10.9,10.93,5299000,58371840.0
2025-08-15 13:35:00,2025-08-15,20250815133500000,000070,5,10.93,10.99,10.8,10.93,2693800,29346304.0
2025-08-15 13:40:00,2025-08-15,20250815134000000,000070,5,10.92,11.08,10.92,11.08,1868100,20521728.0
2025-08-15 13:45:00,2025-08-15,20250815134500000,000070,5,11.09,11.2,11.04,11.16,4271400,47613056.0
2025-08-15 13:50:00,2025-08-15,20250815135000000,000070,5,11.17,11.18,11.04,11.1,2092300,23287040.0
2025-08-15 13:55:00,2025-08-15,20250815135500000,000070,5,11.1,11.11,10.96,10.96,1865700,20618496.0
2025-08-15 14:00:00,2025-08-15,20250815140000000,000070,5,10.96,11.01,10.96,10.99,1124000,12355712.0
2025-08-15 14:05:00,2025-08-15,20250815140500000,000070,5,11.0,11.02,10.98,11.01,1100100,12097280.0
2025-08-15 14:10:00,2025-08-15,20250815141000000,000070,5,11.02,11.14,11.02,11.14,1409100,15597696.0
2025-08-15 14:15:00,2025-08-15,20250815141500000,000070,5,11.13,11.15,11.11,11.14,1923900,21426944.0
2025-08-15 14:20:00,2025-08-15,20250815142000000,000070,5,11.14,11.29,11.13,11.29,3326100,37205760.0
2025-08-15 14:25:00,2025-08-15,20250815142500000,000070,5,11.29,11.76,11.29,11.55,7669600,88554112.0
2025-08-15 14:30:00,2025-08-15,20250815143000000,000070,5,11.51,11.52,11.29,11.43,3053400,34831744.0
2025-08-15 14:35:00,2025-08-15,20250815143500000,000070,5,11.43,11.43,11.14,11.16,2727700,30911232.0
2025-08-15 14:40:00,2025-08-15,20250815144000000,000070,5,11.16,11.22,11.13,11.18,2854400,31854464.0
2025-08-15 14:45:00,2025-08-15,20250815144500000,000070,5,11.18,11.25,11.03,11.03,2991100,33358976.0
2025-08-15 14:50:00,2025-08-15,20250815145000000,000070,5,11.03,11.12,10.82,11.01,4346500,47718272.0
2025-08-15 14:55:00,2025-08-15,20250815145500000,000070,5,11.02,11.02,10.67,10.77,5608900,60854398.0
2025-08-15 15:00:00,2025-08-15,20250815150000000,000070,5,10.77,10.77,10.68,10.69,8533100,91416712.0
2025-08-18 09:35:00,2025-08-18,20250818093500000,000070,5,10.5,10.67,10.35,10.6,16917600,177668256.0
2025-08-18 09:40:00,2025-08-18,20250818094000000,000070,5,10.6,10.96,10.6,10.92,12622200,136387776.0
2025-08-18 09:45:00,2025-08-18,20250818094500000,000070,5,10.92,10.95,10.8,10.8,7054700,76797984.0
2025-08-18 09:50:00,2025-08-18,20250818095000000,000070,5,10.79,10.88,10.7,10.88,4698600,50666272.0
2025-08-18 09:55:00,2025-08-18,20250818095500000,000070,5,10.88,10.9,10.78,10.81,3350300,36278624.0
2025-08-18 10:00:00,2025-08-18,20250818100000000,000070,5,10.81,10.81,10.59,10.72,7752700,82967488.0
2025-08-18 10:05:00,2025-08-18,20250818100500000,000070,5,10.71,10.89,10.68,10.87,3457900,37123000.0
2025-08-18 10:10:00,2025-08-18,20250818101000000,000070,5,10.89,11.26,10.8,11.17,8450700,93452616.0
2025-08-18 10:15:00,2025-08-18,20250818101500000,000070,5,11.16,11.2,11.01,11.09,4919500,54604928.0
2025-08-18 10:20:00,2025-08-18,20250818102000000,000070,5,11.09,11.09,10.94,10.97,2547200,28034496.0
2025-08-18 10:25:00,2025-08-18,20250818102500000,000070,5,10.96,11.09,10.96,11.01,1719200,18968448.0
2025-08-18 10:30:00,2025-08-18,20250818103000000,000070,5,11.01,11.05,11.01,11.01,1458600,16086528.0
2025-08-18 10:35:00,2025-08-18,20250818103500000,000070,5,11.01,11.19,11.0,11.18,2198600,24390080.0
2025-08-18 10:40:00,2025-08-18,20250818104000000,000070,5,11.16,11.18,11.1,11.14,2804100,31246976.0
2025-08-18 10:45:00,2025-08-18,20250818104500000,000070,5,11.14,11.14,11.03,11.04,1742700,19310400.0
2025-08-18 10:50:00,2025-08-18,20250818105000000,000070,5,11.04,11.12,10.96,11.02,3308100,36485248.0
2025-08-18 10:55:00,2025-08-18,20250818105500000,000070,5,11.01,11.18,11.01,11.11,1735800,19294592.0
2025-08-18 11:00:00,2025-08-18,20250818110000000,000070,5,11.11,11.15,11.07,11.07,1516500,16847168.0
2025-08-18 11:05:00,2025-08-18,20250818110500000,000070,5,11.07,11.14,11.07,11.12,1217500,13531200.0
2025-08-18 11:10:00,2025-08-18,20250818111000000,000070,5,11.11,11.14,11.11,11.13,1145800,12742400.0
2025-08-18 11:15:00,2025-08-18,20250818111500000,000070,5,11.13,11.14,11.09,11.1,1112400,12363008.0
2025-08-18 11:20:00,2025-08-18,20250818112000000,000070,5,11.1,11.11,11.05,11.05,1345100,14895488.0
2025-08-18 11:25:00,2025-08-18,20250818112500000,000070,5,11.05,11.12,11.04,11.12,994300,11012480.0
2025-08-18 11:30:00,2025-08-18,20250818113000000,000070,5,11.12,11.13,11.07,11.1,972300,10791936.0
2025-08-18 13:05:00,2025-08-18,20250818130500000,000070,5,11.12,11.19,11.11,11.13,2369700,26390592.0
2025-08-18 13:10:00,2025-08-18,20250818131000000,000070,5,11.12,11.17,11.11,11.12,1067600,11892032.0
2025-08-18 13:15:00,2025-08-18,20250818131500000,000070,5,11.11,11.11,11.01,11.01,1463600,16183040.0
2025-08-18 13:20:00,2025-08-18,20250818132000000,000070,5,11.01,11.01,10.95,10.97,2088500,22938624.0
2025-08-18 13:25:00,2025-08-18,20250818132500000,000070,5,10.97,10.97,10.8,10.82,3339000,36333441.0
2025-08-18 13:30:00,2025-08-18,20250818133000000,000070,5,10.82,11.0,10.81,10.98,2321000,25251327.0
2025-08-18 13:35:00,2025-08-18,20250818133500000,000070,5,10.96,10.96,10.88,10.89,1161400,12662268.0
2025-08-18 13:40:00,2025-08-18,20250818134000000,000070,5,10.9,10.95,10.89,10.92,839200,9161990.0
2025-08-18 13:45:00,2025-08-18,20250818134500000,000070,5,10.92,11.05,10.91,11.04,1275700,13996414.0
2025-08-18 13:50:00,2025-08-18,20250818135000000,000070,5,11.02,11.04,10.94,11.03,967700,10637440.0
2025-08-18 13:55:00,2025-08-18,20250818135500000,000070,5,11.02,11.02,10.92,10.92,756000,8294010.0
2025-08-18 14:00:00,2025-08-18,20250818140000000,000070,5,10.92,10.92,10.86,10.88,1586500,17273990.0
2025-08-18 14:05:00,2025-08-18,20250818140500000,000070,5,10.88,10.94,10.88,10.92,949200,10348802.0
2025-08-18 14:10:00,2025-08-18,20250818141000000,000070,5,10.92,10.97,10.8,10.82,2172000,23617148.0
2025-08-18 14:15:00,2025-08-18,20250818141500000,000070,5,10.82,10.9,10.72,10.78,2228900,24061186.0
2025-08-18 14:20:00,2025-08-18,20250818142000000,000070,5,10.77,10.8,10.66,10.66,2729000,29278464.0
2025-08-18 14:25:00,2025-08-18,20250818142500000,000070,5,10.67,10.8,10.67,10.76,2336700,25064064.0
2025-08-18 14:30:00,2025-08-18,20250818143000000,000070,5,10.75,10.76,10.69,10.7,1805200,19335680.0
2025-08-18 14:35:00,2025-08-18,20250818143500000,000070,5,10.7,10.8,10.7,10.8,1446700,15538048.0
2025-08-18 14:40:00,2025-08-18,20250818144000000,000070,5,10.8,10.81,10.69,10.7,1911000,20524672.0
2025-08-18 14:45:00,2025-08-18,20250818144500000,000070,5,10.71,10.71,10.6,10.63,3706900,39504128.0
2025-08-18 14:50:00,2025-08-18,20250818145000000,000070,5,10.63,10.64,10.47,10.53,5817100,61324416.0
2025-08-18 14:55:00,2025-08-18,20250818145500000,000070,5,10.54,10.58,10.5,10.58,5292300,55749120.0
2025-08-18 15:00:00,2025-08-18,20250818150000000,000070,5,10.57,10.61,10.55,10.6,4267700,45208448.0
2025-08-19 09:35:00,2025-08-19,20250819093500000,000070,5,10.28,10.32,10.07,10.07,19951400,203242656.0
2025-08-19 09:40:00,2025-08-19,20250819094000000,000070,5,10.07,10.12,9.97,10.0,14153700,142011072.0
2025-08-19 09:45:00,2025-08-19,20250819094500000,000070,5,10.0,10.04,9.99,10.02,6064300,60688032.0
2025-08-19 09:50:00,2025-08-19,20250819095000000,000070,5,10.02,10.12,10.0,10.12,4279100,42939264.0
2025-08-19 09:55:00,2025-08-19,20250819095500000,000070,5,10.14,10.26,10.02,10.19,4605900,46860480.0
2025-08-19 10:00:00,2025-08-19,20250819100000000,000070,5,10.2,10.2,10.07,10.08,3252500,32954912.0
2025-08-19 10:05:00,2025-08-19,20250819100500000,000070,5,10.06,10.12,10.01,10.07,3039500,30588576.0
2025-08-19 10:10:00,2025-08-19,20250819101000000,000070,5,10.08,10.39,10.05,10.26,4086600,41756672.0
2025-08-19 10:15:00,2025-08-19,20250819101500000,000070,5,10.3,10.4,10.28,10.29,3123800,32271872.0
2025-08-19 10:20:00,2025-08-19,20250819102000000,000070,5,10.28,10.3,10.2,10.3,1452100,14901760.0
2025-08-19 10:25:00,2025-08-19,20250819102500000,000070,5,10.29,10.3,10.25,10.28,1205400,12374016.0
2025-08-19 10:30:00,2025-08-19,20250819103000000,000070,5,10.27,10.3,10.26,10.3,1111700,11427456.0
2025-08-19 10:35:00,2025-08-19,20250819103500000,000070,5,10.3,10.3,10.2,10.28,1505900,15443714.0
2025-08-19 10:40:00,2025-08-19,20250819104000000,000070,5,10.28,10.3,10.25,10.25,922200,9487486.0
2025-08-19 10:45:00,2025-08-19,20250819104500000,000070,5,10.26,10.26,10.21,10.21,1059300,10836096.0
2025-08-19 10:50:00,2025-08-19,20250819105000000,000070,5,10.21,10.31,10.18,10.28,1668300,17104000.0
2025-08-19 10:55:00,2025-08-19,20250819105500000,000070,5,10.29,10.39,10.29,10.36,1624700,16787136.0
2025-08-19 11:00:00,2025-08-19,20250819110000000,000070,5,10.36,10.39,10.3,10.32,1113700,11540032.0
2025-08-19 11:05:00,2025-08-19,20250819110500000,000070,5,10.33,10.33,10.28,10.28,498600,5136448.0
2025-08-19 11:10:00,2025-08-19,20250819111000000,000070,5,10.28,10.44,10.22,10.44,2486100,25658176.0
2025-08-19 11:15:00,2025-08-19,20250819111500000,000070,5,10.45,10.45,10.36,10.4,1705900,17756992.0
2025-08-19 11:20:00,2025-08-19,20250819112000000,000070,5,10.39,10.47,10.36,10.46,1563300,16301504.0
2025-08-19 11:25:00,2025-08-19,20250819112500000,000070,5,10.46,10.5,10.41,10.46,1438800,15055232.0
2025-08-19 11:30:00,2025-08-19,20250819113000000,000070,5,10.46,10.46,10.4,10.45,1015300,10574336.0
2025-08-19 13:05:00,2025-08-19,20250819130500000,000070,5,10.46,10.56,10.45,10.46,1553700,16297856.0
2025-08-19 13:10:00,2025-08-19,20250819131000000,000070,5,10.46,10.63,10.44,10.63,2050100,21625920.0
2025-08-19 13:15:00,2025-08-19,20250819131500000,000070,5,10.65,10.65,10.48,10.55,1920400,20347584.0
2025-08-19 13:20:00,2025-08-19,20250819132000000,000070,5,10.55,10.57,10.45,10.46,985100,10356544.0
2025-08-19 13:25:00,2025-08-19,20250819132500000,000070,5,10.45,10.53,10.45,10.46,1149500,12041600.0
2025-08-19 13:30:00,2025-08-19,20250819133000000,000070,5,10.45,10.57,10.43,10.46,1109900,11659328.0
2025-08-19 13:35:00,2025-08-19,20250819133500000,000070,5,10.45,10.48,10.34,10.35,1147200,11946944.0
2025-08-19 13:40:00,2025-08-19,20250819134000000,000070,5,10.35,10.4,10.31,10.32,929700,9614592.0
2025-08-19 13:45:00,2025-08-19,20250819134500000,000070,5,10.32,10.39,10.32,10.38,693000,7169088.0
2025-08-19 13:50:00,2025-08-19,20250819135000000,000070,5,10.38,10.38,10.29,10.29,1451700,14989250.0
2025-08-19 13:55:00,2025-08-19,20250819135500000,000070,5,10.29,10.29,10.2,10.2,1623300,16645700.0
2025-08-19 14:00:00,2025-08-19,20250819140000000,000070,5,10.2,10.29,10.2,10.28,932600,9543094.0
2025-08-19 14:05:00,2025-08-19,20250819140500000,000070,5,10.28,10.32,10.25,10.29,615900,6339396.0
2025-08-19 14:10:00,2025-08-19,20250819141000000,000070,5,10.29,10.3,10.28,10.29,452500,4656900.0
2025-08-19 14:15:00,2025-08-19,20250819141500000,000070,5,10.29,10.29,10.24,10.26,1049500,10777024.0
2025-08-19 14:20:00,2025-08-19,20250819142000000,000070,5,10.26,10.28,10.24,10.24,647100,6636920.0
2025-08-19 14:25:00,2025-08-19,20250819142500000,000070,5,10.24,10.25,10.14,10.19,2541000,25903166.0
2025-08-19 14:30:00,2025-08-19,20250819143000000,000070,5,10.19,10.19,10.07,10.15,3486100,35291652.0
2025-08-19 14:35:00,2025-08-19,20250819143500000,000070,5,10.15,10.16,10.13,10.15,1580400,16026112.0
2025-08-19 14:40:00,2025-08-19,20250819144000000,000070,5,10.16,10.19,10.1,10.1,2641900,26783354.0
2025-08-19 14:45:00,2025-08-19,20250819144500000,000070,5,10.09,10.11,10.05,10.08,3088700,31131528.0
2025-08-19 14:50:00,2025-08-19,20250819145000000,000070,5,10.07,10.08,10.02,10.02,5864700,58886400.0
2025-08-19 14:55:00,2025-08-19,20250819145500000,000070,5,10.02,10.03,9.99,10.0,5900700,59020416.0
2025-08-19 15:00:00,2025-08-19,20250819150000000,000070,5,10.0,10.02,9.99,10.01,4028800,40309376.0
2025-08-20 09:35:00,2025-08-20,20250820093500000,000070,5,10.01,10.08,9.75,10.02,9738400,96987208.0
2025-08-20 09:40:00,2025-08-20,20250820094000000,000070,5,10.02,10.09,10.0,10.08,3959800,39815032.0
2025-08-20 09:45:00,2025-08-20,20250820094500000,000070,5,10.09,10.14,9.87,9.87,6584800,65844512.0
2025-08-20 09:50:00,2025-08-20,20250820095000000,000070,5,9.87,9.96,9.83,9.95,4338200,42892592.0
2025-08-20 09:55:00,2025-08-20,20250820095500000,000070,5,9.95,10.06,9.95,10.01,1649000,16513344.0
2025-08-20 10:00:00,2025-08-20,20250820100000000,000070,5,10.01,10.02,9.93,9.99,1777300,17762704.0
2025-08-20 10:05:00,2025-08-20,20250820100500000,000070,5,10.0,10.01,9.97,9.97,1474300,14734304.0
2025-08-20 10:10:00,2025-08-20,20250820101000000,000070,5,9.97,10.01,9.95,9.99,1225200,12221056.0
2025-08-20 10:15:00,2025-08-20,20250820101500000,000070,5,10.02,10.04,9.99,10.04,1225900,12273408.0
2025-08-20 10:20:00,2025-08-20,20250820102000000,000070,5,10.05,10.11,10.04,10.1,3049200,30763168.0
2025-08-20 10:25:00,2025-08-20,20250820102500000,000070,5,10.1,10.22,10.1,10.14,4441700,45184320.0
2025-08-20 10:30:00,2025-08-20,20250820103000000,000070,5,10.14,10.2,10.12,10.16,2042500,20766624.0
2025-08-20 10:35:00,2025-08-20,20250820103500000,000070,5,10.16,10.16,10.07,10.07,1789600,18105824.0
2025-08-20 10:40:00,2025-08-20,20250820104000000,000070,5,10.08,10.1,10.03,10.09,1395200,14042336.0
2025-08-20 10:45:00,2025-08-20,20250820104500000,000070,5,10.08,10.09,10.04,10.04,845100,8504928.0
2025-08-20 10:50:00,2025-08-20,20250820105000000,000070,5,10.04,10.09,10.02,10.09,680300,6832992.0
2025-08-20 10:55:00,2025-08-20,20250820105500000,000070,5,10.1,10.1,10.03,10.04,558000,5618464.0
2025-08-20 11:00:00,2025-08-20,20250820110000000,000070,5,10.04,10.1,10.04,10.06,637100,6409856.0
2025-08-20 11:05:00,2025-08-20,20250820110500000,000070,5,10.05,10.05,10.01,10.02,1079800,10825312.0
2025-08-20 11:10:00,2025-08-20,20250820111000000,000070,5,10.03,10.09,10.02,10.06,716300,7212640.0
2025-08-20 11:15:00,2025-08-20,20250820111500000,000070,5,10.06,10.07,10.01,10.01,623300,6250368.0
2025-08-20 11:20:00,2025-08-20,20250820112000000,000070,5,10.01,10.02,10.0,10.0,984300,9846240.0
2025-08-20 11:25:00,2025-08-20,20250820112500000,000070,5,10.0,10.03,9.96,9.96,889200,8887552.0
2025-08-20 11:30:00,2025-08-20,20250820113000000,000070,5,9.96,10.0,9.92,9.97,953200,9492160.0
2025-08-20 13:05:00,2025-08-20,20250820130500000,000070,5,9.98,10.0,9.93,9.96,910800,9068672.0
2025-08-20 13:10:00,2025-08-20,20250820131000000,000070,5,9.97,9.98,9.95,9.95,491300,4894336.0
2025-08-20 13:15:00,2025-08-20,20250820131500000,000070,5,9.95,9.95,9.92,9.93,1155600,11473600.0
2025-08-20 13:20:00,2025-08-20,20250820132000000,000070,5,9.93,9.94,9.86,9.89,1867500,18479864.0
2025-08-20 13:25:00,2025-08-20,20250820132500000,000070,5,9.89,10.0,9.88,9.95,996800,9875972.0
2025-08-20 13:30:00,2025-08-20,20250820133000000,000070,5,9.96,9.96,9.9,9.93,1013500,10054908.0
2025-08-20 13:35:00,2025-08-20,20250820133500000,000070,5,9.93,9.94,9.89,9.9,853300,8454016.0
2025-08-20 13:40:00,2025-08-20,20250820134000000,000070,5,9.9,9.92,9.89,9.89,1244700,12320256.0
2025-08-20 13:45:00,2025-08-20,20250820134500000,000070,5,9.89,9.9,9.85,9.85,1265000,12489096.0
2025-08-20 13:50:00,2025-08-20,20250820135000000,000070,5,9.85,9.85,9.79,9.79,3698200,36304192.0
2025-08-20 13:55:00,2025-08-20,20250820135500000,000070,5,9.79,9.83,9.76,9.82,3372600,33008576.0
2025-08-20 14:00:00,2025-08-20,20250820140000000,000070,5,9.82,9.82,9.77,9.79,1310700,12818816.0
2025-08-20 14:05:00,2025-08-20,20250820140500000,000070,5,9.78,9.86,9.78,9.86,1470600,14454400.0
2025-08-20 14:10:00,2025-08-20,20250820141000000,000070,5,9.86,9.9,9.85,9.87,842100,8312576.0
2025-08-20 14:15:00,2025-08-20,20250820141500000,000070,5,9.87,9.92,9.85,9.91,1155800,11422663.0
2025-08-20 14:20:00,2025-08-20,20250820142000000,000070,5,9.91,9.94,9.9,9.94,1032600,10241079.0
2025-08-20 14:25:00,2025-08-20,20250820142500000,000070,5,9.94,9.94,9.86,9.88,1176500,11637769.0
2025-08-20 14:30:00,2025-08-20,20250820143000000,000070,5,9.89,9.94,9.88,9.91,1002500,9932092.0
2025-08-20 14:35:00,2025-08-20,20250820143500000,000070,5,9.91,9.94,9.9,9.91,1119000,11103549.0
2025-08-20 14:40:00,2025-08-20,20250820144000000,000070,5,9.9,9.92,9.88,9.89,1455300,14401794.0
2025-08-20 14:45:00,2025-08-20,20250820144500000,000070,5,9.89,9.9,9.88,9.89,1486500,14697590.0
2025-08-20 14:50:00,2025-08-20,20250820145000000,000070,5,9.9,9.9,9.88,9.9,1668500,16506626.0
2025-08-20 14:55:00,2025-08-20,20250820145500000,000070,5,9.9,9.9,9.85,9.89,5102400,50336198.0
2025-08-20 15:00:00,2025-08-20,20250820150000000,000070,5,9.89,9.91,9.89,9.9,2104800,20835590.0
2025-08-21 09:35:00,2025-08-21,20250821093500000,000070,5,9.83,9.91,9.7,9.71,9049600,88583064.0
2025-08-21 09:40:00,2025-08-21,20250821094000000,000070,5,9.7,9.8,9.69,9.73,4547000,44255928.0
2025-08-21 09:45:00,2025-08-21,20250821094500000,000070,5,9.73,9.73,9.54,9.56,7999400,77012544.0
2025-08-21 09:50:00,2025-08-21,20250821095000000,000070,5,9.58,9.62,9.56,9.57,4042000,38749616.0
2025-08-21 09:55:00,2025-08-21,20250821095500000,000070,5,9.55,9.58,9.52,9.52,4035700,38518656.0
2025-08-21 10:00:00,2025-08-21,20250821100000000,000070,5,9.52,9.54,9.43,9.43,8340100,79102400.0
2025-08-21 10:05:00,2025-08-21,20250821100500000,000070,5,9.43,9.52,9.43,9.47,3921400,37178496.0
2025-08-21 10:10:00,2025-08-21,20250821101000000,000070,5,9.49,9.53,9.49,9.52,2316600,22014656.0
2025-08-21 10:15:00,2025-08-21,20250821101500000,000070,5,9.53,9.56,9.5,9.55,1765900,16820800.0
2025-08-21 10:20:00,2025-08-21,20250821102000000,000070,5,9.55,9.55,9.5,9.52,1370100,13039168.0
2025-08-21 10:25:00,2025-08-21,20250821102500000,000070,5,9.53,9.57,9.52,9.55,1135500,10839008.0
2025-08-21 10:30:00,2025-08-21,20250821103000000,000070,5,9.54,9.55,9.5,9.52,1050200,10000192.0
2025-08-21 10:35:00,2025-08-21,20250821103500000,000070,5,9.52,9.6,9.52,9.57,1243000,11885408.0
2025-08-21 10:40:00,2025-08-21,20250821104000000,000070,5,9.58,9.59,9.56,9.57,975600,9336768.0
2025-08-21 10:45:00,2025-08-21,20250821104500000,000070,5,9.57,9.6,9.56,9.6,701800,6720736.0
2025-08-21 10:50:00,2025-08-21,20250821105000000,000070,5,9.6,9.67,9.59,9.65,1544500,14885280.0
2025-08-21 10:55:00,2025-08-21,20250821105500000,000070,5,9.65,9.67,9.63,9.64,645100,6223168.0
2025-08-21 11:00:00,2025-08-21,20250821110000000,000070,5,9.64,9.65,9.6,9.62,361400,3480096.0
2025-08-21 11:05:00,2025-08-21,20250821110500000,000070,5,9.62,9.65,9.62,9.62,401600,3868128.0
2025-08-21 11:10:00,2025-08-21,20250821111000000,000070,5,9.63,9.63,9.58,9.58,561700,5395392.0
2025-08-21 11:15:00,2025-08-21,20250821111500000,000070,5,9.59,9.64,9.58,9.62,665800,6395642.0
2025-08-21 11:20:00,2025-08-21,20250821112000000,000070,5,9.61,9.63,9.59,9.59,349700,3360512.0
2025-08-21 11:25:00,2025-08-21,20250821112500000,000070,5,9.6,9.6,9.58,9.6,687300,6589572.0
2025-08-21 11:30:00,2025-08-21,20250821113000000,000070,5,9.6,9.61,9.59,9.6,309300,2969095.0
2025-08-21 13:05:00,2025-08-21,20250821130500000,000070,5,9.6,9.63,9.6,9.62,700900,6738420.0
2025-08-21 13:10:00,2025-08-21,20250821131000000,000070,5,9.63,9.63,9.6,9.61,528900,5085632.0
2025-08-21 13:15:00,2025-08-21,20250821131500000,000070,5,9.61,9.63,9.61,9.63,610500,5871171.0
2025-08-21 13:20:00,2025-08-21,20250821132000000,000070,5,9.62,9.62,9.58,9.6,747000,7165895.0
2025-08-21 13:25:00,2025-08-21,20250821132500000,000070,5,9.61,9.63,9.6,9.62,557700,5362363.0
2025-08-21 13:30:00,2025-08-21,20250821133000000,000070,5,9.63,9.63,9.58,9.59,587500,5641542.0
2025-08-21 13:35:00,2025-08-21,20250821133500000,000070,5,9.58,9.61,9.58,9.59,450600,4323136.0
2025-08-21 13:40:00,2025-08-21,20250821134000000,000070,5,9.59,9.59,9.56,9.56,813300,7786749.0
2025-08-21 13:45:00,2025-08-21,20250821134500000,000070,5,9.56,9.58,9.56,9.57,851600,8149051.0
2025-08-21 13:50:00,2025-08-21,20250821135000000,000070,5,9.58,9.58,9.56,9.56,807500,7723328.0
2025-08-21 13:55:00,2025-08-21,20250821135500000,000070,5,9.56,9.59,9.55,9.55,791100,7569539.0
2025-08-21 14:00:00,2025-08-21,20250821140000000,000070,5,9.55,9.57,9.55,9.57,693900,6629435.0
2025-08-21 14:05:00,2025-08-21,20250821140500000,000070,5,9.57,9.57,9.53,9.54,802600,7665726.0
2025-08-21 14:10:00,2025-08-21,20250821141000000,000070,5,9.54,9.56,9.53,9.53,534000,5095047.0
2025-08-21 14:15:00,2025-08-21,20250821141500000,000070,5,9.53,9.55,9.53,9.54,718700,6852736.0
2025-08-21 14:20:00,2025-08-21,20250821142000000,000070,5,9.54,9.56,9.53,9.55,679700,6486395.0
2025-08-21 14:25:00,2025-08-21,20250821142500000,000070,5,9.56,9.56,9.51,9.51,947900,9031682.0
2025-08-21 14:30:00,2025-08-21,20250821143000000,000070,5,9.51,9.52,9.49,9.51,1813200,17228223.0
2025-08-21 14:35:00,2025-08-21,20250821143500000,000070,5,9.52,9.53,9.48,9.48,995700,9466697.0
2025-08-21 14:40:00,2025-08-21,20250821144000000,000070,5,9.48,9.5,9.46,9.48,1765700,16740092.0
2025-08-21 14:45:00,2025-08-21,20250821144500000,000070,5,9.47,9.5,9.47,9.48,1138700,10803079.0
2025-08-21 14:50:00,2025-08-21,20250821145000000,000070,5,9.47,9.5,9.47,9.5,2055000,19497333.0
2025-08-21 14:55:00,2025-08-21,20250821145500000,000070,5,9.5,9.54,9.49,9.53,1984200,18890691.0
2025-08-21 15:00:00,2025-08-21,20250821150000000,000070,5,9.53,9.53,9.51,9.53,2084300,19848889.0
2025-08-22 09:35:00,2025-08-22,20250822093500000,000070,5,9.5,9.51,9.42,9.47,2907600,27549910.0
2025-08-22 09:40:00,2025-08-22,20250822094000000,000070,5,9.48,9.48,9.43,9.46,2686000,25388594.0
2025-08-22 09:45:00,2025-08-22,20250822094500000,000070,5,9.46,9.54,9.45,9.54,1437100,13631744.0
2025-08-22 09:50:00,2025-08-22,20250822095000000,000070,5,9.53,9.58,9.52,9.56,2905000,27723328.0
2025-08-22 09:55:00,2025-08-22,20250822095500000,000070,5,9.55,9.55,9.48,9.48,1751600,16679248.0
2025-08-22 10:00:00,2025-08-22,20250822100000000,000070,5,9.48,9.5,9.47,9.5,829200,7867608.0
2025-08-22 10:05:00,2025-08-22,20250822100500000,000070,5,9.49,9.53,9.46,9.47,1250600,11853080.0
2025-08-22 10:10:00,2025-08-22,20250822101000000,000070,5,9.47,9.48,9.43,9.43,2018700,19079160.0
2025-08-22 10:15:00,2025-08-22,20250822101500000,000070,5,9.43,9.49,9.41,9.48,1367200,12916096.0
2025-08-22 10:20:00,2025-08-22,20250822102000000,000070,5,9.48,9.48,9.44,9.44,890700,8417440.0
2025-08-22 10:25:00,2025-08-22,20250822102500000,000070,5,9.46,9.49,9.45,9.47,1317500,12466032.0
2025-08-22 10:30:00,2025-08-22,20250822103000000,000070,5,9.46,9.47,9.45,9.46,749500,7088912.0
2025-08-22 10:35:00,2025-08-22,20250822103500000,000070,5,9.46,9.49,9.45,9.45,863100,8169616.0
2025-08-22 10:40:00,2025-08-22,20250822104000000,000070,5,9.45,9.47,9.44,9.47,647200,6120304.0
2025-08-22 10:45:00,2025-08-22,20250822104500000,000070,5,9.47,9.48,9.45,9.47,638500,6042624.0
2025-08-22 10:50:00,2025-08-22,20250822105000000,000070,5,9.48,9.53,9.48,9.53,919100,8733296.0
2025-08-22 10:55:00,2025-08-22,20250822105500000,000070,5,9.52,9.54,9.51,9.53,1137700,10840208.0
2025-08-22 11:00:00,2025-08-22,20250822110000000,000070,5,9.53,9.53,9.52,9.52,453400,4319936.0
2025-08-22 11:05:00,2025-08-22,20250822110500000,000070,5,9.52,9.53,9.51,9.51,578600,5507872.0
2025-08-22 11:10:00,2025-08-22,20250822111000000,000070,5,9.51,9.52,9.51,9.52,394500,3753344.0
2025-08-22 11:15:00,2025-08-22,20250822111500000,000070,5,9.52,9.53,9.51,9.51,240900,2292800.0
2025-08-22 11:20:00,2025-08-22,20250822112000000,000070,5,9.52,9.56,9.51,9.55,1217000,11609504.0
2025-08-22 11:25:00,2025-08-22,20250822112500000,000070,5,9.55,9.56,9.52,9.53,1093400,10434592.0
2025-08-22 11:30:00,2025-08-22,20250822113000000,000070,5,9.53,9.54,9.5,9.53,324700,3090592.0
2025-08-22 13:05:00,2025-08-22,20250822130500000,000070,5,9.52,9.54,9.5,9.5,770500,7330944.0
2025-08-22 13:10:00,2025-08-22,20250822131000000,000070,5,9.5,9.52,9.49,9.5,963200,9151552.0
2025-08-22 13:15:00,2025-08-22,20250822131500000,000070,5,9.5,9.51,9.48,9.49,674900,6407680.0
2025-08-22 13:20:00,2025-08-22,20250822132000000,000070,5,9.48,9.5,9.46,9.46,1123900,10655424.0
2025-08-22 13:25:00,2025-08-22,20250822132500000,000070,5,9.46,9.49,9.46,9.47,1051700,9962848.0
2025-08-22 13:30:00,2025-08-22,20250822133000000,000070,5,9.48,9.51,9.48,9.5,489500,4648512.0
2025-08-22 13:35:00,2025-08-22,20250822133500000,000070,5,9.51,9.52,9.49,9.52,726700,6906272.0
2025-08-22 13:40:00,2025-08-22,20250822134000000,000070,5,9.52,9.53,9.51,9.52,349300,3325216.0
2025-08-22 13:45:00,2025-08-22,20250822134500000,000070,5,9.53,9.53,9.51,9.51,333900,3176992.0
2025-08-22 13:50:00,2025-08-22,20250822135000000,000070,5,9.52,9.53,9.51,9.52,410100,3902528.0
2025-08-22 13:55:00,2025-08-22,20250822135500000,000070,5,9.52,9.53,9.51,9.51,665400,6335648.0
2025-08-22 14:00:00,2025-08-22,20250822140000000,000070,5,9.51,9.52,9.5,9.51,618500,5880896.0
2025-08-22 14:05:00,2025-08-22,20250822140500000,000070,5,9.51,9.52,9.5,9.52,880900,8379488.0
2025-08-22 14:10:00,2025-08-22,20250822141000000,000070,5,9.52,9.54,9.51,9.53,681100,6493024.0
2025-08-22 14:15:00,2025-08-22,20250822141500000,000070,5,9.53,9.54,9.51,9.51,669800,6378560.0
2025-08-22 14:20:00,2025-08-22,20250822142000000,000070,5,9.52,9.52,9.5,9.5,615700,5853088.0
2025-08-22 14:25:00,2025-08-22,20250822142500000,000070,5,9.5,9.53,9.5,9.52,819800,7799264.0
2025-08-22 14:30:00,2025-08-22,20250822143000000,000070,5,9.52,9.53,9.52,9.52,399600,3806496.0
2025-08-22 14:35:00,2025-08-22,20250822143500000,000070,5,9.52,9.54,9.52,9.54,408200,3890464.0
2025-08-22 14:40:00,2025-08-22,20250822144000000,000070,5,9.54,9.56,9.53,9.53,1980600,18895776.0
2025-08-22 14:45:00,2025-08-22,20250822144500000,000070,5,9.53,9.54,9.51,9.54,1104100,10517984.0
2025-08-22 14:50:00,2025-08-22,20250822145000000,000070,5,9.54,9.54,9.52,9.54,1149000,10953344.0
2025-08-22 14:55:00,2025-08-22,20250822145500000,000070,5,9.54,9.55,9.53,9.55,2231700,21281984.0
2025-08-22 15:00:00,2025-08-22,20250822150000000,000070,5,9.54,9.55,9.52,9.55,2173400,20730496.0
2025-08-25 09:35:00,2025-08-25,20250825093500000,000070,5,9.91,10.37,9.91,10.13,28014800,284383616.0
2025-08-25 09:40:00,2025-08-25,20250825094000000,000070,5,10.13,10.28,10.0,10.27,8828600,89300736.0
2025-08-25 09:45:00,2025-08-25,20250825094500000,000070,5,10.3,10.39,10.26,10.35,12965100,133989632.0
2025-08-25 09:50:00,2025-08-25,20250825095000000,000070,5,10.36,10.51,10.36,10.51,18129800,190224640.0
2025-08-25 09:55:00,2025-08-25,20250825095500000,000070,5,10.51,10.51,10.51,10.51,1993000,20946432.0
2025-08-25 10:00:00,2025-08-25,20250825100000000,000070,5,10.51,10.51,10.51,10.51,1477400,15527488.0
2025-08-25 10:05:00,2025-08-25,20250825100500000,000070,5,10.51,10.51,10.51,10.51,501600,5271616.0
2025-08-25 10:10:00,2025-08-25,20250825101000000,000070,5,10.51,10.51,10.51,10.51,505500,5312768.0
2025-08-25 10:15:00,2025-08-25,20250825101500000,000070,5,10.51,10.51,10.51,10.51,252600,2654848.0
2025-08-25 10:20:00,2025-08-25,20250825102000000,000070,5,10.51,10.51,10.51,10.51,211600,2223936.0
2025-08-25 10:25:00,2025-08-25,20250825102500000,000070,5,10.51,10.51,10.51,10.51,183500,1928576.0
2025-08-25 10:30:00,2025-08-25,20250825103000000,000070,5,10.51,10.51,10.51,10.51,80000,840768.0
2025-08-25 10:35:00,2025-08-25,20250825103500000,000070,5,10.51,10.51,10.51,10.51,85300,895872.0
2025-08-25 10:40:00,2025-08-25,20250825104000000,000070,5,10.51,10.51,10.51,10.51,83600,878656.0
2025-08-25 10:45:00,2025-08-25,20250825104500000,000070,5,10.51,10.51,10.51,10.51,69900,734656.0
2025-08-25 10:50:00,2025-08-25,20250825105000000,000070,5,10.51,10.51,10.51,10.51,140800,1479808.0
2025-08-25 10:55:00,2025-08-25,20250825105500000,000070,5,10.51,10.51,10.51,10.51,238600,2507712.0
2025-08-25 11:00:00,2025-08-25,20250825110000000,000070,5,10.51,10.51,10.51,10.51,91400,961024.0
2025-08-25 11:05:00,2025-08-25,20250825110500000,000070,5,10.51,10.51,10.51,10.51,59300,623232.0
2025-08-25 11:10:00,2025-08-25,20250825111000000,000070,5,10.51,10.51,10.51,10.51,56900,598016.0
2025-08-25 11:15:00,2025-08-25,20250825111500000,000070,5,10.51,10.51,10.51,10.51,69000,725184.0
2025-08-25 11:20:00,2025-08-25,20250825112000000,000070,5,10.51,10.51,10.51,10.51,91400,960640.0
2025-08-25 11:25:00,2025-08-25,20250825112500000,000070,5,10.51,10.51,10.51,10.51,157200,1652160.0
2025-08-25 11:30:00,2025-08-25,20250825113000000,000070,5,10.51,10.51,10.51,10.51,109800,1154112.0
2025-08-25 13:05:00,2025-08-25,20250825130500000,000070,5,10.51,10.51,10.51,10.51,476500,5007808.0
2025-08-25 13:10:00,2025-08-25,20250825131000000,000070,5,10.51,10.51,10.51,10.51,199500,2096768.0
2025-08-25 13:15:00,2025-08-25,20250825131500000,000070,5,10.51,10.51,10.51,10.51,96300,1012096.0
2025-08-25 13:20:00,2025-08-25,20250825132000000,000070,5,10.51,10.51,10.51,10.51,165000,1734144.0
2025-08-25 13:25:00,2025-08-25,20250825132500000,000070,5,10.51,10.51,10.51,10.51,177300,1863424.0
2025-08-25 13:30:00,2025-08-25,20250825133000000,000070,5,10.51,10.51,10.51,10.51,81700,858688.0
2025-08-25 13:35:00,2025-08-25,20250825133500000,000070,5,10.51,10.51,10.51,10.51,110300,1159232.0
2025-08-25 13:40:00,2025-08-25,20250825134000000,000070,5,10.51,10.51,10.51,10.51,55300,581184.0
2025-08-25 13:45:00,2025-08-25,20250825134500000,000070,5,10.51,10.51,10.51,10.51,80600,847168.0
2025-08-25 13:50:00,2025-08-25,20250825135000000,000070,5,10.51,10.51,10.51,10.51,87000,914368.0
2025-08-25 13:55:00,2025-08-25,20250825135500000,000070,5,10.51,10.51,10.51,10.51,18200,191232.0
2025-08-25 14:00:00,2025-08-25,20250825140000000,000070,5,10.51,10.51,10.51,10.51,52100,547584.0
2025-08-25 14:05:00,2025-08-25,20250825140500000,000070,5,10.51,10.51,10.51,10.51,35100,368896.0
2025-08-25 14:10:00,2025-08-25,20250825141000000,000070,5,10.51,10.51,10.51,10.51,30300,318464.0
2025-08-25 14:15:00,2025-08-25,20250825141500000,000070,5,10.51,10.51,10.51,10.51,29200,306880.0
2025-08-25 14:20:00,2025-08-25,20250825142000000,000070,5,10.51,10.51,10.51,10.51,15500,162944.0
2025-08-25 14:25:00,2025-08-25,20250825142500000,000070,5,10.51,10.51,10.51,10.51,15800,166080.0
2025-08-25 14:30:00,2025-08-25,20250825143000000,000070,5,10.51,10.51,10.51,10.51,33900,356224.0
2025-08-25 14:35:00,2025-08-25,20250825143500000,000070,5,10.51,10.51,10.51,10.51,62600,657920.0
2025-08-25 14:40:00,2025-08-25,20250825144000000,000070,5,10.51,10.51,10.51,10.51,26400,277504.0
2025-08-25 14:45:00,2025-08-25,20250825144500000,000070,5,10.51,10.51,10.51,10.51,56000,588544.0
2025-08-25 14:50:00,2025-08-25,20250825145000000,000070,5,10.51,10.51,10.51,10.51,75000,788224.0
2025-08-25 14:55:00,2025-08-25,20250825145500000,000070,5,10.51,10.51,10.51,10.51,115400,1212928.0
2025-08-25 15:00:00,2025-08-25,20250825150000000,000070,5,10.51,10.51,10.51,10.51,110700,1163648.0
2025-08-26 09:35:00,2025-08-26,20250826093500000,000070,5,10.91,10.91,10.52,10.6,38141700,409156512.0
2025-08-26 09:40:00,2025-08-26,20250826094000000,000070,5,10.55,10.86,10.41,10.86,15411800,163596384.0
2025-08-26 09:45:00,2025-08-26,20250826094500000,000070,5,10.87,11.38,10.87,11.34,27215900,303080704.0
2025-08-26 09:50:00,2025-08-26,20250826095000000,000070,5,11.34,11.48,11.18,11.18,15099600,171175232.0
2025-08-26 09:55:00,2025-08-26,20250826095500000,000070,5,11.17,11.26,11.13,11.2,5767700,64521792.0
2025-08-26 10:00:00,2025-08-26,20250826100000000,000070,5,11.2,11.2,11.08,11.08,4316500,48050560.0
2025-08-26 10:05:00,2025-08-26,20250826100500000,000070,5,11.07,11.07,10.94,11.0,6334100,69654906.0
2025-08-26 10:10:00,2025-08-26,20250826101000000,000070,5,11.01,11.12,11.01,11.03,3535600,39065990.0
2025-08-26 10:15:00,2025-08-26,20250826101500000,000070,5,11.03,11.05,10.98,11.02,2535000,27916028.0
2025-08-26 10:20:00,2025-08-26,20250826102000000,000070,5,11.0,11.05,10.99,11.0,2078000,22868104.0
2025-08-26 10:25:00,2025-08-26,20250826102500000,000070,5,10.99,11.02,10.95,11.0,2437800,26778356.0
2025-08-26 10:30:00,2025-08-26,20250826103000000,000070,5,10.99,10.99,10.89,10.94,2409200,26323842.0
2025-08-26 10:35:00,2025-08-26,20250826103500000,000070,5,10.94,10.94,10.9,10.92,1690800,18453640.0
2025-08-26 10:40:00,2025-08-26,20250826104000000,000070,5,10.92,10.98,10.89,10.98,2012200,21944187.0
2025-08-26 10:45:00,2025-08-26,20250826104500000,000070,5,10.97,10.98,10.9,10.91,847600,9257341.0
2025-08-26 10:50:00,2025-08-26,20250826105000000,000070,5,10.92,10.92,10.89,10.9,1013300,11044353.0
2025-08-26 10:55:00,2025-08-26,20250826105500000,000070,5,10.9,10.94,10.89,10.93,870900,9505025.0
2025-08-26 11:00:00,2025-08-26,20250826110000000,000070,5,10.93,10.93,10.87,10.87,1308900,14261258.0
2025-08-26 11:05:00,2025-08-26,20250826110500000,000070,5,10.88,10.88,10.81,10.84,1432200,15529978.0
2025-08-26 11:10:00,2025-08-26,20250826111000000,000070,5,10.85,10.85,10.82,10.84,568000,6155520.0
2025-08-26 11:15:00,2025-08-26,20250826111500000,000070,5,10.83,10.9,10.83,10.9,1002300,10887682.0
2025-08-26 11:20:00,2025-08-26,20250826112000000,000070,5,10.9,10.91,10.87,10.91,557600,6069630.0
2025-08-26 11:25:00,2025-08-26,20250826112500000,000070,5,10.92,10.95,10.92,10.93,1058400,11577728.0
2025-08-26 11:30:00,2025-08-26,20250826113000000,000070,5,10.93,11.04,10.93,11.03,803900,8831104.0
2025-08-26 13:05:00,2025-08-26,20250826130500000,000070,5,11.05,11.06,10.9,10.93,2063600,22695174.0
2025-08-26 13:10:00,2025-08-26,20250826131000000,000070,5,10.93,10.93,10.87,10.9,1033100,11254650.0
2025-08-26 13:15:00,2025-08-26,20250826131500000,000070,5,10.9,10.99,10.9,10.94,973800,10669560.0
2025-08-26 13:20:00,2025-08-26,20250826132000000,000070,5,10.95,10.95,10.9,10.92,815000,8895744.0
2025-08-26 13:25:00,2025-08-26,20250826132500000,000070,5,10.91,10.93,10.88,10.91,1061400,11569163.0
2025-08-26 13:30:00,2025-08-26,20250826133000000,000070,5,10.91,10.96,10.9,10.92,860800,9410173.0
2025-08-26 13:35:00,2025-08-26,20250826133500000,000070,5,10.93,10.93,10.9,10.9,800800,8740346.0
2025-08-26 13:40:00,2025-08-26,20250826134000000,000070,5,10.9,10.9,10.87,10.88,804800,8756998.0
2025-08-26 13:45:00,2025-08-26,20250826134500000,000070,5,10.88,10.88,10.85,10.87,983600,10683648.0
2025-08-26 13:50:00,2025-08-26,20250826135000000,000070,5,10.88,11.21,10.87,11.2,3896300,43152896.0
2025-08-26 13:55:00,2025-08-26,20250826135500000,000070,5,11.18,11.56,11.12,11.56,21588000,247541504.0
2025-08-26 14:00:00,2025-08-26,20250826140000000,000070,5,11.56,11.56,11.56,11.56,12754200,147438080.0
2025-08-26 14:05:00,2025-08-26,20250826140500000,000070,5,11.56,11.56,11.54,11.56,8610600,99496192.0
2025-08-26 14:10:00,2025-08-26,20250826141000000,000070,5,11.56,11.56,11.56,11.56,613300,7089664.0
2025-08-26 14:15:00,2025-08-26,20250826141500000,000070,5,11.56,11.56,11.56,11.56,458000,5294336.0
2025-08-26 14:20:00,2025-08-26,20250826142000000,000070,5,11.56,11.56,11.56,11.56,356900,4125440.0
2025-08-26 14:25:00,2025-08-26,20250826142500000,000070,5,11.56,11.56,11.56,11.56,327600,3786752.0
2025-08-26 14:30:00,2025-08-26,20250826143000000,000070,5,11.56,11.56,11.56,11.56,263100,3042304.0
2025-08-26 14:35:00,2025-08-26,20250826143500000,000070,5,11.56,11.56,11.56,11.56,362300,4188160.0
2025-08-26 14:40:00,2025-08-26,20250826144000000,000070,5,11.56,11.56,11.56,11.56,380000,4392960.0
2025-08-26 14:45:00,2025-08-26,20250826144500000,000070,5,11.56,11.56,11.56,11.56,618700,7151104.0
2025-08-26 14:50:00,2025-08-26,20250826145000000,000070,5,11.56,11.56,11.56,11.56,510300,5899264.0
2025-08-26 14:55:00,2025-08-26,20250826145500000,000070,5,11.56,11.56,11.56,11.56,694900,8033024.0
2025-08-26 15:00:00,2025-08-26,20250826150000000,000070,5,11.56,11.56,11.56,11.56,361700,4181248.0
2025-08-27 09:35:00,2025-08-27,20250827093500000,000070,5,11.73,12.04,11.4,12.0,38464100,453008160.0
2025-08-27 09:40:00,2025-08-27,20250827094000000,000070,5,11.95,12.0,11.62,11.96,13104600,154790107.0
2025-08-27 09:45:00,2025-08-27,20250827094500000,000070,5,11.95,12.05,11.86,11.98,11636200,139309068.0
2025-08-27 09:50:00,2025-08-27,20250827095000000,000070,5,11.97,12.24,11.89,12.15,12726600,153512633.0
2025-08-27 09:55:00,2025-08-27,20250827095500000,000070,5,12.15,12.35,11.95,12.31,10106700,122318144.0
2025-08-27 10:00:00,2025-08-27,20250827100000000,000070,5,12.29,12.49,12.21,12.32,9697800,119984896.0
2025-08-27 10:05:00,2025-08-27,20250827100500000,000070,5,12.31,12.31,12.08,12.22,4653300,56806016.0
2025-08-27 10:10:00,2025-08-27,20250827101000000,000070,5,12.24,12.24,11.98,12.07,4722700,56987258.0
2025-08-27 10:15:00,2025-08-27,20250827101500000,000070,5,12.09,12.17,12.05,12.1,1854400,22450310.0
2025-08-27 10:20:00,2025-08-27,20250827102000000,000070,5,12.1,12.15,12.09,12.13,1570600,19048832.0
2025-08-27 10:25:00,2025-08-27,20250827102500000,000070,5,12.13,12.35,12.13,12.23,2348300,28756992.0
2025-08-27 10:30:00,2025-08-27,20250827103000000,000070,5,12.24,12.25,12.08,12.12,1481700,17993088.0
2025-08-27 10:35:00,2025-08-27,20250827103500000,000070,5,12.12,12.25,12.1,12.1,1574400,19164416.0
2025-08-27 10:40:00,2025-08-27,20250827104000000,000070,5,12.1,12.18,12.1,12.14,1098000,13324672.0
2025-08-27 10:45:00,2025-08-27,20250827104500000,000070,5,12.14,12.32,12.08,12.26,2227800,27164672.0
2025-08-27 10:50:00,2025-08-27,20250827105000000,000070,5,12.26,12.27,12.18,12.24,1053900,12887680.0
2025-08-27 10:55:00,2025-08-27,20250827105500000,000070,5,12.24,12.34,12.22,12.32,1475300,18115200.0
2025-08-27 11:00:00,2025-08-27,20250827110000000,000070,5,12.31,12.33,12.25,12.33,883300,10862208.0
2025-08-27 11:05:00,2025-08-27,20250827110500000,000070,5,12.33,12.33,12.25,12.26,862500,10596224.0
2025-08-27 11:10:00,2025-08-27,20250827111000000,000070,5,12.27,12.27,12.09,12.13,1231900,14985728.0
2025-08-27 11:15:00,2025-08-27,20250827111500000,000070,5,12.12,12.18,12.1,12.12,1187900,14403328.0
2025-08-27 11:20:00,2025-08-27,20250827112000000,000070,5,12.12,12.12,12.08,12.08,1386800,16787456.0
2025-08-27 11:25:00,2025-08-27,20250827112500000,000070,5,12.08,12.08,12.0,12.02,1962700,23607805.0
2025-08-27 11:30:00,2025-08-27,20250827113000000,000070,5,12.01,12.06,12.01,12.05,1444000,17370363.0
2025-08-27 13:05:00,2025-08-27,20250827130500000,000070,5,12.05,12.1,12.02,12.03,1701100,20509576.0
2025-08-27 13:10:00,2025-08-27,20250827131000000,000070,5,12.02,12.02,12.0,12.0,1628300,19551868.0
2025-08-27 13:15:00,2025-08-27,20250827131500000,000070,5,12.0,12.01,11.8,11.8,3119600,37164164.0
2025-08-27 13:20:00,2025-08-27,20250827132000000,000070,5,11.8,11.96,11.77,11.83,2480500,29406848.0
2025-08-27 13:25:00,2025-08-27,20250827132500000,000070,5,11.83,11.88,11.77,11.78,2552800,30139136.0
2025-08-27 13:30:00,2025-08-27,20250827133000000,000070,5,11.78,11.8,11.75,11.75,2274600,26771840.0
2025-08-27 13:35:00,2025-08-27,20250827133500000,000070,5,11.75,11.75,11.61,11.61,4613000,53821952.0
2025-08-27 13:40:00,2025-08-27,20250827134000000,000070,5,11.63,11.64,11.54,11.59,4040500,46829184.0
2025-08-27 13:45:00,2025-08-27,20250827134500000,000070,5,11.59,11.75,11.59,11.68,2360200,27552512.0
2025-08-27 13:50:00,2025-08-27,20250827135000000,000070,5,11.68,11.68,11.55,11.56,2074500,24032640.0
2025-08-27 13:55:00,2025-08-27,20250827135500000,000070,5,11.57,11.6,11.55,11.55,1843700,21343104.0
2025-08-27 14:00:00,2025-08-27,20250827140000000,000070,5,11.55,11.55,11.35,11.37,5321500,60753152.0
2025-08-27 14:05:00,2025-08-27,20250827140500000,000070,5,11.37,11.58,11.37,11.46,2519000,28937472.0
2025-08-27 14:10:00,2025-08-27,20250827141000000,000070,5,11.45,11.52,11.36,11.45,2664100,30385792.0
2025-08-27 14:15:00,2025-08-27,20250827141500000,000070,5,11.45,11.49,11.25,11.44,3838700,43507968.0
2025-08-27 14:20:00,2025-08-27,20250827142000000,000070,5,11.45,11.45,11.29,11.3,2074400,23504256.0
2025-08-27 14:25:00,2025-08-27,20250827142500000,000070,5,11.29,11.29,11.23,11.23,3432300,38601984.0
2025-08-27 14:30:00,2025-08-27,20250827143000000,000070,5,11.23,11.25,11.12,11.19,5295900,59278592.0
2025-08-27 14:35:00,2025-08-27,20250827143500000,000070,5,11.18,11.5,11.16,11.47,2683100,30327040.0
2025-08-27 14:40:00,2025-08-27,20250827144000000,000070,5,11.44,11.46,11.22,11.23,1433900,16265728.0
2025-08-27 14:45:00,2025-08-27,20250827144500000,000070,5,11.23,11.24,11.12,11.19,2188800,24468992.0
2025-08-27 14:50:00,2025-08-27,20250827145000000,000070,5,11.2,11.2,11.07,11.1,3596100,39965696.0
2025-08-27 14:55:00,2025-08-27,20250827145500000,000070,5,11.1,11.3,11.0,11.02,6014200,66743296.0
2025-08-27 15:00:00,2025-08-27,20250827150000000,000070,5,11.02,11.04,10.96,11.04,5263000,57961216.0
2025-08-28 09:35:00,2025-08-28,20250828093500000,000070,5,11.15,11.64,11.15,11.55,26295500,299799136.0
2025-08-28 09:40:00,2025-08-28,20250828094000000,000070,5,11.62,12.0,11.55,11.61,23608500,279192224.0
2025-08-28 09:45:00,2025-08-28,20250828094500000,000070,5,11.6,11.71,11.48,11.63,12043900,139843332.0
2025-08-28 09:50:00,2025-08-28,20250828095000000,000070,5,11.56,11.71,11.51,11.71,4846500,56194551.0
2025-08-28 09:55:00,2025-08-28,20250828095500000,000070,5,11.72,11.93,11.72,11.81,8779900,103933701.0
2025-08-28 10:00:00,2025-08-28,20250828100000000,000070,5,11.81,11.93,11.69,11.84,6389200,75631872.0
2025-08-28 10:05:00,2025-08-28,20250828100500000,000070,5,11.82,11.91,11.78,11.89,6011600,71233600.0
2025-08-28 10:10:00,2025-08-28,20250828101000000,000070,5,11.89,12.14,11.88,12.14,23325100,282019520.0
2025-08-28 10:15:00,2025-08-28,20250828101500000,000070,5,12.14,12.14,12.14,12.14,1315300,15968000.0
2025-08-28 10:20:00,2025-08-28,20250828102000000,000070,5,12.14,12.14,12.14,12.14,886000,10755968.0
2025-08-28 10:25:00,2025-08-28,20250828102500000,000070,5,12.14,12.14,12.14,12.14,633200,7687040.0
2025-08-28 10:30:00,2025-08-28,20250828103000000,000070,5,12.14,12.14,12.14,12.14,870400,10566016.0
2025-08-28 10:35:00,2025-08-28,20250828103500000,000070,5,12.14,12.14,12.14,12.14,412200,5004032.0
2025-08-28 10:40:00,2025-08-28,20250828104000000,000070,5,12.14,12.14,12.14,12.14,284200,3451392.0
2025-08-28 10:45:00,2025-08-28,20250828104500000,000070,5,12.14,12.14,12.14,12.14,1544500,18750208.0
2025-08-28 10:50:00,2025-08-28,20250828105000000,000070,5,12.14,12.14,12.14,12.14,1863500,22622080.0
2025-08-28 10:55:00,2025-08-28,20250828105500000,000070,5,12.14,12.14,12.14,12.14,252400,3064192.0
2025-08-28 11:00:00,2025-08-28,20250828110000000,000070,5,12.14,12.14,12.14,12.14,153500,1863552.0
2025-08-28 11:05:00,2025-08-28,20250828110500000,000070,5,12.14,12.14,12.14,12.14,189100,2295296.0
2025-08-28 11:10:00,2025-08-28,20250828111000000,000070,5,12.14,12.14,12.14,12.14,172000,2088064.0
2025-08-28 11:15:00,2025-08-28,20250828111500000,000070,5,12.14,12.14,12.14,12.14,152500,1851392.0
2025-08-28 11:20:00,2025-08-28,20250828112000000,000070,5,12.14,12.14,12.14,12.14,220200,2673152.0
2025-08-28 11:25:00,2025-08-28,20250828112500000,000070,5,12.14,12.14,12.14,12.14,2747500,33355136.0
2025-08-28 11:30:00,2025-08-28,20250828113000000,000070,5,12.14,12.14,12.14,12.14,13605500,165171072.0
2025-08-28 13:05:00,2025-08-28,20250828130500000,000070,5,12.14,12.14,12.14,12.14,1185200,14387712.0
2025-08-28 13:10:00,2025-08-28,20250828131000000,000070,5,12.14,12.14,12.14,12.14,237700,2885632.0
2025-08-28 13:15:00,2025-08-28,20250828131500000,000070,5,12.14,12.14,12.14,12.14,226100,2744832.0
2025-08-28 13:20:00,2025-08-28,20250828132000000,000070,5,12.14,12.14,12.14,12.14,421300,5115136.0
2025-08-28 13:25:00,2025-08-28,20250828132500000,000070,5,12.14,12.14,12.14,12.14,1047600,12717824.0
2025-08-28 13:30:00,2025-08-28,20250828133000000,000070,5,12.14,12.14,12.14,12.14,14908800,180967040.0
2025-08-28 13:35:00,2025-08-28,20250828133500000,000070,5,12.14,12.14,12.14,12.14,1720700,20889344.0
2025-08-28 13:40:00,2025-08-28,20250828134000000,000070,5,12.14,12.14,12.14,12.14,901200,10940544.0
2025-08-28 13:45:00,2025-08-28,20250828134500000,000070,5,12.14,12.14,12.14,12.14,175700,2132992.0
2025-08-28 13:50:00,2025-08-28,20250828135000000,000070,5,12.14,12.14,12.14,12.14,113700,1380352.0
2025-08-28 13:55:00,2025-08-28,20250828135500000,000070,5,12.14,12.14,12.14,12.14,142800,1733504.0
2025-08-28 14:00:00,2025-08-28,20250828140000000,000070,5,12.14,12.14,12.14,12.14,149700,1817472.0
2025-08-28 14:05:00,2025-08-28,20250828140500000,000070,5,12.14,12.14,12.14,12.14,50100,608128.0
2025-08-28 14:10:00,2025-08-28,20250828141000000,000070,5,12.14,12.14,12.14,12.14,104200,1265024.0
2025-08-28 14:15:00,2025-08-28,20250828141500000,000070,5,12.14,12.14,12.14,12.14,106800,1296512.0
2025-08-28 14:20:00,2025-08-28,20250828142000000,000070,5,12.14,12.14,12.14,12.14,108100,1312384.0
2025-08-28 14:25:00,2025-08-28,20250828142500000,000070,5,12.14,12.14,12.14,12.14,40100,486784.0
2025-08-28 14:30:00,2025-08-28,20250828143000000,000070,5,12.14,12.14,12.14,12.14,82300,999168.0
2025-08-28 14:35:00,2025-08-28,20250828143500000,000070,5,12.14,12.14,12.14,12.14,142900,1734784.0
2025-08-28 14:40:00,2025-08-28,20250828144000000,000070,5,12.14,12.14,12.14,12.14,139400,1692288.0
2025-08-28 14:45:00,2025-08-28,20250828144500000,000070,5,12.14,12.14,12.14,12.14,114400,1388800.0
2025-08-28 14:50:00,2025-08-28,20250828145000000,000070,5,12.14,12.14,12.14,12.14,115600,1403392.0
2025-08-28 14:55:00,2025-08-28,20250828145500000,000070,5,12.14,12.14,12.14,12.14,145100,1761536.0
2025-08-28 15:00:00,2025-08-28,20250828150000000,000070,5,12.14,12.14,12.14,12.14,575200,6982912.0
2025-08-29 09:35:00,2025-08-29,20250829093500000,000070,5,12.27,12.63,12.27,12.47,38284200,476234976.0
2025-08-29 09:40:00,2025-08-29,20250829094000000,000070,5,12.47,12.85,12.4,12.61,19888400,251088416.0
2025-08-29 09:45:00,2025-08-29,20250829094500000,000070,5,12.59,12.61,12.2,12.21,13689900,169770432.0
2025-08-29 09:50:00,2025-08-29,20250829095000000,000070,5,12.26,12.51,12.25,12.41,8957400,110660536.0
2025-08-29 09:55:00,2025-08-29,20250829095500000,000070,5,12.41,12.74,12.3,12.63,9418800,118094336.0
2025-08-29 10:00:00,2025-08-29,20250829100000000,000070,5,12.58,12.68,12.4,12.41,5609800,70418952.0
2025-08-29 10:05:00,2025-08-29,20250829100500000,000070,5,12.42,12.46,12.27,12.28,6480400,79868032.0
2025-08-29 10:10:00,2025-08-29,20250829101000000,000070,5,12.28,12.34,12.21,12.3,4648300,56997888.0
2025-08-29 10:15:00,2025-08-29,20250829101500000,000070,5,12.29,12.29,12.14,12.19,5224100,63716608.0
2025-08-29 10:20:00,2025-08-29,20250829102000000,000070,5,12.19,12.6,12.19,12.43,4790900,59544576.0
2025-08-29 10:25:00,2025-08-29,20250829102500000,000070,5,12.42,12.68,12.42,12.57,4945000,62114816.0
2025-08-29 10:30:00,2025-08-29,20250829103000000,000070,5,12.57,12.57,12.46,12.48,1228600,15347203.0
2025-08-29 10:35:00,2025-08-29,20250829103500000,000070,5,12.48,12.6,12.38,12.56,2012500,25152381.0
2025-08-29 10:40:00,2025-08-29,20250829104000000,000070,5,12.56,12.61,12.53,12.61,1927200,24239104.0
2025-08-29 10:45:00,2025-08-29,20250829104500000,000070,5,12.62,12.76,12.61,12.61,3937100,49994624.0
2025-08-29 10:50:00,2025-08-29,20250829105000000,000070,5,12.61,12.69,12.58,12.62,1067000,13464704.0
2025-08-29 10:55:00,2025-08-29,20250829105500000,000070,5,12.62,12.65,12.5,12.54,1552500,19507578.0
2025-08-29 11:00:00,2025-08-29,20250829110000000,000070,5,12.54,12.65,12.54,12.55,1352200,17033222.0
2025-08-29 11:05:00,2025-08-29,20250829110500000,000070,5,12.56,12.62,12.53,12.54,1302500,16377600.0
2025-08-29 11:10:00,2025-08-29,20250829111000000,000070,5,12.55,12.55,12.42,12.42,1638100,20440966.0
2025-08-29 11:15:00,2025-08-29,20250829111500000,000070,5,12.42,12.44,12.34,12.36,1559700,19334522.0
2025-08-29 11:20:00,2025-08-29,20250829112000000,000070,5,12.34,12.39,12.32,12.37,1457400,17997568.0
2025-08-29 11:25:00,2025-08-29,20250829112500000,000070,5,12.37,12.39,12.3,12.31,992800,12246784.0
2025-08-29 11:30:00,2025-08-29,20250829113000000,000070,5,12.3,12.31,12.23,12.26,1478000,18129792.0
2025-08-29 13:05:00,2025-08-29,20250829130500000,000070,5,12.26,12.29,12.19,12.21,2424800,29662848.0
2025-08-29 13:10:00,2025-08-29,20250829131000000,000070,5,12.21,12.23,12.12,12.15,3926700,47752704.0
2025-08-29 13:15:00,2025-08-29,20250829131500000,000070,5,12.15,12.15,11.99,12.02,6060900,73069952.0
2025-08-29 13:20:00,2025-08-29,20250829132000000,000070,5,12.02,12.12,11.98,12.02,3013000,36232832.0
2025-08-29 13:25:00,2025-08-29,20250829132500000,000070,5,12.01,12.04,11.88,11.97,3972400,47428096.0
2025-08-29 13:30:00,2025-08-29,20250829133000000,000070,5,11.94,11.96,11.84,11.86,2633400,31350912.0
2025-08-29 13:35:00,2025-08-29,20250829133500000,000070,5,11.87,11.97,11.87,11.92,2055200,24473728.0
2025-08-29 13:40:00,2025-08-29,20250829134000000,000070,5,11.94,11.94,11.8,11.91,2895600,34348032.0
2025-08-29 13:45:00,2025-08-29,20250829134500000,000070,5,11.91,11.91,11.85,11.85,1738200,20645504.0
2025-08-29 13:50:00,2025-08-29,20250829135000000,000070,5,11.85,11.86,11.8,11.83,3232900,38230400.0
2025-08-29 13:55:00,2025-08-29,20250829135500000,000070,5,11.83,11.85,11.82,11.82,1831900,21670912.0
2025-08-29 14:00:00,2025-08-29,20250829140000000,000070,5,11.82,11.83,11.71,11.74,4105300,48348416.0
2025-08-29 14:05:00,2025-08-29,20250829140500000,000070,5,11.75,11.9,11.75,11.84,3270100,38797312.0
2025-08-29 14:10:00,2025-08-29,20250829141000000,000070,5,11.83,11.88,11.8,11.8,1896700,22427904.0
2025-08-29 14:15:00,2025-08-29,20250829141500000,000070,5,11.8,11.81,11.74,11.74,1624500,19103488.0
2025-08-29 14:20:00,2025-08-29,20250829142000000,000070,5,11.73,11.79,11.7,11.75,3248800,38095872.0
2025-08-29 14:25:00,2025-08-29,20250829142500000,000070,5,11.75,11.75,11.7,11.71,1938600,22711552.0
2025-08-29 14:30:00,2025-08-29,20250829143000000,000070,5,11.71,11.77,11.65,11.71,3787700,44271872.0
2025-08-29 14:35:00,2025-08-29,20250829143500000,000070,5,11.71,11.81,11.71,11.8,2964500,34856960.0
2025-08-29 14:40:00,2025-08-29,20250829144000000,000070,5,11.79,11.79,11.69,11.7,4436900,51963392.0
2025-08-29 14:45:00,2025-08-29,20250829144500000,000070,5,11.69,11.72,11.67,11.69,3273800,38293504.0
2025-08-29 14:50:00,2025-08-29,20250829145000000,000070,5,11.68,11.94,11.68,11.81,4377700,51683584.0
2025-08-29 14:55:00,2025-08-29,20250829145500000,000070,5,11.81,11.86,11.78,11.78,3280000,38754816.0
2025-08-29 15:00:00,2025-08-29,20250829150000000,000070,5,11.8,11.8,11.76,11.76,5039300,59301888.0
2025-09-01 09:35:00,2025-09-01,20250901093500000,000070,5,11.76,11.98,11.45,11.49,21007100,244668720.0
2025-09-01 09:40:00,2025-09-01,20250901094000000,000070,5,11.48,11.69,11.41,11.65,8983700,103641552.0
2025-09-01 09:45:00,2025-09-01,20250901094500000,000070,5,11.67,11.85,11.52,11.53,5927300,69361792.0
2025-09-01 09:50:00,2025-09-01,20250901095000000,000070,5,11.53,11.58,11.4,11.4,7333700,84141728.0
2025-09-01 09:55:00,2025-09-01,20250901095500000,000070,5,11.4,11.51,11.4,11.46,5054600,57809176.0
2025-09-01 10:00:00,2025-09-01,20250901100000000,000070,5,11.46,11.49,11.43,11.46,2481300,28418760.0
2025-09-01 10:05:00,2025-09-01,20250901100500000,000070,5,11.45,11.45,11.32,11.32,6919500,78818686.0
2025-09-01 10:10:00,2025-09-01,20250901101000000,000070,5,11.32,11.36,11.3,11.33,4367800,49480834.0
2025-09-01 10:15:00,2025-09-01,20250901101500000,000070,5,11.34,11.42,11.34,11.35,2503900,28476224.0
2025-09-01 10:20:00,2025-09-01,20250901102000000,000070,5,11.36,11.4,11.32,11.35,2203400,25002048.0
2025-09-01 10:25:00,2025-09-01,20250901102500000,000070,5,11.35,11.4,11.35,11.35,1452800,16521344.0
2025-09-01 10:30:00,2025-09-01,20250901103000000,000070,5,11.34,11.38,11.34,11.35,1464300,16639872.0
2025-09-01 10:35:00,2025-09-01,20250901103500000,000070,5,11.35,11.72,11.34,11.62,4127300,47558715.0
2025-09-01 10:40:00,2025-09-01,20250901104000000,000070,5,11.63,11.97,11.62,11.68,8596600,101419909.0
2025-09-01 10:45:00,2025-09-01,20250901104500000,000070,5,11.68,12.07,11.68,11.94,10106700,120909248.0
2025-09-01 10:50:00,2025-09-01,20250901105000000,000070,5,11.96,12.14,11.92,11.95,7350100,88487680.0
2025-09-01 10:55:00,2025-09-01,20250901105500000,000070,5,11.94,11.94,11.81,11.83,2281600,27091968.0
2025-09-01 11:00:00,2025-09-01,20250901110000000,000070,5,11.83,11.92,11.82,11.88,1449600,17179776.0
2025-09-01 11:05:00,2025-09-01,20250901110500000,000070,5,11.87,11.89,11.79,11.85,1729000,20451968.0
2025-09-01 11:10:00,2025-09-01,20250901111000000,000070,5,11.85,11.85,11.77,11.77,1245700,14701440.0
2025-09-01 11:15:00,2025-09-01,20250901111500000,000070,5,11.78,11.85,11.77,11.83,959400,11330816.0
2025-09-01 11:20:00,2025-09-01,20250901112000000,000070,5,11.8,11.87,11.76,11.86,1215500,14346112.0
2025-09-01 11:25:00,2025-09-01,20250901112500000,000070,5,11.8,11.94,11.8,11.85,1063100,12609024.0
2025-09-01 11:30:00,2025-09-01,20250901113000000,000070,5,11.85,11.86,11.75,11.75,1443500,17013376.0
2025-09-01 13:05:00,2025-09-01,20250901130500000,000070,5,11.75,11.75,11.67,11.71,1306900,15295744.0
2025-09-01 13:10:00,2025-09-01,20250901131000000,000070,5,11.72,11.72,11.6,11.6,1510700,17616645.0
2025-09-01 13:15:00,2025-09-01,20250901131500000,000070,5,11.6,11.62,11.57,11.61,1235600,14324471.0
2025-09-01 13:20:00,2025-09-01,20250901132000000,000070,5,11.61,11.61,11.5,11.51,1709800,19755524.0
2025-09-01 13:25:00,2025-09-01,20250901132500000,000070,5,11.52,11.62,11.51,11.58,1440400,16641152.0
2025-09-01 13:30:00,2025-09-01,20250901133000000,000070,5,11.56,11.64,11.56,11.58,1129400,13109880.0
2025-09-01 13:35:00,2025-09-01,20250901133500000,000070,5,11.59,11.61,11.57,11.58,934500,10827136.0
2025-09-01 13:40:00,2025-09-01,20250901134000000,000070,5,11.58,11.59,11.53,11.54,1303000,15072264.0
2025-09-01 13:45:00,2025-09-01,20250901134500000,000070,5,11.54,11.54,11.43,11.47,2805100,32244480.0
2025-09-01 13:50:00,2025-09-01,20250901135000000,000070,5,11.46,11.47,11.4,11.41,2215700,25322496.0
2025-09-01 13:55:00,2025-09-01,20250901135500000,000070,5,11.4,11.43,11.4,11.42,1722700,19663616.0
2025-09-01 14:00:00,2025-09-01,20250901140000000,000070,5,11.41,11.42,11.38,11.39,1942300,22136704.0
2025-09-01 14:05:00,2025-09-01,20250901140500000,000070,5,11.39,11.43,11.36,11.36,2428200,27654272.0
2025-09-01 14:10:00,2025-09-01,20250901141000000,000070,5,11.37,11.39,11.3,11.31,5056900,57300736.0
2025-09-01 14:15:00,2025-09-01,20250901141500000,000070,5,11.31,11.34,11.3,11.32,2080600,23550336.0
2025-09-01 14:20:00,2025-09-01,20250901142000000,000070,5,11.32,11.33,11.3,11.3,2627800,29723264.0
2025-09-01 14:25:00,2025-09-01,20250901142500000,000070,5,11.31,11.33,11.25,11.33,3007200,33937792.0
2025-09-01 14:30:00,2025-09-01,20250901143000000,000070,5,11.32,11.32,11.26,11.27,2537900,28636032.0
2025-09-01 14:35:00,2025-09-01,20250901143500000,000070,5,11.27,11.29,11.26,11.28,2212400,24954880.0
2025-09-01 14:40:00,2025-09-01,20250901144000000,000070,5,11.28,11.29,11.27,11.28,2013000,22711296.0
2025-09-01 14:45:00,2025-09-01,20250901144500000,000070,5,11.28,11.29,11.27,11.28,2606800,29409664.0
2025-09-01 14:50:00,2025-09-01,20250901145000000,000070,5,11.27,11.28,11.25,11.26,3766800,42423552.0
2025-09-01 14:55:00,2025-09-01,20250901145500000,000070,5,11.25,11.26,11.24,11.25,5514500,62038784.0
2025-09-01 15:00:00,2025-09-01,20250901150000000,000070,5,11.26,11.28,11.25,11.27,3838000,43224448.0
2025-09-02 09:35:00,2025-09-02,20250902093500000,000070,5,11.33,11.4,11.17,11.28,8994300,101527896.0
2025-09-02 09:40:00,2025-09-02,20250902094000000,000070,5,11.28,11.28,11.03,11.04,5543900,61709432.0
2025-09-02 09:45:00,2025-09-02,20250902094500000,000070,5,11.03,11.06,10.92,10.98,8279000,90827680.0
2025-09-02 09:50:00,2025-09-02,20250902095000000,000070,5,10.99,11.09,10.94,10.95,3032700,33297264.0
2025-09-02 09:55:00,2025-09-02,20250902095500000,000070,5,10.95,10.95,10.88,10.91,5779100,63019904.0
2025-09-02 10:00:00,2025-09-02,20250902100000000,000070,5,10.91,10.92,10.86,10.89,2943700,32049184.0
2025-09-02 10:05:00,2025-09-02,20250902100500000,000070,5,10.9,10.9,10.83,10.83,3187500,34630432.0
2025-09-02 10:10:00,2025-09-02,20250902101000000,000070,5,10.83,10.95,10.83,10.89,2510800,27328224.0
2025-09-02 10:15:00,2025-09-02,20250902101500000,000070,5,10.89,10.89,10.81,10.82,2676000,28989088.0
2025-09-02 10:20:00,2025-09-02,20250902102000000,000070,5,10.8,10.83,10.78,10.81,3498900,37792960.0
2025-09-02 10:25:00,2025-09-02,20250902102500000,000070,5,10.82,10.9,10.82,10.88,1380000,14991488.0
2025-09-02 10:30:00,2025-09-02,20250902103000000,000070,5,10.89,10.89,10.8,10.81,1464600,15877152.0
2025-09-02 10:35:00,2025-09-02,20250902103500000,000070,5,10.81,10.83,10.72,10.73,2556000,27504128.0
2025-09-02 10:40:00,2025-09-02,20250902104000000,000070,5,10.72,10.72,10.68,10.71,3428300,36670400.0
2025-09-02 10:45:00,2025-09-02,20250902104500000,000070,5,10.71,10.75,10.7,10.71,1272600,13639104.0
2025-09-02 10:50:00,2025-09-02,20250902105000000,000070,5,10.71,10.76,10.69,10.69,1603100,17172480.0
2025-09-02 10:55:00,2025-09-02,20250902105500000,000070,5,10.69,10.78,10.69,10.74,1354400,14559808.0
2025-09-02 11:00:00,2025-09-02,20250902110000000,000070,5,10.74,10.74,10.67,10.67,1135300,12132608.0
2025-09-02 11:05:00,2025-09-02,20250902110500000,000070,5,10.67,10.67,10.54,10.64,3465900,36759552.0
2025-09-02 11:10:00,2025-09-02,20250902111000000,000070,5,10.64,10.67,10.6,10.64,1256900,13363136.0
2025-09-02 11:15:00,2025-09-02,20250902111500000,000070,5,10.63,10.64,10.58,10.59,1732600,18381248.0
2025-09-02 11:20:00,2025-09-02,20250902112000000,000070,5,10.58,10.61,10.57,10.6,1259600,13337664.0
2025-09-02 11:25:00,2025-09-02,20250902112500000,000070,5,10.61,10.68,10.61,10.67,1505900,16041600.0
2025-09-02 11:30:00,2025-09-02,20250902113000000,000070,5,10.65,10.66,10.58,10.58,989100,10505856.0
2025-09-02 13:05:00,2025-09-02,20250902130500000,000070,5,10.59,10.69,10.57,10.66,1403200,14883200.0
2025-09-02 13:10:00,2025-09-02,20250902131000000,000070,5,10.65,10.72,10.65,10.67,879900,9402368.0
2025-09-02 13:15:00,2025-09-02,20250902131500000,000070,5,10.67,10.67,10.59,10.59,839800,8924928.0
2025-09-02 13:20:00,2025-09-02,20250902132000000,000070,5,10.6,10.61,10.56,10.57,1104600,11689984.0
2025-09-02 13:25:00,2025-09-02,20250902132500000,000070,5,10.57,10.59,10.55,10.57,1266600,13381632.0
2025-09-02 13:30:00,2025-09-02,20250902133000000,000070,5,10.57,10.57,10.5,10.51,3020900,31752320.0
2025-09-02 13:35:00,2025-09-02,20250902133500000,000070,5,10.52,10.63,10.52,10.62,2315900,24515392.0
2025-09-02 13:40:00,2025-09-02,20250902134000000,000070,5,10.62,10.66,10.59,10.61,1312000,13944000.0
2025-09-02 13:45:00,2025-09-02,20250902134500000,000070,5,10.61,10.7,10.61,10.66,1239800,13226048.0
2025-09-02 13:50:00,2025-09-02,20250902135000000,000070,5,10.65,10.7,10.65,10.66,969000,10337344.0
2025-09-02 13:55:00,2025-09-02,20250902135500000,000070,5,10.66,10.66,10.57,10.62,1760400,18684608.0
2025-09-02 14:00:00,2025-09-02,20250902140000000,000070,5,10.61,10.62,10.55,10.57,938100,9938176.0
2025-09-02 14:05:00,2025-09-02,20250902140500000,000070,5,10.57,10.62,10.56,10.59,916700,9701760.0
2025-09-02 14:10:00,2025-09-02,20250902141000000,000070,5,10.57,10.57,10.53,10.56,1444800,15219264.0
2025-09-02 14:15:00,2025-09-02,20250902141500000,000070,5,10.55,10.55,10.5,10.5,2212400,23246720.0
2025-09-02 14:20:00,2025-09-02,20250902142000000,000070,5,10.51,10.51,10.46,10.48,2436800,25536640.0
2025-09-02 14:25:00,2025-09-02,20250902142500000,000070,5,10.5,10.53,10.47,10.49,1526100,16008576.0
2025-09-02 14:30:00,2025-09-02,20250902143000000,000070,5,10.49,10.5,10.48,10.5,916700,9618816.0
2025-09-02 14:35:00,2025-09-02,20250902143500000,000070,5,10.5,10.55,10.47,10.49,1659600,17432384.0
2025-09-02 14:40:00,2025-09-02,20250902144000000,000070,5,10.49,10.5,10.46,10.48,1514600,15876032.0
2025-09-02 14:45:00,2025-09-02,20250902144500000,000070,5,10.47,10.49,10.45,10.47,1853400,19388160.0
2025-09-02 14:50:00,2025-09-02,20250902145000000,000070,5,10.48,10.53,10.47,10.51,2403500,25245696.0
2025-09-02 14:55:00,2025-09-02,20250902145500000,000070,5,10.51,10.53,10.5,10.51,2976400,31300736.0
2025-09-02 15:00:00,2025-09-02,20250902150000000,000070,5,10.52,10.54,10.51,10.52,3142300,33069184.0
2025-09-03 09:35:00,2025-09-03,20250903093500000,000070,5,10.46,10.47,10.23,10.33,7001100,72134048.0
2025-09-03 09:40:00,2025-09-03,20250903094000000,000070,5,10.31,10.42,10.3,10.41,3007900,31125616.0
2025-09-03 09:45:00,2025-09-03,20250903094500000,000070,5,10.4,10.45,10.38,10.42,2134300,22237624.0
2025-09-03 09:50:00,2025-09-03,20250903095000000,000070,5,10.42,10.47,10.41,10.43,1995400,20831176.0
2025-09-03 09:55:00,2025-09-03,20250903095500000,000070,5,10.42,10.45,10.35,10.37,1772700,18436960.0
2025-09-03 10:00:00,2025-09-03,20250903100000000,000070,5,10.37,10.38,10.32,10.37,1234400,12762512.0
2025-09-03 10:05:00,2025-09-03,20250903100500000,000070,5,10.36,10.37,10.32,10.36,1238100,12799408.0
2025-09-03 10:10:00,2025-09-03,20250903101000000,000070,5,10.36,10.36,10.32,10.33,1137600,11765504.0
2025-09-03 10:15:00,2025-09-03,20250903101500000,000070,5,10.34,10.38,10.32,10.32,1271600,13160640.0
2025-09-03 10:20:00,2025-09-03,20250903102000000,000070,5,10.33,10.36,10.33,10.36,645200,6670256.0
2025-09-03 10:25:00,2025-09-03,20250903102500000,000070,5,10.36,10.4,10.35,10.38,816900,8475216.0
2025-09-03 10:30:00,2025-09-03,20250903103000000,000070,5,10.39,10.42,10.35,10.37,1113300,11559632.0
2025-09-03 10:35:00,2025-09-03,20250903103500000,000070,5,10.36,10.37,10.23,10.23,1925900,19790272.0
2025-09-03 10:40:00,2025-09-03,20250903104000000,000070,5,10.22,10.24,10.18,10.23,3523700,35959840.0
2025-09-03 10:45:00,2025-09-03,20250903104500000,000070,5,10.24,10.38,10.23,10.38,1563000,16086464.0
2025-09-03 10:50:00,2025-09-03,20250903105000000,000070,5,10.37,10.41,10.35,10.38,1337200,13886112.0
2025-09-03 10:55:00,2025-09-03,20250903105500000,000070,5,10.36,10.41,10.36,10.39,782500,8134176.0
2025-09-03 11:00:00,2025-09-03,20250903110000000,000070,5,10.39,10.41,10.36,10.4,700800,7282240.0
2025-09-03 11:05:00,2025-09-03,20250903110500000,000070,5,10.41,10.45,10.38,10.45,939700,9778464.0
2025-09-03 11:10:00,2025-09-03,20250903111000000,000070,5,10.44,10.48,10.41,10.43,1240800,12967904.0
2025-09-03 11:15:00,2025-09-03,20250903111500000,000070,5,10.42,10.42,10.39,10.41,504900,5252576.0
2025-09-03 11:20:00,2025-09-03,20250903112000000,000070,5,10.4,10.4,10.36,10.36,405700,4212832.0
2025-09-03 11:25:00,2025-09-03,20250903112500000,000070,5,10.36,10.36,10.32,10.34,502500,5195104.0
2025-09-03 11:30:00,2025-09-03,20250903113000000,000070,5,10.34,10.35,10.32,10.34,279400,2887776.0
2025-09-03 13:05:00,2025-09-03,20250903130500000,000070,5,10.34,10.34,10.28,10.29,974400,10044000.0
2025-09-03 13:10:00,2025-09-03,20250903131000000,000070,5,10.29,10.31,10.27,10.3,561000,5770816.0
2025-09-03 13:15:00,2025-09-03,20250903131500000,000070,5,10.29,10.3,10.27,10.28,353500,3634816.0
2025-09-03 13:20:00,2025-09-03,20250903132000000,000070,5,10.28,10.31,10.25,10.25,529700,5444128.0
2025-09-03 13:25:00,2025-09-03,20250903132500000,000070,5,10.26,10.28,10.25,10.28,437500,4490720.0
2025-09-03 13:30:00,2025-09-03,20250903133000000,000070,5,10.27,10.27,10.21,10.25,972400,9954080.0
2025-09-03 13:35:00,2025-09-03,20250903133500000,000070,5,10.24,10.25,10.2,10.2,600200,6135456.0
2025-09-03 13:40:00,2025-09-03,20250903134000000,000070,5,10.2,10.22,10.18,10.18,1463200,14920576.0
2025-09-03 13:45:00,2025-09-03,20250903134500000,000070,5,10.18,10.26,10.18,10.22,924900,9457024.0
2025-09-03 13:50:00,2025-09-03,20250903135000000,000070,5,10.22,10.22,10.17,10.18,775600,7901664.0
2025-09-03 13:55:00,2025-09-03,20250903135500000,000070,5,10.18,10.23,10.18,10.23,682000,6952384.0
2025-09-03 14:00:00,2025-09-03,20250903140000000,000070,5,10.22,10.23,10.18,10.22,766800,7830048.0
2025-09-03 14:05:00,2025-09-03,20250903140500000,000070,5,10.21,10.3,10.19,10.28,862100,8829184.0
2025-09-03 14:10:00,2025-09-03,20250903141000000,000070,5,10.28,10.33,10.28,10.32,760400,7834944.0
2025-09-03 14:15:00,2025-09-03,20250903141500000,000070,5,10.31,10.36,10.28,10.35,919000,9489920.0
2025-09-03 14:20:00,2025-09-03,20250903142000000,000070,5,10.36,10.36,10.27,10.28,1117600,11512064.0
2025-09-03 14:25:00,2025-09-03,20250903142500000,000070,5,10.29,10.33,10.27,10.27,699300,7204736.0
2025-09-03 14:30:00,2025-09-03,20250903143000000,000070,5,10.27,10.27,10.23,10.25,552700,5664288.0
2025-09-03 14:35:00,2025-09-03,20250903143500000,000070,5,10.26,10.29,10.25,10.28,738900,7587168.0
2025-09-03 14:40:00,2025-09-03,20250903144000000,000070,5,10.27,10.28,10.2,10.21,862300,8830976.0
2025-09-03 14:45:00,2025-09-03,20250903144500000,000070,5,10.21,10.23,10.18,10.2,1765200,18003772.0
2025-09-03 14:50:00,2025-09-03,20250903145000000,000070,5,10.21,10.21,10.17,10.17,1637000,16678536.0
2025-09-03 14:55:00,2025-09-03,20250903145500000,000070,5,10.18,10.18,10.15,10.17,2225800,22627708.0
2025-09-03 15:00:00,2025-09-03,20250903150000000,000070,5,10.17,10.18,10.16,10.18,1464800,14905084.0
2025-09-04 09:35:00,2025-09-04,20250904093500000,000070,5,10.35,10.84,10.35,10.57,15965000,170395136.0
2025-09-04 09:40:00,2025-09-04,20250904094000000,000070,5,10.56,10.61,10.39,10.43,5196000,54505024.0
2025-09-04 09:45:00,2025-09-04,20250904094500000,000070,5,10.43,10.43,10.26,10.29,4427400,45753984.0
2025-09-04 09:50:00,2025-09-04,20250904095000000,000070,5,10.3,10.32,10.18,10.22,3970700,40689408.0
2025-09-04 09:55:00,2025-09-04,20250904095500000,000070,5,10.22,10.24,10.15,10.18,3741100,38134112.0
2025-09-04 10:00:00,2025-09-04,20250904100000000,000070,5,10.17,10.24,10.17,10.19,1821900,18579200.0
2025-09-04 10:05:00,2025-09-04,20250904100500000,000070,5,10.18,10.18,10.14,10.16,2427300,24663136.0
2025-09-04 10:10:00,2025-09-04,20250904101000000,000070,5,10.13,10.14,9.95,9.97,4044200,40632832.0
2025-09-04 10:15:00,2025-09-04,20250904101500000,000070,5,9.95,10.09,9.95,10.06,2145500,21516096.0
2025-09-04 10:20:00,2025-09-04,20250904102000000,000070,5,10.05,10.07,10.04,10.06,1085600,10916416.0
2025-09-04 10:25:00,2025-09-04,20250904102500000,000070,5,10.08,10.12,10.04,10.08,1221200,12312256.0
2025-09-04 10:30:00,2025-09-04,20250904103000000,000070,5,10.09,10.12,10.02,10.03,1066600,10731872.0
2025-09-04 10:35:00,2025-09-04,20250904103500000,000070,5,10.03,10.03,9.98,9.98,1451400,14518240.0
2025-09-04 10:40:00,2025-09-04,20250904104000000,000070,5,9.99,10.01,9.96,9.99,1215200,12127456.0
2025-09-04 10:45:00,2025-09-04,20250904104500000,000070,5,10.0,10.05,10.0,10.0,796400,7980512.0
2025-09-04 10:50:00,2025-09-04,20250904105000000,000070,5,10.0,10.02,9.98,9.99,904500,9046304.0
2025-09-04 10:55:00,2025-09-04,20250904105500000,000070,5,9.99,10.01,9.96,10.01,907900,9060768.0
2025-09-04 11:00:00,2025-09-04,20250904110000000,000070,5,10.0,10.05,10.0,10.04,523400,5245312.0
2025-09-04 11:05:00,2025-09-04,20250904110500000,000070,5,10.04,10.09,10.02,10.06,1068300,10745344.0
2025-09-04 11:10:00,2025-09-04,20250904111000000,000070,5,10.05,10.06,10.02,10.05,400200,4019968.0
2025-09-04 11:15:00,2025-09-04,20250904111500000,000070,5,10.07,10.08,10.02,10.06,467900,4701696.0
2025-09-04 11:20:00,2025-09-04,20250904112000000,000070,5,10.05,10.07,10.03,10.06,459100,4615872.0
2025-09-04 11:25:00,2025-09-04,20250904112500000,000070,5,10.06,10.07,10.01,10.01,460300,4624512.0
2025-09-04 11:30:00,2025-09-04,20250904113000000,000070,5,10.02,10.03,9.98,10.02,808700,8088576.0
2025-09-04 13:05:00,2025-09-04,20250904130500000,000070,5,10.03,10.06,9.99,9.99,705200,7063680.0
2025-09-04 13:10:00,2025-09-04,20250904131000000,000070,5,9.99,10.06,9.97,10.06,596100,5969344.0
2025-09-04 13:15:00,2025-09-04,20250904131500000,000070,5,10.06,10.13,10.06,10.12,1110600,11214784.0
2025-09-04 13:20:00,2025-09-04,20250904132000000,000070,5,10.1,10.13,10.04,10.05,566100,5711040.0
2025-09-04 13:25:00,2025-09-04,20250904132500000,000070,5,10.05,10.06,10.01,10.02,528900,5305344.0
2025-09-04 13:30:00,2025-09-04,20250904133000000,000070,5,10.02,10.07,10.02,10.04,680700,6841792.0
2025-09-04 13:35:00,2025-09-04,20250904133500000,000070,5,10.03,10.03,10.0,10.01,721800,7224896.0
2025-09-04 13:40:00,2025-09-04,20250904134000000,000070,5,10.01,10.02,9.99,10.0,761500,7616320.0
2025-09-04 13:45:00,2025-09-04,20250904134500000,000070,5,10.0,10.02,9.97,10.01,979400,9781248.0
2025-09-04 13:50:00,2025-09-04,20250904135000000,000070,5,10.02,10.03,9.98,9.98,453200,4533952.0
2025-09-04 13:55:00,2025-09-04,20250904135500000,000070,5,9.98,10.05,9.98,10.05,500800,5018176.0
2025-09-04 14:00:00,2025-09-04,20250904140000000,000070,5,10.04,10.05,9.98,9.99,718000,7191104.0
2025-09-04 14:05:00,2025-09-04,20250904140500000,000070,5,9.98,10.01,9.96,9.97,1297500,12948096.0
2025-09-04 14:10:00,2025-09-04,20250904141000000,000070,5,9.97,9.98,9.95,9.95,1290300,12848512.0
2025-09-04 14:15:00,2025-09-04,20250904141500000,000070,5,9.96,9.96,9.89,9.91,1606900,15932288.0
2025-09-04 14:20:00,2025-09-04,20250904142000000,000070,5,9.91,9.91,9.86,9.89,1308400,12924032.0
2025-09-04 14:25:00,2025-09-04,20250904142500000,000070,5,9.88,9.92,9.85,9.86,1878200,18537472.0
2025-09-04 14:30:00,2025-09-04,20250904143000000,000070,5,9.86,9.91,9.84,9.89,1259000,12426752.0
2025-09-04 14:35:00,2025-09-04,20250904143500000,000070,5,9.88,9.88,9.75,9.75,1743100,17087232.0
2025-09-04 14:40:00,2025-09-04,20250904144000000,000070,5,9.75,9.81,9.72,9.8,1818900,17733120.0
2025-09-04 14:45:00,2025-09-04,20250904144500000,000070,5,9.81,9.9,9.8,9.89,926800,9117056.0
2025-09-04 14:50:00,2025-09-04,20250904145000000,000070,5,9.89,9.9,9.81,9.9,1601000,15768192.0
2025-09-04 14:55:00,2025-09-04,20250904145500000,000070,5,9.9,9.93,9.9,9.93,1605800,15920256.0
2025-09-04 15:00:00,2025-09-04,20250904150000000,000070,5,9.93,9.95,9.92,9.94,1677000,16663104.0
2025-09-05 09:35:00,2025-09-05,20250905093500000,000070,5,9.85,10.04,9.85,9.86,4781500,47475432.0
2025-09-05 09:40:00,2025-09-05,20250905094000000,000070,5,9.86,9.98,9.82,9.94,2350000,23230288.0
2025-09-05 09:45:00,2025-09-05,20250905094500000,000070,5,9.94,9.94,9.85,9.87,1829500,18096104.0
2025-09-05 09:50:00,2025-09-05,20250905095000000,000070,5,9.88,9.95,9.88,9.89,1780100,17635136.0
2025-09-05 09:55:00,2025-09-05,20250905095500000,000070,5,9.89,9.92,9.85,9.9,1717000,16971616.0
2025-09-05 10:00:00,2025-09-05,20250905100000000,000070,5,9.89,9.95,9.89,9.93,1145700,11378160.0
2025-09-05 10:05:00,2025-09-05,20250905100500000,000070,5,9.94,10.01,9.93,10.01,1606000,16013760.0
2025-09-05 10:10:00,2025-09-05,20250905101000000,000070,5,10.01,10.04,9.95,10.01,2466100,24664464.0
2025-09-05 10:15:00,2025-09-05,20250905101500000,000070,5,10.01,10.03,9.96,9.98,1256800,12560368.0
2025-09-05 10:20:00,2025-09-05,20250905102000000,000070,5,9.99,9.99,9.96,9.98,807800,8059696.0
2025-09-05 10:25:00,2025-09-05,20250905102500000,000070,5,9.98,9.98,9.94,9.98,1265300,12601712.0
2025-09-05 10:30:00,2025-09-05,20250905103000000,000070,5,9.98,10.04,9.96,10.04,1188000,11899488.0
2025-09-05 10:35:00,2025-09-05,20250905103500000,000070,5,10.04,10.08,10.01,10.06,1531800,15395424.0
2025-09-05 10:40:00,2025-09-05,20250905104000000,000070,5,10.07,10.17,10.07,10.14,2612800,26467936.0
2025-09-05 10:45:00,2025-09-05,20250905104500000,000070,5,10.13,10.14,10.08,10.13,967900,9785840.0
2025-09-05 10:50:00,2025-09-05,20250905105000000,000070,5,10.13,10.15,10.1,10.14,1478000,14965888.0
2025-09-05 10:55:00,2025-09-05,20250905105500000,000070,5,10.14,10.14,10.12,10.13,449900,4556192.0
2025-09-05 11:00:00,2025-09-05,20250905110000000,000070,5,10.13,10.13,10.1,10.1,685400,6936416.0
2025-09-05 11:05:00,2025-09-05,20250905110500000,000070,5,10.11,10.11,10.09,10.11,651100,6576256.0
2025-09-05 11:10:00,2025-09-05,20250905111000000,000070,5,10.1,10.12,10.1,10.11,369100,3732896.0
2025-09-05 11:15:00,2025-09-05,20250905111500000,000070,5,10.11,10.12,10.08,10.1,509400,5143968.0
2025-09-05 11:20:00,2025-09-05,20250905112000000,000070,5,10.1,10.1,10.06,10.07,852900,8594144.0
2025-09-05 11:25:00,2025-09-05,20250905112500000,000070,5,10.07,10.1,10.07,10.1,356200,3594944.0
2025-09-05 11:30:00,2025-09-05,20250905113000000,000070,5,10.1,10.12,10.08,10.12,433900,4384992.0
2025-09-05 13:05:00,2025-09-05,20250905130500000,000070,5,10.12,10.14,10.1,10.11,619700,6272896.0
2025-09-05 13:10:00,2025-09-05,20250905131000000,000070,5,10.11,10.12,10.09,10.11,307100,3102592.0
2025-09-05 13:15:00,2025-09-05,20250905131500000,000070,5,10.11,10.11,10.08,10.08,378000,3816128.0
2025-09-05 13:20:00,2025-09-05,20250905132000000,000070,5,10.09,10.09,10.06,10.08,412000,4151776.0
2025-09-05 13:25:00,2025-09-05,20250905132500000,000070,5,10.09,10.1,10.08,10.1,488300,4926464.0
2025-09-05 13:30:00,2025-09-05,20250905133000000,000070,5,10.09,10.11,10.08,10.1,519700,5246208.0
2025-09-05 13:35:00,2025-09-05,20250905133500000,000070,5,10.1,10.12,10.09,10.11,445100,4498816.0
2025-09-05 13:40:00,2025-09-05,20250905134000000,000070,5,10.1,10.13,10.1,10.12,379800,3842048.0
2025-09-05 13:45:00,2025-09-05,20250905134500000,000070,5,10.12,10.13,10.1,10.11,492800,4984128.0
2025-09-05 13:50:00,2025-09-05,20250905135000000,000070,5,10.11,10.13,10.11,10.13,333200,3372224.0
2025-09-05 13:55:00,2025-09-05,20250905135500000,000070,5,10.13,10.13,10.11,10.13,637200,6447712.0
2025-09-05 14:00:00,2025-09-05,20250905140000000,000070,5,10.12,10.15,10.12,10.14,933100,9457920.0
2025-09-05 14:05:00,2025-09-05,20250905140500000,000070,5,10.15,10.15,10.14,10.15,632900,6421472.0
2025-09-05 14:10:00,2025-09-05,20250905141000000,000070,5,10.15,10.2,10.14,10.19,1392100,14155040.0
2025-09-05 14:15:00,2025-09-05,20250905141500000,000070,5,10.19,10.2,10.16,10.17,1369400,13943648.0
2025-09-05 14:20:00,2025-09-05,20250905142000000,000070,5,10.17,10.25,10.17,10.22,1811400,18510528.0
2025-09-05 14:25:00,2025-09-05,20250905142500000,000070,5,10.22,10.28,10.22,10.27,2161700,22186624.0
2025-09-05 14:30:00,2025-09-05,20250905143000000,000070,5,10.27,10.29,10.23,10.27,1725600,17716992.0
2025-09-05 14:35:00,2025-09-05,20250905143500000,000070,5,10.27,10.27,10.24,10.25,1052700,10798912.0
2025-09-05 14:40:00,2025-09-05,20250905144000000,000070,5,10.23,10.26,10.22,10.26,1041900,10667840.0
2025-09-05 14:45:00,2025-09-05,20250905144500000,000070,5,10.25,10.27,10.25,10.27,922700,9469600.0
2025-09-05 14:50:00,2025-09-05,20250905145000000,000070,5,10.26,10.28,10.26,10.27,1625200,16696640.0
2025-09-05 14:55:00,2025-09-05,20250905145500000,000070,5,10.27,10.3,10.27,10.3,3162700,32535840.0
2025-09-05 15:00:00,2025-09-05,20250905150000000,000070,5,10.3,10.31,10.28,10.31,3335200,34352768.0
2025-09-08 09:35:00,2025-09-08,20250908093500000,000070,5,10.41,10.45,10.31,10.35,8119300,84361504.0
2025-09-08 09:40:00,2025-09-08,20250908094000000,000070,5,10.34,10.39,10.31,10.31,2487400,25721400.0
2025-09-08 09:45:00,2025-09-08,20250908094500000,000070,5,10.3,10.3,10.18,10.21,4189200,42769080.0
2025-09-08 09:50:00,2025-09-08,20250908095000000,000070,5,10.21,10.34,10.21,10.32,2650700,27213600.0
2025-09-08 09:55:00,2025-09-08,20250908095500000,000070,5,10.32,10.41,10.28,10.37,2498500,25860864.0
2025-09-08 10:00:00,2025-09-08,20250908100000000,000070,5,10.36,10.4,10.34,10.34,1683200,17454384.0
2025-09-08 10:05:00,2025-09-08,20250908100500000,000070,5,10.35,10.35,10.29,10.33,1442600,14896016.0
2025-09-08 10:10:00,2025-09-08,20250908101000000,000070,5,10.33,10.37,10.31,10.34,1149800,11891136.0
2025-09-08 10:15:00,2025-09-08,20250908101500000,000070,5,10.34,10.37,10.29,10.3,1482800,15313744.0
2025-09-08 10:20:00,2025-09-08,20250908102000000,000070,5,10.29,10.31,10.2,10.22,1476400,15121664.0
2025-09-08 10:25:00,2025-09-08,20250908102500000,000070,5,10.24,10.24,10.19,10.21,1238600,12640032.0
2025-09-08 10:30:00,2025-09-08,20250908103000000,000070,5,10.21,10.22,10.18,10.18,1210600,12351072.0
2025-09-08 10:35:00,2025-09-08,20250908103500000,000070,5,10.18,10.2,10.17,10.2,996300,10143200.0
2025-09-08 10:40:00,2025-09-08,20250908104000000,000070,5,10.18,10.19,10.13,10.14,1339100,13600640.0
2025-09-08 10:45:00,2025-09-08,20250908104500000,000070,5,10.14,10.15,10.1,10.11,1548900,15666080.0
2025-09-08 10:50:00,2025-09-08,20250908105000000,000070,5,10.11,10.12,10.07,10.07,1031400,10407552.0
2025-09-08 10:55:00,2025-09-08,20250908105500000,000070,5,10.07,10.08,10.05,10.06,1106100,11128064.0
2025-09-08 11:00:00,2025-09-08,20250908110000000,000070,5,10.06,10.14,10.05,10.14,1079800,10902272.0
2025-09-08 11:05:00,2025-09-08,20250908110500000,000070,5,10.12,10.12,10.06,10.06,838600,8458240.0
2025-09-08 11:10:00,2025-09-08,20250908111000000,000070,5,10.06,10.1,10.05,10.1,677300,6819680.0
2025-09-08 11:15:00,2025-09-08,20250908111500000,000070,5,10.1,10.12,10.09,10.09,351100,3545888.0
2025-09-08 11:20:00,2025-09-08,20250908112000000,000070,5,10.09,10.1,10.06,10.08,526700,5305536.0
2025-09-08 11:25:00,2025-09-08,20250908112500000,000070,5,10.08,10.12,10.05,10.1,793500,7997056.0
2025-09-08 11:30:00,2025-09-08,20250908113000000,000070,5,10.09,10.09,10.06,10.07,471000,4743008.0
2025-09-08 13:05:00,2025-09-08,20250908130500000,000070,5,10.05,10.09,10.02,10.05,1256500,12624288.0
2025-09-08 13:10:00,2025-09-08,20250908131000000,000070,5,10.06,10.08,10.04,10.08,614900,6184896.0
2025-09-08 13:15:00,2025-09-08,20250908131500000,000070,5,10.06,10.11,10.06,10.1,555000,5601536.0
2025-09-08 13:20:00,2025-09-08,20250908132000000,000070,5,10.1,10.13,10.09,10.1,650100,6572544.0
2025-09-08 13:25:00,2025-09-08,20250908132500000,000070,5,10.1,10.11,10.06,10.07,526500,5311296.0
2025-09-08 13:30:00,2025-09-08,20250908133000000,000070,5,10.07,10.08,10.06,10.07,342900,3453088.0
2025-09-08 13:35:00,2025-09-08,20250908133500000,000070,5,10.07,10.1,10.07,10.08,458000,4617248.0
2025-09-08 13:40:00,2025-09-08,20250908134000000,000070,5,10.09,10.13,10.09,10.12,844500,8533088.0
2025-09-08 13:45:00,2025-09-08,20250908134500000,000070,5,10.12,10.13,10.09,10.09,335500,3391488.0
2025-09-08 13:50:00,2025-09-08,20250908135000000,000070,5,10.1,10.11,10.08,10.1,245600,2480704.0
2025-09-08 13:55:00,2025-09-08,20250908135500000,000070,5,10.1,10.11,10.08,10.09,465500,4699136.0
2025-09-08 14:00:00,2025-09-08,20250908140000000,000070,5,10.09,10.13,10.09,10.12,368300,3725088.0
2025-09-08 14:05:00,2025-09-08,20250908140500000,000070,5,10.12,10.13,10.09,10.1,327900,3312960.0
2025-09-08 14:10:00,2025-09-08,20250908141000000,000070,5,10.1,10.11,10.09,10.09,297600,3004320.0
2025-09-08 14:15:00,2025-09-08,20250908141500000,000070,5,10.1,10.11,10.08,10.09,739800,7467424.0
2025-09-08 14:20:00,2025-09-08,20250908142000000,000070,5,10.09,10.12,10.09,10.12,1023100,10333632.0
2025-09-08 14:25:00,2025-09-08,20250908142500000,000070,5,10.12,10.14,10.11,10.13,1002000,10142400.0
2025-09-08 14:30:00,2025-09-08,20250908143000000,000070,5,10.13,10.14,10.11,10.12,970800,9831328.0
2025-09-08 14:35:00,2025-09-08,20250908143500000,000070,5,10.12,10.21,10.11,10.19,1559000,15858720.0
2025-09-08 14:40:00,2025-09-08,20250908144000000,000070,5,10.19,10.19,10.16,10.19,792500,8065090.0
2025-09-08 14:45:00,2025-09-08,20250908144500000,000070,5,10.17,10.18,10.16,10.17,717200,7295034.0
2025-09-08 14:50:00,2025-09-08,20250908145000000,000070,5,10.17,10.17,10.14,10.16,1143900,11620476.0
2025-09-08 14:55:00,2025-09-08,20250908145500000,000070,5,10.16,10.18,10.16,10.17,930000,9455502.0
2025-09-08 15:00:00,2025-09-08,20250908150000000,000070,5,10.17,10.18,10.16,10.18,1509700,15360570.0
2025-09-09 09:35:00,2025-09-09,20250909093500000,000070,5,10.1,10.14,9.96,10.05,3451500,34644240.0
2025-09-09 09:40:00,2025-09-09,20250909094000000,000070,5,10.04,10.05,9.98,10.0,2656000,26563888.0
2025-09-09 09:45:00,2025-09-09,20250909094500000,000070,5,10.0,10.16,9.99,10.1,2058800,20769544.0
2025-09-09 09:50:00,2025-09-09,20250909095000000,000070,5,10.13,10.18,10.11,10.13,1422500,14424672.0
2025-09-09 09:55:00,2025-09-09,20250909095500000,000070,5,10.14,10.2,10.12,10.2,1699400,17263272.0
2025-09-09 10:00:00,2025-09-09,20250909100000000,000070,5,10.2,10.25,10.16,10.18,2005100,20466552.0
2025-09-09 10:05:00,2025-09-09,20250909100500000,000070,5,10.18,10.18,10.14,10.14,846000,8595560.0
2025-09-09 10:10:00,2025-09-09,20250909101000000,000070,5,10.14,10.16,10.11,10.16,728400,7385376.0
2025-09-09 10:15:00,2025-09-09,20250909101500000,000070,5,10.15,10.24,10.14,10.24,780300,7947376.0
2025-09-09 10:20:00,2025-09-09,20250909102000000,000070,5,10.24,10.4,10.22,10.3,5893900,60825168.0
2025-09-09 10:25:00,2025-09-09,20250909102500000,000070,5,10.3,10.35,10.27,10.3,2133400,21991856.0
2025-09-09 10:30:00,2025-09-09,20250909103000000,000070,5,10.31,10.31,10.26,10.27,1289900,13266112.0
2025-09-09 10:35:00,2025-09-09,20250909103500000,000070,5,10.27,10.27,10.23,10.25,943500,9668768.0
2025-09-09 10:40:00,2025-09-09,20250909104000000,000070,5,10.25,10.25,10.23,10.24,769800,7885632.0
2025-09-09 10:45:00,2025-09-09,20250909104500000,000070,5,10.25,10.25,10.21,10.23,653500,6685472.0
2025-09-09 10:50:00,2025-09-09,20250909105000000,000070,5,10.24,10.36,10.23,10.35,2329900,24045568.0
2025-09-09 10:55:00,2025-09-09,20250909105500000,000070,5,10.35,10.4,10.3,10.39,2805300,29036768.0
2025-09-09 11:00:00,2025-09-09,20250909110000000,000070,5,10.39,10.4,10.34,10.36,2600400,26973248.0
2025-09-09 11:05:00,2025-09-09,20250909110500000,000070,5,10.36,10.36,10.28,10.29,1158300,11943072.0
2025-09-09 11:10:00,2025-09-09,20250909111000000,000070,5,10.3,10.36,10.3,10.31,849900,8776320.0
2025-09-09 11:15:00,2025-09-09,20250909111500000,000070,5,10.32,10.32,10.27,10.28,840000,8644896.0
2025-09-09 11:20:00,2025-09-09,20250909112000000,000070,5,10.28,10.31,10.27,10.27,630200,6482976.0
2025-09-09 11:25:00,2025-09-09,20250909112500000,000070,5,10.28,10.33,10.28,10.29,688900,7102080.0
2025-09-09 11:30:00,2025-09-09,20250909113000000,000070,5,10.29,10.3,10.26,10.3,565700,5814080.0
2025-09-09 13:05:00,2025-09-09,20250909130500000,000070,5,10.31,10.31,10.23,10.24,1318500,13532032.0
2025-09-09 13:10:00,2025-09-09,20250909131000000,000070,5,10.24,10.27,10.19,10.19,1069300,10929280.0
2025-09-09 13:15:00,2025-09-09,20250909131500000,000070,5,10.18,10.2,10.16,10.17,918700,9353312.0
2025-09-09 13:20:00,2025-09-09,20250909132000000,000070,5,10.16,10.17,10.12,10.16,928500,9420928.0
2025-09-09 13:25:00,2025-09-09,20250909132500000,000070,5,10.16,10.19,10.14,10.16,988900,10056448.0
2025-09-09 13:30:00,2025-09-09,20250909133000000,000070,5,10.16,10.21,10.14,10.21,897200,9126944.0
2025-09-09 13:35:00,2025-09-09,20250909133500000,000070,5,10.21,10.21,10.15,10.17,721700,7345408.0
2025-09-09 13:40:00,2025-09-09,20250909134000000,000070,5,10.18,10.18,10.14,10.16,590200,5995744.0
2025-09-09 13:45:00,2025-09-09,20250909134500000,000070,5,10.16,10.17,10.14,10.14,866400,8795904.0
2025-09-09 13:50:00,2025-09-09,20250909135000000,000070,5,10.14,10.14,10.1,10.12,816200,8258016.0
2025-09-09 13:55:00,2025-09-09,20250909135500000,000070,5,10.12,10.14,10.11,10.13,601500,6090592.0
2025-09-09 14:00:00,2025-09-09,20250909140000000,000070,5,10.13,10.13,10.05,10.07,1751900,17684864.0
2025-09-09 14:05:00,2025-09-09,20250909140500000,000070,5,10.07,10.1,10.05,10.1,632600,6368928.0
2025-09-09 14:10:00,2025-09-09,20250909141000000,000070,5,10.1,10.11,10.07,10.09,486000,4903840.0
2025-09-09 14:15:00,2025-09-09,20250909141500000,000070,5,10.09,10.11,10.08,10.1,349300,3528096.0
2025-09-09 14:20:00,2025-09-09,20250909142000000,000070,5,10.1,10.12,10.06,10.06,1102200,11114683.0
2025-09-09 14:25:00,2025-09-09,20250909142500000,000070,5,10.05,10.07,10.05,10.07,949600,9552704.0
2025-09-09 14:30:00,2025-09-09,20250909143000000,000070,5,10.07,10.07,10.02,10.03,1259200,12648908.0
2025-09-09 14:35:00,2025-09-09,20250909143500000,000070,5,10.03,10.07,10.03,10.05,894500,8984635.0
2025-09-09 14:40:00,2025-09-09,20250909144000000,000070,5,10.04,10.1,10.04,10.08,506300,5099198.0
2025-09-09 14:45:00,2025-09-09,20250909144500000,000070,5,10.09,10.12,10.08,10.09,954900,9645885.0
2025-09-09 14:50:00,2025-09-09,20250909145000000,000070,5,10.08,10.09,10.05,10.06,731800,7369673.0
2025-09-09 14:55:00,2025-09-09,20250909145500000,000070,5,10.06,10.07,10.06,10.06,1125000,11321726.0
2025-09-09 15:00:00,2025-09-09,20250909150000000,000070,5,10.06,10.08,10.05,10.08,1371900,13811068.0
2025-09-10 09:35:00,2025-09-10,20250910093500000,000070,5,10.07,10.3,10.07,10.23,5544000,56791496.0
2025-09-10 09:40:00,2025-09-10,20250910094000000,000070,5,10.24,10.31,10.2,10.28,3361700,34462736.0
2025-09-10 09:45:00,2025-09-10,20250910094500000,000070,5,10.28,10.29,10.24,10.25,1684800,17305928.0
2025-09-10 09:50:00,2025-09-10,20250910095000000,000070,5,10.24,10.25,10.23,10.25,1073000,10986464.0
2025-09-10 09:55:00,2025-09-10,20250910095500000,000070,5,10.26,10.27,10.21,10.25,1390300,14234744.0
2025-09-10 10:00:00,2025-09-10,20250910100000000,000070,5,10.24,10.31,10.24,10.28,2409400,24788600.0
2025-09-10 10:05:00,2025-09-10,20250910100500000,000070,5,10.27,10.3,10.23,10.28,1763800,18119120.0
2025-09-10 10:10:00,2025-09-10,20250910101000000,000070,5,10.28,10.36,10.25,10.27,4291300,44226864.0
2025-09-10 10:15:00,2025-09-10,20250910101500000,000070,5,10.25,10.3,10.22,10.3,1353200,13864368.0
2025-09-10 10:20:00,2025-09-10,20250910102000000,000070,5,10.3,10.35,10.26,10.27,1654800,17047648.0
2025-09-10 10:25:00,2025-09-10,20250910102500000,000070,5,10.26,10.27,10.22,10.22,903500,9264864.0
2025-09-10 10:30:00,2025-09-10,20250910103000000,000070,5,10.22,10.28,10.22,10.24,910000,9331040.0
2025-09-10 10:35:00,2025-09-10,20250910103500000,000070,5,10.25,10.26,10.23,10.24,604600,6192704.0
2025-09-10 10:40:00,2025-09-10,20250910104000000,000070,5,10.24,10.25,10.17,10.17,1205800,12320064.0
2025-09-10 10:45:00,2025-09-10,20250910104500000,000070,5,10.17,10.21,10.12,10.14,1100600,11185344.0
2025-09-10 10:50:00,2025-09-10,20250910105000000,000070,5,10.14,10.21,10.14,10.2,767700,7806880.0
2025-09-10 10:55:00,2025-09-10,20250910105500000,000070,5,10.19,10.24,10.18,10.24,567800,5791136.0
2025-09-10 11:00:00,2025-09-10,20250910110000000,000070,5,10.23,10.23,10.19,10.23,378700,3869952.0
2025-09-10 11:05:00,2025-09-10,20250910110500000,000070,5,10.22,10.22,10.19,10.21,498000,5079968.0
2025-09-10 11:10:00,2025-09-10,20250910111000000,000070,5,10.21,10.24,10.19,10.24,312500,3195360.0
2025-09-10 11:15:00,2025-09-10,20250910111500000,000070,5,10.23,10.25,10.22,10.25,432000,4424928.0
2025-09-10 11:20:00,2025-09-10,20250910112000000,000070,5,10.25,10.25,10.21,10.23,227300,2324768.0
2025-09-10 11:25:00,2025-09-10,20250910112500000,000070,5,10.24,10.25,10.22,10.25,199200,2039328.0
2025-09-10 11:30:00,2025-09-10,20250910113000000,000070,5,10.25,10.25,10.22,10.24,304600,3117952.0
2025-09-10 13:05:00,2025-09-10,20250910130500000,000070,5,10.25,10.27,10.23,10.23,596000,6109408.0
2025-09-10 13:10:00,2025-09-10,20250910131000000,000070,5,10.22,10.24,10.21,10.22,482400,4933408.0
2025-09-10 13:15:00,2025-09-10,20250910131500000,000070,5,10.24,10.25,10.21,10.22,352500,3605344.0
2025-09-10 13:20:00,2025-09-10,20250910132000000,000070,5,10.21,10.28,10.2,10.22,581600,5954272.0
2025-09-10 13:25:00,2025-09-10,20250910132500000,000070,5,10.22,10.24,10.21,10.21,399700,4085760.0
2025-09-10 13:30:00,2025-09-10,20250910133000000,000070,5,10.21,10.23,10.19,10.2,499100,5093888.0
2025-09-10 13:35:00,2025-09-10,20250910133500000,000070,5,10.2,10.2,10.18,10.19,358400,3652800.0
2025-09-10 13:40:00,2025-09-10,20250910134000000,000070,5,10.19,10.2,10.17,10.19,452600,4610144.0
2025-09-10 13:45:00,2025-09-10,20250910134500000,000070,5,10.19,10.21,10.17,10.18,445700,4541056.0
2025-09-10 13:50:00,2025-09-10,20250910135000000,000070,5,10.17,10.18,10.15,10.16,826000,8393280.0
2025-09-10 13:55:00,2025-09-10,20250910135500000,000070,5,10.16,10.18,10.16,10.17,264100,2685856.0
2025-09-10 14:00:00,2025-09-10,20250910140000000,000070,5,10.17,10.17,10.13,10.16,745700,7567296.0
2025-09-10 14:05:00,2025-09-10,20250910140500000,000070,5,10.16,10.19,10.15,10.19,397700,4046144.0
2025-09-10 14:10:00,2025-09-10,20250910141000000,000070,5,10.19,10.21,10.17,10.17,554500,5651040.0
2025-09-10 14:15:00,2025-09-10,20250910141500000,000070,5,10.16,10.17,10.15,10.17,412800,4192992.0
2025-09-10 14:20:00,2025-09-10,20250910142000000,000070,5,10.16,10.17,10.14,10.14,806200,8186560.0
2025-09-10 14:25:00,2025-09-10,20250910142500000,000070,5,10.15,10.18,10.14,10.17,443500,4508064.0
2025-09-10 14:30:00,2025-09-10,20250910143000000,000070,5,10.18,10.18,10.16,10.16,418800,4260064.0
2025-09-10 14:35:00,2025-09-10,20250910143500000,000070,5,10.17,10.17,10.13,10.13,1072800,10884320.0
2025-09-10 14:40:00,2025-09-10,20250910144000000,000070,5,10.14,10.15,10.13,10.13,759800,7700768.0
2025-09-10 14:45:00,2025-09-10,20250910144500000,000070,5,10.14,10.14,10.12,10.13,805800,8160384.0
2025-09-10 14:50:00,2025-09-10,20250910145000000,000070,5,10.13,10.16,10.13,10.14,900600,9135264.0
2025-09-10 14:55:00,2025-09-10,20250910145500000,000070,5,10.14,10.14,10.12,10.13,1484600,15036640.0
2025-09-10 15:00:00,2025-09-10,20250910150000000,000070,5,10.13,10.14,10.13,10.13,1396900,14153696.0
2025-09-11 09:35:00,2025-09-11,20250911093500000,000070,5,10.16,10.18,10.06,10.14,3569500,36123812.0
2025-09-11 09:40:00,2025-09-11,20250911094000000,000070,5,10.14,10.18,10.06,10.17,1588900,16068988.0
2025-09-11 09:45:00,2025-09-11,20250911094500000,000070,5,10.17,10.22,10.13,10.18,2285000,23280976.0
2025-09-11 09:50:00,2025-09-11,20250911095000000,000070,5,10.18,10.29,10.14,10.24,1991400,20324224.0
2025-09-11 09:55:00,2025-09-11,20250911095500000,000070,5,10.25,10.25,10.18,10.2,1071500,10936072.0
2025-09-11 10:00:00,2025-09-11,20250911100000000,000070,5,10.2,10.29,10.18,10.28,2023000,20750568.0
2025-09-11 10:05:00,2025-09-11,20250911100500000,000070,5,10.27,10.28,10.23,10.24,1091700,11189216.0
2025-09-11 10:10:00,2025-09-11,20250911101000000,000070,5,10.24,10.27,10.24,10.26,1196300,12265184.0
2025-09-11 10:15:00,2025-09-11,20250911101500000,000070,5,10.28,10.33,10.27,10.32,2886200,29718704.0
2025-09-11 10:20:00,2025-09-11,20250911102000000,000070,5,10.31,10.32,10.27,10.27,834300,8586464.0
2025-09-11 10:25:00,2025-09-11,20250911102500000,000070,5,10.27,10.38,10.27,10.33,3417700,35320560.0
2025-09-11 10:30:00,2025-09-11,20250911103000000,000070,5,10.34,10.47,10.34,10.47,3713400,38628720.0
2025-09-11 10:35:00,2025-09-11,20250911103500000,000070,5,10.47,10.47,10.39,10.45,3323400,34681744.0
2025-09-11 10:40:00,2025-09-11,20250911104000000,000070,5,10.45,10.48,10.41,10.41,2295900,24000544.0
2025-09-11 10:45:00,2025-09-11,20250911104500000,000070,5,10.41,10.44,10.38,10.4,1697700,17660384.0
2025-09-11 10:50:00,2025-09-11,20250911105000000,000070,5,10.41,10.42,10.4,10.42,730600,7607424.0
2025-09-11 10:55:00,2025-09-11,20250911105500000,000070,5,10.42,10.45,10.41,10.45,1106700,11552704.0
2025-09-11 11:00:00,2025-09-11,20250911110000000,000070,5,10.45,10.46,10.43,10.43,1210800,12654848.0
2025-09-11 11:05:00,2025-09-11,20250911110500000,000070,5,10.42,10.45,10.41,10.41,634100,6611936.0
2025-09-11 11:10:00,2025-09-11,20250911111000000,000070,5,10.42,10.43,10.39,10.41,1251900,13029984.0
2025-09-11 11:15:00,2025-09-11,20250911111500000,000070,5,10.41,10.43,10.41,10.43,573800,5978144.0
2025-09-11 11:20:00,2025-09-11,20250911112000000,000070,5,10.43,10.44,10.41,10.44,884100,9218432.0
2025-09-11 11:25:00,2025-09-11,20250911112500000,000070,5,10.44,10.46,10.43,10.45,883900,9240960.0
2025-09-11 11:30:00,2025-09-11,20250911113000000,000070,5,10.46,10.47,10.45,10.47,991100,10368128.0
2025-09-11 13:05:00,2025-09-11,20250911130500000,000070,5,10.47,10.58,10.47,10.57,4151800,43714016.0
2025-09-11 13:10:00,2025-09-11,20250911131000000,000070,5,10.54,10.58,10.52,10.52,1805200,19051744.0
2025-09-11 13:15:00,2025-09-11,20250911131500000,000070,5,10.54,10.59,10.52,10.52,2720300,28705920.0
2025-09-11 13:20:00,2025-09-11,20250911132000000,000070,5,10.51,10.57,10.51,10.51,1284200,13527232.0
2025-09-11 13:25:00,2025-09-11,20250911132500000,000070,5,10.51,10.53,10.5,10.52,841000,8837369.0
2025-09-11 13:30:00,2025-09-11,20250911133000000,000070,5,10.53,10.55,10.53,10.55,784600,8267847.0
2025-09-11 13:35:00,2025-09-11,20250911133500000,000070,5,10.54,10.57,10.52,10.52,1186200,12511424.0
2025-09-11 13:40:00,2025-09-11,20250911134000000,000070,5,10.51,10.52,10.47,10.48,1070100,11229504.0
2025-09-11 13:45:00,2025-09-11,20250911134500000,000070,5,10.47,10.5,10.43,10.44,1215500,12718660.0
2025-09-11 13:50:00,2025-09-11,20250911135000000,000070,5,10.44,10.47,10.43,10.46,753900,7876471.0
2025-09-11 13:55:00,2025-09-11,20250911135500000,000070,5,10.45,10.47,10.44,10.44,686900,7178877.0
2025-09-11 14:00:00,2025-09-11,20250911140000000,000070,5,10.45,10.47,10.41,10.47,1115800,11643854.0
2025-09-11 14:05:00,2025-09-11,20250911140500000,000070,5,10.47,10.48,10.46,10.47,415200,4347957.0
2025-09-11 14:10:00,2025-09-11,20250911141000000,000070,5,10.45,10.46,10.43,10.43,979300,10225670.0
2025-09-11 14:15:00,2025-09-11,20250911141500000,000070,5,10.43,10.46,10.43,10.43,750700,7837890.0
2025-09-11 14:20:00,2025-09-11,20250911142000000,000070,5,10.44,10.44,10.42,10.44,811400,8461380.0
2025-09-11 14:25:00,2025-09-11,20250911142500000,000070,5,10.43,10.47,10.43,10.47,1024800,10717617.0
2025-09-11 14:30:00,2025-09-11,20250911143000000,000070,5,10.46,10.48,10.45,10.45,898800,9409027.0
2025-09-11 14:35:00,2025-09-11,20250911143500000,000070,5,10.45,10.48,10.45,10.48,600300,6280321.0
2025-09-11 14:40:00,2025-09-11,20250911144000000,000070,5,10.47,10.47,10.44,10.46,1286600,13450693.0
2025-09-11 14:45:00,2025-09-11,20250911144500000,000070,5,10.46,10.46,10.45,10.45,828300,8659645.0
2025-09-11 14:50:00,2025-09-11,20250911145000000,000070,5,10.46,10.47,10.45,10.46,1605300,16789248.0
2025-09-11 14:55:00,2025-09-11,20250911145500000,000070,5,10.47,10.47,10.45,10.47,2318400,24260096.0
2025-09-11 15:00:00,2025-09-11,20250911150000000,000070,5,10.47,10.48,10.46,10.48,2247800,23544383.0
2025-09-12 09:35:00,2025-09-12,20250912093500000,000070,5,10.68,11.12,10.68,11.1,20075700,219305296.0
2025-09-12 09:40:00,2025-09-12,20250912094000000,000070,5,11.14,11.53,11.14,11.53,29747200,340525488.0
2025-09-12 09:45:00,2025-09-12,20250912094500000,000070,5,11.53,11.53,11.53,11.53,3471400,40025920.0
2025-09-12 09:50:00,2025-09-12,20250912095000000,000070,5,11.53,11.53,11.53,11.53,1606000,18517184.0
2025-09-12 09:55:00,2025-09-12,20250912095500000,000070,5,11.53,11.53,11.53,11.53,1432300,16513472.0
2025-09-12 10:00:00,2025-09-12,20250912100000000,000070,5,11.53,11.53,11.53,11.53,629700,7260480.0
2025-09-12 10:05:00,2025-09-12,20250912100500000,000070,5,11.53,11.53,11.53,11.53,341500,3937920.0
2025-09-12 10:10:00,2025-09-12,20250912101000000,000070,5,11.53,11.53,11.53,11.53,564100,6504064.0
2025-09-12 10:15:00,2025-09-12,20250912101500000,000070,5,11.53,11.53,11.53,11.53,235500,2715328.0
2025-09-12 10:20:00,2025-09-12,20250912102000000,000070,5,11.53,11.53,11.53,11.53,222400,2564288.0
2025-09-12 10:25:00,2025-09-12,20250912102500000,000070,5,11.53,11.53,11.53,11.53,272800,3145344.0
2025-09-12 10:30:00,2025-09-12,20250912103000000,000070,5,11.53,11.53,11.53,11.53,181200,2089280.0
2025-09-12 10:35:00,2025-09-12,20250912103500000,000070,5,11.53,11.53,11.53,11.53,135500,1562304.0
2025-09-12 10:40:00,2025-09-12,20250912104000000,000070,5,11.53,11.53,11.53,11.53,205400,2368256.0
2025-09-12 10:45:00,2025-09-12,20250912104500000,000070,5,11.53,11.53,11.53,11.53,177000,2040832.0
2025-09-12 10:50:00,2025-09-12,20250912105000000,000070,5,11.53,11.53,11.53,11.53,225300,2597696.0
2025-09-12 10:55:00,2025-09-12,20250912105500000,000070,5,11.53,11.53,11.53,11.53,244500,2819712.0
2025-09-12 11:00:00,2025-09-12,20250912110000000,000070,5,11.53,11.53,11.53,11.53,389200,4487488.0
2025-09-12 11:05:00,2025-09-12,20250912110500000,000070,5,11.53,11.53,11.53,11.53,407000,4692736.0
2025-09-12 11:10:00,2025-09-12,20250912111000000,000070,5,11.53,11.53,11.53,11.53,316400,3647616.0
2025-09-12 11:15:00,2025-09-12,20250912111500000,000070,5,11.53,11.53,11.53,11.53,153600,1771008.0
2025-09-12 11:20:00,2025-09-12,20250912112000000,000070,5,11.53,11.53,11.53,11.53,75200,867072.0
2025-09-12 11:25:00,2025-09-12,20250912112500000,000070,5,11.53,11.53,11.53,11.53,35500,409280.0
2025-09-12 11:30:00,2025-09-12,20250912113000000,000070,5,11.53,11.53,11.53,11.53,80600,929344.0
2025-09-12 13:05:00,2025-09-12,20250912130500000,000070,5,11.53,11.53,11.53,11.53,346900,3999744.0
2025-09-12 13:10:00,2025-09-12,20250912131000000,000070,5,11.53,11.53,11.53,11.53,75900,875136.0
2025-09-12 13:15:00,2025-09-12,20250912131500000,000070,5,11.53,11.53,11.53,11.53,73200,843968.0
2025-09-12 13:20:00,2025-09-12,20250912132000000,000070,5,11.53,11.53,11.53,11.53,67900,782912.0
2025-09-12 13:25:00,2025-09-12,20250912132500000,000070,5,11.53,11.53,11.53,11.53,75500,870528.0
2025-09-12 13:30:00,2025-09-12,20250912133000000,000070,5,11.53,11.53,11.53,11.53,92200,1063040.0
2025-09-12 13:35:00,2025-09-12,20250912133500000,000070,5,11.53,11.53,11.53,11.53,243400,2806400.0
2025-09-12 13:40:00,2025-09-12,20250912134000000,000070,5,11.53,11.53,11.53,11.53,120000,1383616.0
2025-09-12 13:45:00,2025-09-12,20250912134500000,000070,5,11.53,11.53,11.53,11.53,50400,581056.0
2025-09-12 13:50:00,2025-09-12,20250912135000000,000070,5,11.53,11.53,11.53,11.53,87900,1013504.0
2025-09-12 13:55:00,2025-09-12,20250912135500000,000070,5,11.53,11.53,11.53,11.53,47400,546560.0
2025-09-12 14:00:00,2025-09-12,20250912140000000,000070,5,11.53,11.53,11.53,11.53,93600,1079168.0
2025-09-12 14:05:00,2025-09-12,20250912140500000,000070,5,11.53,11.53,11.53,11.53,155500,1792960.0
2025-09-12 14:10:00,2025-09-12,20250912141000000,000070,5,11.53,11.53,11.53,11.53,62700,722880.0
2025-09-12 14:15:00,2025-09-12,20250912141500000,000070,5,11.53,11.53,11.53,11.53,104900,1209536.0
2025-09-12 14:20:00,2025-09-12,20250912142000000,000070,5,11.53,11.53,11.53,11.53,841500,9702464.0
2025-09-12 14:25:00,2025-09-12,20250912142500000,000070,5,11.53,11.53,11.53,11.53,112300,1294848.0
2025-09-12 14:30:00,2025-09-12,20250912143000000,000070,5,11.53,11.53,11.53,11.53,82600,952384.0
2025-09-12 14:35:00,2025-09-12,20250912143500000,000070,5,11.53,11.53,11.53,11.53,84700,976576.0
2025-09-12 14:40:00,2025-09-12,20250912144000000,000070,5,11.53,11.53,11.53,11.53,187400,2160704.0
2025-09-12 14:45:00,2025-09-12,20250912144500000,000070,5,11.53,11.53,11.53,11.53,319200,3680384.0
2025-09-12 14:50:00,2025-09-12,20250912145000000,000070,5,11.53,11.53,11.53,11.53,218000,2513536.0
2025-09-12 14:55:00,2025-09-12,20250912145500000,000070,5,11.53,11.53,11.53,11.53,209400,2414400.0
2025-09-12 15:00:00,2025-09-12,20250912150000000,000070,5,11.53,11.53,11.53,11.53,321800,3710336.0
2025-09-15 09:35:00,2025-09-15,20250915093500000,000070,5,11.3,11.58,11.14,11.44,18995800,215710960.0
2025-09-15 09:40:00,2025-09-15,20250915094000000,000070,5,11.45,11.46,11.31,11.32,7078000,80546288.0
2025-09-15 09:45:00,2025-09-15,20250915094500000,000070,5,11.32,11.32,11.03,11.03,9787100,108977248.0
2025-09-15 09:50:00,2025-09-15,20250915095000000,000070,5,11.04,11.2,11.0,11.08,7268000,80406560.0
2025-09-15 09:55:00,2025-09-15,20250915095500000,000070,5,11.08,11.11,11.01,11.06,4124300,45594432.0
2025-09-15 10:00:00,2025-09-15,20250915100000000,000070,5,11.07,11.08,11.03,11.06,2519300,27831840.0
2025-09-15 10:05:00,2025-09-15,20250915100500000,000070,5,11.06,11.07,11.0,11.07,3511700,38729664.0
2025-09-15 10:10:00,2025-09-15,20250915101000000,000070,5,11.07,11.13,11.06,11.08,2309900,25622918.0
2025-09-15 10:15:00,2025-09-15,20250915101500000,000070,5,11.07,11.08,10.97,10.98,4641900,51127674.0
2025-09-15 10:20:00,2025-09-15,20250915102000000,000070,5,10.97,11.0,10.93,10.97,3394900,37224128.0
2025-09-15 10:25:00,2025-09-15,20250915102500000,000070,5,10.97,11.0,10.93,10.96,2373400,25999936.0
2025-09-15 10:30:00,2025-09-15,20250915103000000,000070,5,10.96,11.02,10.96,11.0,1163100,12781504.0
2025-09-15 10:35:00,2025-09-15,20250915103500000,000070,5,11.0,11.05,10.99,11.01,1465200,16135232.0
2025-09-15 10:40:00,2025-09-15,20250915104000000,000070,5,11.02,11.07,11.02,11.05,906200,10008383.0
2025-09-15 10:45:00,2025-09-15,20250915104500000,000070,5,11.04,11.06,11.0,11.0,1384500,15260993.0
2025-09-15 10:50:00,2025-09-15,20250915105000000,000070,5,11.01,11.06,10.99,11.06,971900,10697024.0
2025-09-15 10:55:00,2025-09-15,20250915105500000,000070,5,11.06,11.06,11.02,11.02,872000,9625664.0
2025-09-15 11:00:00,2025-09-15,20250915110000000,000070,5,11.05,11.05,11.01,11.01,869300,9584448.0
2025-09-15 11:05:00,2025-09-15,20250915110500000,000070,5,11.01,11.02,10.99,11.0,814300,8960576.0
2025-09-15 11:10:00,2025-09-15,20250915111000000,000070,5,11.0,11.04,10.98,11.03,939400,10331008.0
2025-09-15 11:15:00,2025-09-15,20250915111500000,000070,5,11.03,11.04,10.99,11.01,707900,7793024.0
2025-09-15 11:20:00,2025-09-15,20250915112000000,000070,5,11.01,11.02,11.0,11.0,451000,4962624.0
2025-09-15 11:25:00,2025-09-15,20250915112500000,000070,5,11.01,11.04,11.0,11.03,571200,6292608.0
2025-09-15 11:30:00,2025-09-15,20250915113000000,000070,5,11.03,11.05,11.01,11.05,551400,6082300.0
2025-09-15 13:05:00,2025-09-15,20250915130500000,000070,5,11.06,11.13,11.03,11.11,2239300,24840836.0
2025-09-15 13:10:00,2025-09-15,20250915131000000,000070,5,11.12,11.21,11.12,11.2,1998000,22312766.0
2025-09-15 13:15:00,2025-09-15,20250915131500000,000070,5,11.2,11.25,11.16,11.23,2095000,23488703.0
2025-09-15 13:20:00,2025-09-15,20250915132000000,000070,5,11.22,11.28,11.18,11.25,2697600,30346815.0
2025-09-15 13:25:00,2025-09-15,20250915132500000,000070,5,11.26,11.35,11.23,11.35,2459000,27795460.0
2025-09-15 13:30:00,2025-09-15,20250915133000000,000070,5,11.35,11.43,11.3,11.33,2885500,32790336.0
2025-09-15 13:35:00,2025-09-15,20250915133500000,000070,5,11.32,11.32,11.25,11.31,1441800,16270784.0
2025-09-15 13:40:00,2025-09-15,20250915134000000,000070,5,11.31,11.32,11.27,11.27,909700,10278720.0
2025-09-15 13:45:00,2025-09-15,20250915134500000,000070,5,11.28,11.28,11.21,11.22,1197300,13475712.0
2025-09-15 13:50:00,2025-09-15,20250915135000000,000070,5,11.21,11.7,11.21,11.56,6703300,77259584.0
2025-09-15 13:55:00,2025-09-15,20250915135500000,000070,5,11.58,11.64,11.44,11.44,4927000,56996736.0
2025-09-15 14:00:00,2025-09-15,20250915140000000,000070,5,11.42,11.48,11.38,11.42,1561500,17859200.0
2025-09-15 14:05:00,2025-09-15,20250915140500000,000070,5,11.4,11.43,11.34,11.34,1451400,16530048.0
2025-09-15 14:10:00,2025-09-15,20250915141000000,000070,5,11.35,11.41,11.34,11.39,1008400,11464960.0
2025-09-15 14:15:00,2025-09-15,20250915141500000,000070,5,11.39,11.39,11.32,11.34,902400,10240512.0
2025-09-15 14:20:00,2025-09-15,20250915142000000,000070,5,11.35,11.41,11.35,11.39,718500,8183168.0
2025-09-15 14:25:00,2025-09-15,20250915142500000,000070,5,11.39,11.39,11.34,11.35,748700,8506240.0
2025-09-15 14:30:00,2025-09-15,20250915143000000,000070,5,11.35,11.35,11.31,11.32,787600,8921856.0
2025-09-15 14:35:00,2025-09-15,20250915143500000,000070,5,11.32,11.41,11.31,11.41,1161300,13204992.0
2025-09-15 14:40:00,2025-09-15,20250915144000000,000070,5,11.41,11.43,11.38,11.39,1400900,15977984.0
2025-09-15 14:45:00,2025-09-15,20250915144500000,000070,5,11.38,11.44,11.37,11.44,1482500,16907136.0
2025-09-15 14:50:00,2025-09-15,20250915145000000,000070,5,11.43,11.45,11.41,11.45,1468000,16773888.0
2025-09-15 14:55:00,2025-09-15,20250915145500000,000070,5,11.45,11.47,11.43,11.47,2807600,32117632.0
2025-09-15 15:00:00,2025-09-15,20250915150000000,000070,5,11.46,11.49,11.46,11.48,3124800,35869440.0
2025-09-16 09:35:00,2025-09-16,20250916093500000,000070,5,11.29,11.3,11.15,11.3,6572900,73835336.0
2025-09-16 09:40:00,2025-09-16,20250916094000000,000070,5,11.31,11.35,11.24,11.33,3463600,39124576.0
2025-09-16 09:45:00,2025-09-16,20250916094500000,000070,5,11.34,11.37,11.27,11.33,3364200,38051832.0
2025-09-16 09:50:00,2025-09-16,20250916095000000,000070,5,11.31,11.42,11.31,11.39,2776800,31576608.0
2025-09-16 09:55:00,2025-09-16,20250916095500000,000070,5,11.39,11.43,11.32,11.33,2919900,33180640.0
2025-09-16 10:00:00,2025-09-16,20250916100000000,000070,5,11.33,11.49,11.33,11.4,2956100,33778736.0
2025-09-16 10:05:00,2025-09-16,20250916100500000,000070,5,11.41,11.47,11.38,11.45,2896500,33118416.0
2025-09-16 10:10:00,2025-09-16,20250916101000000,000070,5,11.45,11.45,11.36,11.37,1797000,20496544.0
2025-09-16 10:15:00,2025-09-16,20250916101500000,000070,5,11.36,11.37,11.26,11.26,2516900,28478560.0
2025-09-16 10:20:00,2025-09-16,20250916102000000,000070,5,11.26,11.3,11.25,11.26,1476900,16651328.0
2025-09-16 10:25:00,2025-09-16,20250916102500000,000070,5,11.26,11.27,11.21,11.24,2455700,27598976.0
2025-09-16 10:30:00,2025-09-16,20250916103000000,000070,5,11.24,11.25,11.18,11.24,1873800,21013184.0
2025-09-16 10:35:00,2025-09-16,20250916103500000,000070,5,11.24,11.25,11.18,11.21,1803100,20218080.0
2025-09-16 10:40:00,2025-09-16,20250916104000000,000070,5,11.21,11.21,11.1,11.13,4143200,46153792.0
2025-09-16 10:45:00,2025-09-16,20250916104500000,000070,5,11.13,11.19,11.13,11.14,1587200,17712928.0
2025-09-16 10:50:00,2025-09-16,20250916105000000,000070,5,11.15,11.21,11.14,11.18,1106300,12360192.0
2025-09-16 10:55:00,2025-09-16,20250916105500000,000070,5,11.18,11.19,11.12,11.12,1042200,11616896.0
2025-09-16 11:00:00,2025-09-16,20250916110000000,000070,5,11.12,11.14,11.1,11.14,1797800,19972320.0
2025-09-16 11:05:00,2025-09-16,20250916110500000,000070,5,11.14,11.17,11.11,11.15,758300,8446368.0
2025-09-16 11:10:00,2025-09-16,20250916111000000,000070,5,11.15,11.24,11.13,11.23,1039300,11615200.0
2025-09-16 11:15:00,2025-09-16,20250916111500000,000070,5,11.23,11.3,11.22,11.24,1126100,12681786.0
2025-09-16 11:20:00,2025-09-16,20250916112000000,000070,5,11.25,11.28,11.19,11.2,1759600,19731777.0
2025-09-16 11:25:00,2025-09-16,20250916112500000,000070,5,11.2,11.29,11.2,11.26,1321500,14867646.0
2025-09-16 11:30:00,2025-09-16,20250916113000000,000070,5,11.26,11.27,11.21,11.23,479200,5385031.0
2025-09-16 13:05:00,2025-09-16,20250916130500000,000070,5,11.23,11.24,11.18,11.2,976200,10939968.0
2025-09-16 13:10:00,2025-09-16,20250916131000000,000070,5,11.19,11.19,11.16,11.16,793100,8857732.0
2025-09-16 13:15:00,2025-09-16,20250916131500000,000070,5,11.16,11.21,11.16,11.17,1007600,11264382.0
2025-09-16 13:20:00,2025-09-16,20250916132000000,000070,5,11.17,11.19,11.14,11.14,1062700,11867134.0
2025-09-16 13:25:00,2025-09-16,20250916132500000,000070,5,11.15,11.16,11.12,11.16,1100700,12251387.0
2025-09-16 13:30:00,2025-09-16,20250916133000000,000070,5,11.17,11.17,11.11,11.12,1614300,17965700.0
2025-09-16 13:35:00,2025-09-16,20250916133500000,000070,5,11.11,11.15,11.1,11.15,1333600,14822017.0
2025-09-16 13:40:00,2025-09-16,20250916134000000,000070,5,11.16,11.23,11.13,11.22,1137600,12730810.0
2025-09-16 13:45:00,2025-09-16,20250916134500000,000070,5,11.22,11.24,11.2,11.21,927800,10408645.0
2025-09-16 13:50:00,2025-09-16,20250916135000000,000070,5,11.2,11.23,11.2,11.23,574200,6440444.0
2025-09-16 13:55:00,2025-09-16,20250916135500000,000070,5,11.22,11.27,11.22,11.23,973200,10946303.0
2025-09-16 14:00:00,2025-09-16,20250916140000000,000070,5,11.22,11.32,11.22,11.32,1216500,13727232.0
2025-09-16 14:05:00,2025-09-16,20250916140500000,000070,5,11.32,11.33,11.26,11.29,1176200,13278722.0
2025-09-16 14:10:00,2025-09-16,20250916141000000,000070,5,11.29,11.3,11.25,11.26,1012200,11403529.0
2025-09-16 14:15:00,2025-09-16,20250916141500000,000070,5,11.25,11.29,11.25,11.29,662500,7464189.0
2025-09-16 14:20:00,2025-09-16,20250916142000000,000070,5,11.29,11.3,11.28,11.29,751900,8491194.0
2025-09-16 14:25:00,2025-09-16,20250916142500000,000070,5,11.28,11.28,11.26,11.26,529800,5970748.0
2025-09-16 14:30:00,2025-09-16,20250916143000000,000070,5,11.26,11.27,11.25,11.27,645800,7272388.0
2025-09-16 14:35:00,2025-09-16,20250916143500000,000070,5,11.26,11.27,11.25,11.26,857500,9656642.0
2025-09-16 14:40:00,2025-09-16,20250916144000000,000070,5,11.26,11.27,11.25,11.26,1019800,11485699.0
2025-09-16 14:45:00,2025-09-16,20250916144500000,000070,5,11.26,11.29,11.26,11.28,1591600,17950081.0
2025-09-16 14:50:00,2025-09-16,20250916145000000,000070,5,11.28,11.29,11.27,11.28,2019000,22776130.0
2025-09-16 14:55:00,2025-09-16,20250916145500000,000070,5,11.28,11.29,11.27,11.28,2802100,31608572.0
2025-09-16 15:00:00,2025-09-16,20250916150000000,000070,5,11.29,11.31,11.28,11.3,2611800,29503612.0
2025-09-17 09:35:00,2025-09-17,20250917093500000,000070,5,11.25,11.25,10.99,11.05,6572600,72991072.0
2025-09-17 09:40:00,2025-09-17,20250917094000000,000070,5,11.05,11.16,11.04,11.1,2283500,25331136.0
2025-09-17 09:45:00,2025-09-17,20250917094500000,000070,5,11.11,11.16,11.08,11.14,2720600,30227448.0
2025-09-17 09:50:00,2025-09-17,20250917095000000,000070,5,11.14,11.14,11.07,11.09,1539800,17077432.0
2025-09-17 09:55:00,2025-09-17,20250917095500000,000070,5,11.09,11.15,11.09,11.12,1435800,15974592.0
2025-09-17 10:00:00,2025-09-17,20250917100000000,000070,5,11.13,11.17,11.11,11.17,1769400,19701440.0
2025-09-17 10:05:00,2025-09-17,20250917100500000,000070,5,11.17,11.21,11.15,11.18,1108800,12394400.0
2025-09-17 10:10:00,2025-09-17,20250917101000000,000070,5,11.19,11.21,11.15,11.16,1050200,11732240.0
2025-09-17 10:15:00,2025-09-17,20250917101500000,000070,5,11.15,11.15,11.11,11.11,1022400,11371008.0
2025-09-17 10:20:00,2025-09-17,20250917102000000,000070,5,11.12,11.15,11.11,11.12,1022700,11378592.0
2025-09-17 10:25:00,2025-09-17,20250917102500000,000070,5,11.12,11.12,11.02,11.03,2923200,32310832.0
2025-09-17 10:30:00,2025-09-17,20250917103000000,000070,5,11.02,11.05,11.01,11.02,1822700,20087696.0
2025-09-17 10:35:00,2025-09-17,20250917103500000,000070,5,11.02,11.03,11.0,11.02,2251100,24782016.0
2025-09-17 10:40:00,2025-09-17,20250917104000000,000070,5,11.01,11.05,11.0,11.04,861200,9487072.0
2025-09-17 10:45:00,2025-09-17,20250917104500000,000070,5,11.04,11.04,10.98,10.98,2614800,28772480.0
2025-09-17 10:50:00,2025-09-17,20250917105000000,000070,5,10.98,11.03,10.94,11.01,2052700,22508032.0
2025-09-17 10:55:00,2025-09-17,20250917105500000,000070,5,11.01,11.02,10.99,11.02,805400,8864128.0
2025-09-17 11:00:00,2025-09-17,20250917110000000,000070,5,11.02,11.02,10.99,11.01,893000,9824768.0
2025-09-17 11:05:00,2025-09-17,20250917110500000,000070,5,11.03,11.05,11.0,11.0,806000,8879840.0
2025-09-17 11:10:00,2025-09-17,20250917111000000,000070,5,11.02,11.06,10.99,11.0,857400,9445088.0
2025-09-17 11:15:00,2025-09-17,20250917111500000,000070,5,10.99,11.02,10.99,11.0,638700,7027520.0
2025-09-17 11:20:00,2025-09-17,20250917112000000,000070,5,11.0,11.04,10.99,11.03,714400,7858144.0
2025-09-17 11:25:00,2025-09-17,20250917112500000,000070,5,11.04,11.04,11.0,11.02,819500,9027840.0
2025-09-17 11:30:00,2025-09-17,20250917113000000,000070,5,11.02,11.05,11.02,11.03,681800,7520672.0
2025-09-17 13:05:00,2025-09-17,20250917130500000,000070,5,11.03,11.03,10.98,10.99,1202900,13235328.0
2025-09-17 13:10:00,2025-09-17,20250917131000000,000070,5,10.99,10.99,10.98,10.98,550500,6046976.0
2025-09-17 13:15:00,2025-09-17,20250917131500000,000070,5,10.98,11.13,10.96,11.13,1526200,16783872.0
2025-09-17 13:20:00,2025-09-17,20250917132000000,000070,5,11.11,11.13,11.08,11.11,1229400,13647424.0
2025-09-17 13:25:00,2025-09-17,20250917132500000,000070,5,11.1,11.12,11.1,11.1,840700,9340800.0
2025-09-17 13:30:00,2025-09-17,20250917133000000,000070,5,11.1,11.19,11.09,11.13,1792500,19995232.0
2025-09-17 13:35:00,2025-09-17,20250917133500000,000070,5,11.13,11.13,11.08,11.09,464300,5154816.0
2025-09-17 13:40:00,2025-09-17,20250917134000000,000070,5,11.09,11.11,11.09,11.09,480600,5334240.0
2025-09-17 13:45:00,2025-09-17,20250917134500000,000070,5,11.09,11.12,11.06,11.07,536200,5948672.0
2025-09-17 13:50:00,2025-09-17,20250917135000000,000070,5,11.07,11.1,11.07,11.09,347300,3849472.0
2025-09-17 13:55:00,2025-09-17,20250917135500000,000070,5,11.08,11.09,11.02,11.05,722200,7985216.0
2025-09-17 14:00:00,2025-09-17,20250917140000000,000070,5,11.06,11.07,11.04,11.06,396500,4381952.0
2025-09-17 14:05:00,2025-09-17,20250917140500000,000070,5,11.06,11.07,10.99,10.99,1084400,11952576.0
2025-09-17 14:10:00,2025-09-17,20250917141000000,000070,5,10.99,11.03,10.99,11.0,723300,7962496.0
2025-09-17 14:15:00,2025-09-17,20250917141500000,000070,5,11.0,11.02,10.99,11.0,657900,7244800.0
2025-09-17 14:20:00,2025-09-17,20250917142000000,000070,5,11.0,11.01,11.0,11.0,678000,7458880.0
2025-09-17 14:25:00,2025-09-17,20250917142500000,000070,5,11.0,11.01,10.96,10.97,1518000,16664256.0
2025-09-17 14:30:00,2025-09-17,20250917143000000,000070,5,10.97,10.98,10.96,10.97,1202900,13197432.0
2025-09-17 14:35:00,2025-09-17,20250917143500000,000070,5,10.97,10.98,10.96,10.98,882200,9675392.0
2025-09-17 14:40:00,2025-09-17,20250917144000000,000070,5,10.97,10.97,10.95,10.95,1439600,15776776.0
2025-09-17 14:45:00,2025-09-17,20250917144500000,000070,5,10.95,10.96,10.93,10.93,2186300,23923704.0
2025-09-17 14:50:00,2025-09-17,20250917145000000,000070,5,10.93,10.94,10.91,10.92,2215400,24188992.0
2025-09-17 14:55:00,2025-09-17,20250917145500000,000070,5,10.92,10.97,10.92,10.95,2311400,25304136.0
2025-09-17 15:00:00,2025-09-17,20250917150000000,000070,5,10.94,10.95,10.92,10.92,2291800,25047806.0
2025-09-18 09:35:00,2025-09-18,20250918093500000,000070,5,10.92,10.98,10.86,10.93,3318200,36223860.0
2025-09-18 09:40:00,2025-09-18,20250918094000000,000070,5,10.93,11.05,10.91,10.92,3401400,37351580.0
2025-09-18 09:45:00,2025-09-18,20250918094500000,000070,5,10.92,11.0,10.92,10.98,1615700,17727584.0
2025-09-18 09:50:00,2025-09-18,20250918095000000,000070,5,10.98,11.04,10.95,11.04,1904800,20930128.0
2025-09-18 09:55:00,2025-09-18,20250918095500000,000070,5,11.04,11.14,11.04,11.11,4852200,53835040.0
2025-09-18 10:00:00,2025-09-18,20250918100000000,000070,5,11.12,11.12,11.06,11.1,1919600,21293808.0
2025-09-18 10:05:00,2025-09-18,20250918100500000,000070,5,11.1,11.13,11.09,11.12,1968000,21877328.0
2025-09-18 10:10:00,2025-09-18,20250918101000000,000070,5,11.12,11.12,11.09,11.11,1067700,11860496.0
2025-09-18 10:15:00,2025-09-18,20250918101500000,000070,5,11.1,11.11,11.08,11.1,927000,10283472.0
2025-09-18 10:20:00,2025-09-18,20250918102000000,000070,5,11.1,11.25,11.09,11.23,4663100,52143200.0
2025-09-18 10:25:00,2025-09-18,20250918102500000,000070,5,11.24,11.4,11.24,11.3,6744500,76376736.0
2025-09-18 10:30:00,2025-09-18,20250918103000000,000070,5,11.3,11.37,11.26,11.26,3330900,37674080.0
2025-09-18 10:35:00,2025-09-18,20250918103500000,000070,5,11.26,11.27,11.21,11.21,1385200,15572192.0
2025-09-18 10:40:00,2025-09-18,20250918104000000,000070,5,11.22,11.27,11.21,11.23,1152700,12961280.0
2025-09-18 10:45:00,2025-09-18,20250918104500000,000070,5,11.24,11.26,11.23,11.26,841400,9462240.0
2025-09-18 10:50:00,2025-09-18,20250918105000000,000070,5,11.26,11.29,11.26,11.27,928800,10475424.0
2025-09-18 10:55:00,2025-09-18,20250918105500000,000070,5,11.27,11.27,11.22,11.22,903100,10153280.0
2025-09-18 11:00:00,2025-09-18,20250918110000000,000070,5,11.22,11.28,11.22,11.26,873800,9837120.0
2025-09-18 11:05:00,2025-09-18,20250918110500000,000070,5,11.26,11.27,11.22,11.22,529100,5950720.0
2025-09-18 11:10:00,2025-09-18,20250918111000000,000070,5,11.23,11.24,11.19,11.19,743500,8337024.0
2025-09-18 11:15:00,2025-09-18,20250918111500000,000070,5,11.19,11.19,11.12,11.16,1440700,16060800.0
2025-09-18 11:20:00,2025-09-18,20250918112000000,000070,5,11.15,11.19,11.15,11.18,545200,6090848.0
2025-09-18 11:25:00,2025-09-18,20250918112500000,000070,5,11.18,11.22,11.16,11.22,630700,7055904.0
2025-09-18 11:30:00,2025-09-18,20250918113000000,000070,5,11.22,11.22,11.2,11.2,414100,4640096.0
2025-09-18 13:05:00,2025-09-18,20250918130500000,000070,5,11.19,11.25,11.19,11.24,948000,10647552.0
2025-09-18 13:10:00,2025-09-18,20250918131000000,000070,5,11.24,11.24,11.22,11.24,585700,6579488.0
2025-09-18 13:15:00,2025-09-18,20250918131500000,000070,5,11.24,11.24,11.17,11.19,849900,9519616.0
2025-09-18 13:20:00,2025-09-18,20250918132000000,000070,5,11.19,11.19,11.16,11.16,635900,7102020.0
2025-09-18 13:25:00,2025-09-18,20250918132500000,000070,5,11.16,11.17,11.1,11.11,1192200,13267833.0
2025-09-18 13:30:00,2025-09-18,20250918133000000,000070,5,11.11,11.11,11.01,11.05,1926700,21278791.0
2025-09-18 13:35:00,2025-09-18,20250918133500000,000070,5,11.06,11.1,11.05,11.05,1021200,11314420.0
2025-09-18 13:40:00,2025-09-18,20250918134000000,000070,5,11.05,11.11,11.05,11.07,673300,7464719.0
2025-09-18 13:45:00,2025-09-18,20250918134500000,000070,5,11.08,11.1,11.06,11.09,623300,6903997.0
2025-09-18 13:50:00,2025-09-18,20250918135000000,000070,5,11.08,11.09,11.02,11.06,987600,10915132.0
2025-09-18 13:55:00,2025-09-18,20250918135500000,000070,5,11.05,11.1,11.05,11.07,526400,5834173.0
2025-09-18 14:00:00,2025-09-18,20250918140000000,000070,5,11.07,11.07,11.02,11.02,794100,8770173.0
2025-09-18 14:05:00,2025-09-18,20250918140500000,000070,5,11.03,11.05,11.01,11.04,912300,10058822.0
2025-09-18 14:10:00,2025-09-18,20250918141000000,000070,5,11.03,11.03,10.93,10.94,2289000,25119616.0
2025-09-18 14:15:00,2025-09-18,20250918141500000,000070,5,10.94,10.98,10.92,10.93,1641700,17954048.0
2025-09-18 14:20:00,2025-09-18,20250918142000000,000070,5,10.93,11.03,10.93,11.03,1164500,12793409.0
2025-09-18 14:25:00,2025-09-18,20250918142500000,000070,5,11.03,11.04,10.98,10.99,1034700,11392383.0
2025-09-18 14:30:00,2025-09-18,20250918143000000,000070,5,10.98,10.99,10.93,10.93,863800,9472768.0
2025-09-18 14:35:00,2025-09-18,20250918143500000,000070,5,10.93,10.97,10.92,10.96,1226100,13427968.0
2025-09-18 14:40:00,2025-09-18,20250918144000000,000070,5,10.96,10.97,10.93,10.93,1159900,12698176.0
2025-09-18 14:45:00,2025-09-18,20250918144500000,000070,5,10.93,10.94,10.9,10.94,1757600,19183936.0
2025-09-18 14:50:00,2025-09-18,20250918145000000,000070,5,10.94,11.04,10.94,11.03,1676900,18473730.0
2025-09-18 14:55:00,2025-09-18,20250918145500000,000070,5,11.03,11.15,11.02,11.13,2907900,32282750.0
2025-09-18 15:00:00,2025-09-18,20250918150000000,000070,5,11.12,11.13,11.11,11.12,2603700,28944384.0
2025-09-19 09:35:00,2025-09-19,20250919093500000,000070,5,11.02,11.06,10.89,11.06,5724000,62655024.0
2025-09-19 09:40:00,2025-09-19,20250919094000000,000070,5,11.07,11.28,11.05,11.18,3635600,40620632.0
2025-09-19 09:45:00,2025-09-19,20250919094500000,000070,5,11.18,11.2,11.1,11.11,2417500,26948176.0
2025-09-19 09:50:00,2025-09-19,20250919095000000,000070,5,11.11,11.24,11.1,11.22,2611900,29197224.0
2025-09-19 09:55:00,2025-09-19,20250919095500000,000070,5,11.21,11.3,11.19,11.29,5357400,60284016.0
2025-09-19 10:00:00,2025-09-19,20250919100000000,000070,5,11.29,11.33,11.24,11.32,3796500,42853392.0
2025-09-19 10:05:00,2025-09-19,20250919100500000,000070,5,11.32,11.38,11.31,11.38,5649300,64146912.0
2025-09-19 10:10:00,2025-09-19,20250919101000000,000070,5,11.37,11.37,11.25,11.3,2595500,29381600.0
2025-09-19 10:15:00,2025-09-19,20250919101500000,000070,5,11.3,11.3,11.23,11.29,1875200,21126656.0
2025-09-19 10:20:00,2025-09-19,20250919102000000,000070,5,11.29,11.6,11.28,11.55,10570200,121309632.0
2025-09-19 10:25:00,2025-09-19,20250919102500000,000070,5,11.54,11.55,11.45,11.53,3152200,36274656.0
2025-09-19 10:30:00,2025-09-19,20250919103000000,000070,5,11.53,11.53,11.45,11.52,2176400,25030048.0
2025-09-19 10:35:00,2025-09-19,20250919103500000,000070,5,11.52,11.52,11.48,11.5,1909300,21962496.0
2025-09-19 10:40:00,2025-09-19,20250919104000000,000070,5,11.51,11.54,11.5,11.5,1956500,22537024.0
2025-09-19 10:45:00,2025-09-19,20250919104500000,000070,5,11.49,11.5,11.43,11.48,1446200,16576446.0
2025-09-19 10:50:00,2025-09-19,20250919105000000,000070,5,11.48,11.48,11.35,11.35,1720100,19635264.0
2025-09-19 10:55:00,2025-09-19,20250919105500000,000070,5,11.35,11.43,11.35,11.35,1186000,13504386.0
2025-09-19 11:00:00,2025-09-19,20250919110000000,000070,5,11.34,11.4,11.33,11.4,1284400,14576384.0
2025-09-19 11:05:00,2025-09-19,20250919110500000,000070,5,11.41,11.43,11.37,11.41,793800,9049221.0
2025-09-19 11:10:00,2025-09-19,20250919111000000,000070,5,11.41,11.45,11.4,11.44,659100,7532729.0
2025-09-19 11:15:00,2025-09-19,20250919111500000,000070,5,11.44,11.44,11.41,11.42,470400,5374850.0
2025-09-19 11:20:00,2025-09-19,20250919112000000,000070,5,11.42,11.42,11.39,11.4,860600,9815558.0
2025-09-19 11:25:00,2025-09-19,20250919112500000,000070,5,11.4,11.41,11.38,11.39,579900,6607930.0
2025-09-19 11:30:00,2025-09-19,20250919113000000,000070,5,11.38,11.44,11.38,11.44,759400,8664191.0
2025-09-19 13:05:00,2025-09-19,20250919130500000,000070,5,11.45,11.5,11.45,11.49,1622900,18628417.0
2025-09-19 13:10:00,2025-09-19,20250919131000000,000070,5,11.49,11.49,11.42,11.45,1019300,11674496.0
2025-09-19 13:15:00,2025-09-19,20250919131500000,000070,5,11.45,11.46,11.42,11.43,674300,7714500.0
2025-09-19 13:20:00,2025-09-19,20250919132000000,000070,5,11.42,11.45,11.42,11.42,580500,6639033.0
2025-09-19 13:25:00,2025-09-19,20250919132500000,000070,5,11.42,11.43,11.37,11.37,1053200,11997895.0
2025-09-19 13:30:00,2025-09-19,20250919133000000,000070,5,11.38,11.38,11.27,11.34,2037700,23066812.0
2025-09-19 13:35:00,2025-09-19,20250919133500000,000070,5,11.35,11.35,11.26,11.27,948400,10720388.0
2025-09-19 13:40:00,2025-09-19,20250919134000000,000070,5,11.27,11.31,11.21,11.31,1544000,17368444.0
2025-09-19 13:45:00,2025-09-19,20250919134500000,000070,5,11.31,11.34,11.25,11.3,744000,8402175.0
2025-09-19 13:50:00,2025-09-19,20250919135000000,000070,5,11.3,11.3,11.28,11.29,479700,5417220.0
2025-09-19 13:55:00,2025-09-19,20250919135500000,000070,5,11.3,11.3,11.28,11.28,736400,8315904.0
2025-09-19 14:00:00,2025-09-19,20250919140000000,000070,5,11.28,11.32,11.28,11.32,977100,11034624.0
2025-09-19 14:05:00,2025-09-19,20250919140500000,000070,5,11.32,11.41,11.32,11.41,961500,10929406.0
2025-09-19 14:10:00,2025-09-19,20250919141000000,000070,5,11.4,11.44,11.38,11.39,1328100,15163712.0
2025-09-19 14:15:00,2025-09-19,20250919141500000,000070,5,11.38,11.4,11.35,11.4,716700,8151743.0
2025-09-19 14:20:00,2025-09-19,20250919142000000,000070,5,11.39,11.42,11.38,11.39,1060300,12092284.0
2025-09-19 14:25:00,2025-09-19,20250919142500000,000070,5,11.39,11.43,11.39,11.43,1239900,14145220.0
2025-09-19 14:30:00,2025-09-19,20250919143000000,000070,5,11.43,11.75,11.43,11.75,11377700,132163008.0
2025-09-19 14:35:00,2025-09-19,20250919143500000,000070,5,11.75,11.76,11.54,11.6,3788900,44179200.0
2025-09-19 14:40:00,2025-09-19,20250919144000000,000070,5,11.59,11.66,11.57,11.66,2760000,32037376.0
2025-09-19 14:45:00,2025-09-19,20250919144500000,000070,5,11.65,11.66,11.58,11.59,2353100,27345920.0
2025-09-19 14:50:00,2025-09-19,20250919145000000,000070,5,11.58,11.6,11.58,11.59,2726200,31610624.0
2025-09-19 14:55:00,2025-09-19,20250919145500000,000070,5,11.59,11.59,11.53,11.54,3344500,38697088.0
2025-09-19 15:00:00,2025-09-19,20250919150000000,000070,5,11.54,11.58,11.54,11.58,2296800,26547200.0
2025-09-22 09:35:00,2025-09-22,20250922093500000,000070,5,11.59,11.61,11.08,11.17,12259100,138573472.0
2025-09-22 09:40:00,2025-09-22,20250922094000000,000070,5,11.18,11.26,11.12,11.14,5284100,59141600.0
2025-09-22 09:45:00,2025-09-22,20250922094500000,000070,5,11.15,11.2,11.15,11.16,2772200,30973392.0
2025-09-22 09:50:00,2025-09-22,20250922095000000,000070,5,11.16,11.19,11.07,11.08,4269200,47510320.0
2025-09-22 09:55:00,2025-09-22,20250922095500000,000070,5,11.07,11.14,11.06,11.08,3390300,37622176.0
2025-09-22 10:00:00,2025-09-22,20250922100000000,000070,5,11.08,11.15,11.08,11.12,1807600,20062592.0
2025-09-22 10:05:00,2025-09-22,20250922100500000,000070,5,11.12,11.12,11.09,11.11,1758100,19522304.0
2025-09-22 10:10:00,2025-09-22,20250922101000000,000070,5,11.11,11.18,11.1,11.14,1672500,18635840.0
2025-09-22 10:15:00,2025-09-22,20250922101500000,000070,5,11.14,11.18,11.11,11.12,1175000,13093728.0
2025-09-22 10:20:00,2025-09-22,20250922102000000,000070,5,11.12,11.15,11.1,11.1,1410900,15681056.0
2025-09-22 10:25:00,2025-09-22,20250922102500000,000070,5,11.1,11.11,11.09,11.1,1665800,18485376.0
2025-09-22 10:30:00,2025-09-22,20250922103000000,000070,5,11.09,11.16,11.09,11.14,1559200,17324256.0
2025-09-22 10:35:00,2025-09-22,20250922103500000,000070,5,11.13,11.15,11.11,11.13,1076400,11978752.0
2025-09-22 10:40:00,2025-09-22,20250922104000000,000070,5,11.12,11.2,11.11,11.19,884300,9862272.0
2025-09-22 10:45:00,2025-09-22,20250922104500000,000070,5,11.19,11.24,11.18,11.2,2002400,22453152.0
2025-09-22 10:50:00,2025-09-22,20250922105000000,000070,5,11.2,11.26,11.19,11.22,1483400,16653664.0
2025-09-22 10:55:00,2025-09-22,20250922105500000,000070,5,11.22,11.27,11.22,11.26,1081000,12154304.0
2025-09-22 11:00:00,2025-09-22,20250922110000000,000070,5,11.27,11.29,11.23,11.26,861400,9698144.0
2025-09-22 11:05:00,2025-09-22,20250922110500000,000070,5,11.25,11.28,11.23,11.24,703200,7914880.0
2025-09-22 11:10:00,2025-09-22,20250922111000000,000070,5,11.25,11.26,11.18,11.18,985100,11048480.0
2025-09-22 11:15:00,2025-09-22,20250922111500000,000070,5,11.19,11.19,11.15,11.15,724000,8090811.0
2025-09-22 11:20:00,2025-09-22,20250922112000000,000070,5,11.15,11.18,11.14,11.18,454900,5072000.0
2025-09-22 11:25:00,2025-09-22,20250922112500000,000070,5,11.19,11.21,11.17,11.21,381800,4272581.0
2025-09-22 11:30:00,2025-09-22,20250922113000000,000070,5,11.2,11.22,11.14,11.18,771300,8616765.0
2025-09-22 13:05:00,2025-09-22,20250922130500000,000070,5,11.19,11.21,11.16,11.18,578000,6462273.0
2025-09-22 13:10:00,2025-09-22,20250922131000000,000070,5,11.17,11.18,11.14,11.17,914000,10190020.0
2025-09-22 13:15:00,2025-09-22,20250922131500000,000070,5,11.17,11.21,11.17,11.2,555700,6219198.0
2025-09-22 13:20:00,2025-09-22,20250922132000000,000070,5,11.19,11.21,11.17,11.17,620300,6944448.0
2025-09-22 13:25:00,2025-09-22,20250922132500000,000070,5,11.17,11.18,11.16,11.18,384800,4297344.0
2025-09-22 13:30:00,2025-09-22,20250922133000000,000070,5,11.18,11.19,11.17,11.17,654500,7312892.0
2025-09-22 13:35:00,2025-09-22,20250922133500000,000070,5,11.17,11.17,11.15,11.15,811200,9051072.0
2025-09-22 13:40:00,2025-09-22,20250922134000000,000070,5,11.15,11.15,11.12,11.13,700600,7799996.0
2025-09-22 13:45:00,2025-09-22,20250922134500000,000070,5,11.13,11.13,11.1,11.11,1405200,15614023.0
2025-09-22 13:50:00,2025-09-22,20250922135000000,000070,5,11.12,11.12,11.1,11.1,870700,9670785.0
2025-09-22 13:55:00,2025-09-22,20250922135500000,000070,5,11.11,11.14,11.1,11.11,853100,9482808.0
2025-09-22 14:00:00,2025-09-22,20250922140000000,000070,5,11.11,11.13,11.1,11.11,694900,7720128.0
2025-09-22 14:05:00,2025-09-22,20250922140500000,000070,5,11.11,11.12,11.1,11.1,655500,7280520.0
2025-09-22 14:10:00,2025-09-22,20250922141000000,000070,5,11.1,11.11,11.08,11.1,1375500,15258368.0
2025-09-22 14:15:00,2025-09-22,20250922141500000,000070,5,11.1,11.14,11.1,11.14,460000,5112768.0
2025-09-22 14:20:00,2025-09-22,20250922142000000,000070,5,11.13,11.14,11.09,11.1,1003200,11141892.0
2025-09-22 14:25:00,2025-09-22,20250922142500000,000070,5,11.1,11.12,11.09,11.11,949500,10547452.0
2025-09-22 14:30:00,2025-09-22,20250922143000000,000070,5,11.12,11.15,11.11,11.14,809800,9006144.0
2025-09-22 14:35:00,2025-09-22,20250922143500000,000070,5,11.14,11.2,11.13,11.19,959400,10724222.0
2025-09-22 14:40:00,2025-09-22,20250922144000000,000070,5,11.18,11.2,11.16,11.16,812800,9084734.0
2025-09-22 14:45:00,2025-09-22,20250922144500000,000070,5,11.17,11.18,11.16,11.18,871300,9730248.0
2025-09-22 14:50:00,2025-09-22,20250922145000000,000070,5,11.18,11.18,11.13,11.14,1549400,17274804.0
2025-09-22 14:55:00,2025-09-22,20250922145500000,000070,5,11.14,11.17,11.14,11.17,2002500,22331780.0
2025-09-22 15:00:00,2025-09-22,20250922150000000,000070,5,11.17,11.2,11.16,11.2,2359800,26383548.0
2025-09-23 09:35:00,2025-09-23,20250923093500000,000070,5,11.19,11.19,11.01,11.01,5016700,55678420.0
2025-09-23 09:40:00,2025-09-23,20250923094000000,000070,5,11.01,11.06,10.98,10.98,4071800,44861900.0
2025-09-23 09:45:00,2025-09-23,20250923094500000,000070,5,10.98,10.98,10.91,10.95,3544100,38746896.0
2025-09-23 09:50:00,2025-09-23,20250923095000000,000070,5,10.94,10.96,10.91,10.91,2550300,27885136.0
2025-09-23 09:55:00,2025-09-23,20250923095500000,000070,5,10.91,10.92,10.51,10.56,8536500,91210256.0
2025-09-23 10:00:00,2025-09-23,20250923100000000,000070,5,10.55,10.55,10.22,10.36,9987900,103655888.0
2025-09-23 10:05:00,2025-09-23,20250923100500000,000070,5,10.35,10.53,10.3,10.49,3483600,36199168.0
2025-09-23 10:10:00,2025-09-23,20250923101000000,000070,5,10.49,10.49,10.4,10.41,1915700,19986336.0
2025-09-23 10:15:00,2025-09-23,20250923101500000,000070,5,10.41,10.41,10.3,10.33,2859200,29541312.0
2025-09-23 10:20:00,2025-09-23,20250923102000000,000070,5,10.34,10.44,10.34,10.37,1056300,10977696.0
2025-09-23 10:25:00,2025-09-23,20250923102500000,000070,5,10.38,10.39,10.35,10.38,945900,9814688.0
2025-09-23 10:30:00,2025-09-23,20250923103000000,000070,5,10.37,10.38,10.21,10.24,2778800,28568576.0
2025-09-23 10:35:00,2025-09-23,20250923103500000,000070,5,10.24,10.35,10.24,10.28,1442000,14827648.0
2025-09-23 10:40:00,2025-09-23,20250923104000000,000070,5,10.28,10.42,10.28,10.36,1198900,12423456.0
2025-09-23 10:45:00,2025-09-23,20250923104500000,000070,5,10.35,10.38,10.35,10.38,848200,8797344.0
2025-09-23 10:50:00,2025-09-23,20250923105000000,000070,5,10.38,10.45,10.38,10.43,908500,9465600.0
2025-09-23 10:55:00,2025-09-23,20250923105500000,000070,5,10.43,10.44,10.36,10.36,666600,6929984.0
2025-09-23 11:00:00,2025-09-23,20250923110000000,000070,5,10.36,10.36,10.31,10.32,554000,5730752.0
2025-09-23 11:05:00,2025-09-23,20250923110500000,000070,5,10.32,10.39,10.32,10.36,453500,4697408.0
2025-09-23 11:10:00,2025-09-23,20250923111000000,000070,5,10.36,10.37,10.34,10.34,454500,4706560.0
2025-09-23 11:15:00,2025-09-23,20250923111500000,000070,5,10.34,10.35,10.3,10.31,893100,9214848.0
2025-09-23 11:20:00,2025-09-23,20250923112000000,000070,5,10.31,10.32,10.3,10.32,597500,6157504.0
2025-09-23 11:25:00,2025-09-23,20250923112500000,000070,5,10.32,10.35,10.32,10.34,337600,3490880.0
2025-09-23 11:30:00,2025-09-23,20250923113000000,000070,5,10.33,10.36,10.31,10.33,560000,5781888.0
2025-09-23 13:05:00,2025-09-23,20250923130500000,000070,5,10.35,10.35,10.26,10.26,1182300,12173312.0
2025-09-23 13:10:00,2025-09-23,20250923131000000,000070,5,10.26,10.27,10.23,10.24,934800,9578304.0
2025-09-23 13:15:00,2025-09-23,20250923131500000,000070,5,10.25,10.35,10.22,10.35,780300,8003904.0
2025-09-23 13:20:00,2025-09-23,20250923132000000,000070,5,10.35,10.36,10.31,10.35,640000,6621376.0
2025-09-23 13:25:00,2025-09-23,20250923132500000,000070,5,10.35,10.35,10.27,10.29,475500,4901184.0
2025-09-23 13:30:00,2025-09-23,20250923133000000,000070,5,10.29,10.31,10.27,10.29,867200,8918592.0
2025-09-23 13:35:00,2025-09-23,20250923133500000,000070,5,10.29,10.33,10.28,10.31,486600,5012352.0
2025-09-23 13:40:00,2025-09-23,20250923134000000,000070,5,10.32,10.33,10.26,10.26,585100,6019648.0
2025-09-23 13:45:00,2025-09-23,20250923134500000,000070,5,10.27,10.27,10.23,10.24,824000,8440256.0
2025-09-23 13:50:00,2025-09-23,20250923135000000,000070,5,10.24,10.25,10.23,10.25,482500,4942016.0
2025-09-23 13:55:00,2025-09-23,20250923135500000,000070,5,10.25,10.25,10.23,10.23,540200,5528576.0
2025-09-23 14:00:00,2025-09-23,20250923140000000,000070,5,10.24,10.24,10.22,10.24,864300,8840448.0
2025-09-23 14:05:00,2025-09-23,20250923140500000,000070,5,10.24,10.44,10.24,10.44,1114900,11493760.0
2025-09-23 14:10:00,2025-09-23,20250923141000000,000070,5,10.44,10.51,10.38,10.44,2012700,21051066.0
2025-09-23 14:15:00,2025-09-23,20250923141500000,000070,5,10.44,10.49,10.42,10.42,1362100,14256390.0
2025-09-23 14:20:00,2025-09-23,20250923142000000,000070,5,10.42,10.5,10.42,10.49,626400,6554690.0
2025-09-23 14:25:00,2025-09-23,20250923142500000,000070,5,10.5,10.51,10.47,10.51,930100,9761536.0
2025-09-23 14:30:00,2025-09-23,20250923143000000,000070,5,10.51,10.65,10.5,10.65,1015500,10738040.0
2025-09-23 14:35:00,2025-09-23,20250923143500000,000070,5,10.65,10.65,10.53,10.53,1084100,11485894.0
2025-09-23 14:40:00,2025-09-23,20250923144000000,000070,5,10.54,10.61,10.54,10.59,710300,7511367.0
2025-09-23 14:45:00,2025-09-23,20250923144500000,000070,5,10.6,10.63,10.56,10.63,1093200,11578297.0
2025-09-23 14:50:00,2025-09-23,20250923145000000,000070,5,10.63,10.9,10.63,10.76,2437600,26272960.0
2025-09-23 14:55:00,2025-09-23,20250923145500000,000070,5,10.76,10.86,10.68,10.7,2400700,25873536.0
2025-09-23 15:00:00,2025-09-23,20250923150000000,000070,5,10.72,10.74,10.7,10.7,1744600,18692224.0
2025-09-24 09:35:00,2025-09-24,20250924093500000,000070,5,10.47,10.69,10.36,10.67,3939800,41335580.0
2025-09-24 09:40:00,2025-09-24,20250924094000000,000070,5,10.67,10.79,10.55,10.79,2409700,25658952.0
2025-09-24 09:45:00,2025-09-24,20250924094500000,000070,5,10.78,10.82,10.65,10.67,2838300,30503772.0
2025-09-24 09:50:00,2025-09-24,20250924095000000,000070,5,10.67,10.68,10.6,10.66,1303700,13860464.0
2025-09-24 09:55:00,2025-09-24,20250924095500000,000070,5,10.67,10.68,10.54,10.6,1563000,16556976.0
2025-09-24 10:00:00,2025-09-24,20250924100000000,000070,5,10.59,10.77,10.59,10.77,1724800,18481904.0
2025-09-24 10:05:00,2025-09-24,20250924100500000,000070,5,10.75,10.75,10.65,10.65,1204700,12895952.0
2025-09-24 10:10:00,2025-09-24,20250924101000000,000070,5,10.65,10.67,10.62,10.64,700800,7466000.0
2025-09-24 10:15:00,2025-09-24,20250924101500000,000070,5,10.63,10.63,10.55,10.57,935600,9895872.0
2025-09-24 10:20:00,2025-09-24,20250924102000000,000070,5,10.57,10.59,10.54,10.54,839300,8865152.0
2025-09-24 10:25:00,2025-09-24,20250924102500000,000070,5,10.54,10.59,10.52,10.55,566900,5979888.0
2025-09-24 10:30:00,2025-09-24,20250924103000000,000070,5,10.55,10.62,10.53,10.6,667900,7054064.0
2025-09-24 10:35:00,2025-09-24,20250924103500000,000070,5,10.6,10.6,10.51,10.56,731700,7711184.0
2025-09-24 10:40:00,2025-09-24,20250924104000000,000070,5,10.56,10.59,10.56,10.58,459600,4858880.0
2025-09-24 10:45:00,2025-09-24,20250924104500000,000070,5,10.58,10.58,10.51,10.51,741000,7804608.0
2025-09-24 10:50:00,2025-09-24,20250924105000000,000070,5,10.51,10.53,10.5,10.5,641200,6738928.0
2025-09-24 10:55:00,2025-09-24,20250924105500000,000070,5,10.5,10.58,10.46,10.56,967200,10153200.0
2025-09-24 11:00:00,2025-09-24,20250924110000000,000070,5,10.57,10.58,10.51,10.57,413300,4355696.0
2025-09-24 11:05:00,2025-09-24,20250924110500000,000070,5,10.58,10.58,10.51,10.52,539100,5683936.0
2025-09-24 11:10:00,2025-09-24,20250924111000000,000070,5,10.52,10.54,10.51,10.52,366900,3859728.0
2025-09-24 11:15:00,2025-09-24,20250924111500000,000070,5,10.52,10.53,10.5,10.53,601800,6326832.0
2025-09-24 11:20:00,2025-09-24,20250924112000000,000070,5,10.53,10.56,10.52,10.53,509300,5366736.0
2025-09-24 11:25:00,2025-09-24,20250924112500000,000070,5,10.53,10.59,10.52,10.59,601600,6350656.0
2025-09-24 11:30:00,2025-09-24,20250924113000000,000070,5,10.59,10.59,10.54,10.56,612600,6467552.0
2025-09-24 13:05:00,2025-09-24,20250924130500000,000070,5,10.56,10.6,10.56,10.56,644700,6821760.0
2025-09-24 13:10:00,2025-09-24,20250924131000000,000070,5,10.56,10.57,10.52,10.52,753600,7941152.0
2025-09-24 13:15:00,2025-09-24,20250924131500000,000070,5,10.53,10.55,10.48,10.48,886200,9313728.0
2025-09-24 13:20:00,2025-09-24,20250924132000000,000070,5,10.48,10.51,10.48,10.5,687500,7212960.0
2025-09-24 13:25:00,2025-09-24,20250924132500000,000070,5,10.49,10.5,10.45,10.45,997700,10441984.0
2025-09-24 13:30:00,2025-09-24,20250924133000000,000070,5,10.45,10.49,10.41,10.49,932100,9729888.0
2025-09-24 13:35:00,2025-09-24,20250924133500000,000070,5,10.49,10.5,10.48,10.5,478300,5018400.0
2025-09-24 13:40:00,2025-09-24,20250924134000000,000070,5,10.49,10.5,10.46,10.46,475600,4982112.0
2025-09-24 13:45:00,2025-09-24,20250924134500000,000070,5,10.46,10.47,10.45,10.45,612300,6403584.0
2025-09-24 13:50:00,2025-09-24,20250924135000000,000070,5,10.45,10.53,10.45,10.53,728900,7633376.0
2025-09-24 13:55:00,2025-09-24,20250924135500000,000070,5,10.53,10.55,10.51,10.52,471700,4964992.0
2025-09-24 14:00:00,2025-09-24,20250924140000000,000070,5,10.52,10.54,10.51,10.51,432200,4549824.0
2025-09-24 14:05:00,2025-09-24,20250924140500000,000070,5,10.52,10.52,10.5,10.51,345800,3635072.0
2025-09-24 14:10:00,2025-09-24,20250924141000000,000070,5,10.51,10.52,10.5,10.52,644200,6772192.0
2025-09-24 14:15:00,2025-09-24,20250924141500000,000070,5,10.5,10.52,10.5,10.5,478300,5025920.0
2025-09-24 14:20:00,2025-09-24,20250924142000000,000070,5,10.51,10.51,10.49,10.51,578100,6070816.0
2025-09-24 14:25:00,2025-09-24,20250924142500000,000070,5,10.51,10.52,10.51,10.52,337800,3551680.0
2025-09-24 14:30:00,2025-09-24,20250924143000000,000070,5,10.52,10.52,10.48,10.49,815900,8563552.0
2025-09-24 14:35:00,2025-09-24,20250924143500000,000070,5,10.49,10.5,10.48,10.48,574400,6022176.0
2025-09-24 14:40:00,2025-09-24,20250924144000000,000070,5,10.48,10.53,10.48,10.53,745600,7828352.0
2025-09-24 14:45:00,2025-09-24,20250924144500000,000070,5,10.53,10.53,10.51,10.51,793700,8350304.0
2025-09-24 14:50:00,2025-09-24,20250924145000000,000070,5,10.51,10.52,10.5,10.52,1478800,15540448.0
2025-09-24 14:55:00,2025-09-24,20250924145500000,000070,5,10.51,10.53,10.51,10.53,1815600,19094336.0
2025-09-24 15:00:00,2025-09-24,20250924150000000,000070,5,10.52,10.55,10.52,10.55,1778800,18749888.0
2025-09-25 09:35:00,2025-09-25,20250925093500000,000070,5,10.49,10.49,10.33,10.4,2774300,28864560.0
2025-09-25 09:40:00,2025-09-25,20250925094000000,000070,5,10.42,10.53,10.4,10.45,1331900,13953084.0
2025-09-25 09:45:00,2025-09-25,20250925094500000,000070,5,10.45,10.49,10.42,10.44,1476900,15437976.0
2025-09-25 09:50:00,2025-09-25,20250925095000000,000070,5,10.43,10.44,10.35,10.36,2165800,22503636.0
2025-09-25 09:55:00,2025-09-25,20250925095500000,000070,5,10.38,10.38,10.28,10.28,2976300,30717656.0
2025-09-25 10:00:00,2025-09-25,20250925100000000,000070,5,10.28,10.34,10.25,10.25,2354600,24203104.0
2025-09-25 10:05:00,2025-09-25,20250925100500000,000070,5,10.25,10.4,10.23,10.38,1848000,19027792.0
2025-09-25 10:10:00,2025-09-25,20250925101000000,000070,5,10.39,10.46,10.35,10.41,1355500,14110608.0
2025-09-25 10:15:00,2025-09-25,20250925101500000,000070,5,10.41,10.43,10.37,10.42,961800,10011408.0
2025-09-25 10:20:00,2025-09-25,20250925102000000,000070,5,10.43,10.46,10.4,10.4,978000,10197184.0
2025-09-25 10:25:00,2025-09-25,20250925102500000,000070,5,10.41,10.44,10.4,10.4,538800,5609888.0
2025-09-25 10:30:00,2025-09-25,20250925103000000,000070,5,10.41,10.5,10.4,10.49,1012500,10593776.0
2025-09-25 10:35:00,2025-09-25,20250925103500000,000070,5,10.49,10.51,10.48,10.51,700400,7349616.0
2025-09-25 10:40:00,2025-09-25,20250925104000000,000070,5,10.53,10.62,10.52,10.56,1718100,18168096.0
2025-09-25 10:45:00,2025-09-25,20250925104500000,000070,5,10.56,10.58,10.51,10.54,773700,8161856.0
2025-09-25 10:50:00,2025-09-25,20250925105000000,000070,5,10.55,10.55,10.53,10.53,424500,4474032.0
2025-09-25 10:55:00,2025-09-25,20250925105500000,000070,5,10.53,10.53,10.45,10.45,480200,5042112.0
2025-09-25 11:00:00,2025-09-25,20250925110000000,000070,5,10.46,10.47,10.43,10.44,560000,5851984.0
2025-09-25 11:05:00,2025-09-25,20250925110500000,000070,5,10.43,10.47,10.43,10.47,478600,4997248.0
2025-09-25 11:10:00,2025-09-25,20250925111000000,000070,5,10.47,10.48,10.41,10.41,331100,3457296.0
2025-09-25 11:15:00,2025-09-25,20250925111500000,000070,5,10.42,10.44,10.41,10.42,194600,2028304.0
2025-09-25 11:20:00,2025-09-25,20250925112000000,000070,5,10.43,10.43,10.41,10.41,309800,3227680.0
2025-09-25 11:25:00,2025-09-25,20250925112500000,000070,5,10.42,10.44,10.41,10.42,555000,5782720.0
2025-09-25 11:30:00,2025-09-25,20250925113000000,000070,5,10.43,10.44,10.42,10.42,242800,2532224.0
2025-09-25 13:05:00,2025-09-25,20250925130500000,000070,5,10.43,10.44,10.4,10.4,403400,4202624.0
2025-09-25 13:10:00,2025-09-25,20250925131000000,000070,5,10.41,10.41,10.38,10.38,677900,7045440.0
2025-09-25 13:15:00,2025-09-25,20250925131500000,000070,5,10.38,10.39,10.35,10.36,527800,5472960.0
2025-09-25 13:20:00,2025-09-25,20250925132000000,000070,5,10.35,10.36,10.32,10.35,530100,5484224.0
2025-09-25 13:25:00,2025-09-25,20250925132500000,000070,5,10.35,10.38,10.35,10.37,298200,3090592.0
2025-09-25 13:30:00,2025-09-25,20250925133000000,000070,5,10.37,10.37,10.3,10.34,865100,8931360.0
2025-09-25 13:35:00,2025-09-25,20250925133500000,000070,5,10.33,10.35,10.32,10.34,275300,2845120.0
2025-09-25 13:40:00,2025-09-25,20250925134000000,000070,5,10.34,10.36,10.33,10.35,378600,3913984.0
2025-09-25 13:45:00,2025-09-25,20250925134500000,000070,5,10.35,10.41,10.35,10.41,384400,3994560.0
2025-09-25 13:50:00,2025-09-25,20250925135000000,000070,5,10.41,10.41,10.37,10.4,452000,4699648.0
2025-09-25 13:55:00,2025-09-25,20250925135500000,000070,5,10.4,10.4,10.35,10.37,406500,4214336.0
2025-09-25 14:00:00,2025-09-25,20250925140000000,000070,5,10.37,10.38,10.33,10.34,451700,4676224.0
2025-09-25 14:05:00,2025-09-25,20250925140500000,000070,5,10.33,10.36,10.33,10.36,548200,5670464.0
2025-09-25 14:10:00,2025-09-25,20250925141000000,000070,5,10.35,10.38,10.34,10.34,329300,3409952.0
2025-09-25 14:15:00,2025-09-25,20250925141500000,000070,5,10.35,10.35,10.33,10.34,569900,5890816.0
2025-09-25 14:20:00,2025-09-25,20250925142000000,000070,5,10.34,10.35,10.33,10.33,518400,5356384.0
2025-09-25 14:25:00,2025-09-25,20250925142500000,000070,5,10.32,10.34,10.32,10.34,397600,4107104.0
2025-09-25 14:30:00,2025-09-25,20250925143000000,000070,5,10.34,10.38,10.33,10.38,503400,5211456.0
2025-09-25 14:35:00,2025-09-25,20250925143500000,000070,5,10.38,10.39,10.35,10.36,493200,5114560.0
2025-09-25 14:40:00,2025-09-25,20250925144000000,000070,5,10.35,10.36,10.33,10.34,509900,5271136.0
2025-09-25 14:45:00,2025-09-25,20250925144500000,000070,5,10.33,10.33,10.32,10.33,596100,6155200.0
2025-09-25 14:50:00,2025-09-25,20250925145000000,000070,5,10.34,10.34,10.31,10.32,997100,10296320.0
2025-09-25 14:55:00,2025-09-25,20250925145500000,000070,5,10.32,10.32,10.3,10.3,1504900,15509376.0
2025-09-25 15:00:00,2025-09-25,20250925150000000,000070,5,10.3,10.31,10.29,10.29,1546200,15920384.0
2025-09-26 09:35:00,2025-09-26,20250926093500000,000070,5,10.15,10.23,10.11,10.12,2368500,24071524.0
2025-09-26 09:40:00,2025-09-26,20250926094000000,000070,5,10.1,10.15,10.08,10.11,2546300,25715236.0
2025-09-26 09:45:00,2025-09-26,20250926094500000,000070,5,10.1,10.13,10.08,10.09,1610300,16260476.0
2025-09-26 09:50:00,2025-09-26,20250926095000000,000070,5,10.09,10.09,10.05,10.09,2100600,21151324.0
2025-09-26 09:55:00,2025-09-26,20250926095500000,000070,5,10.09,10.09,9.96,9.98,3882900,38839608.0
2025-09-26 10:00:00,2025-09-26,20250926100000000,000070,5,9.98,10.11,9.98,10.1,1621100,16251576.0
2025-09-26 10:05:00,2025-09-26,20250926100500000,000070,5,10.09,10.1,10.05,10.1,701100,7066032.0
2025-09-26 10:10:00,2025-09-26,20250926101000000,000070,5,10.1,10.13,10.08,10.13,1059100,10702496.0
2025-09-26 10:15:00,2025-09-26,20250926101500000,000070,5,10.13,10.16,10.1,10.1,552300,5595728.0
2025-09-26 10:20:00,2025-09-26,20250926102000000,000070,5,10.11,10.14,10.11,10.13,366500,3710656.0
2025-09-26 10:25:00,2025-09-26,20250926102500000,000070,5,10.12,10.14,10.11,10.13,491600,4980176.0
2025-09-26 10:30:00,2025-09-26,20250926103000000,000070,5,10.14,10.17,10.14,10.16,577000,5861664.0
2025-09-26 10:35:00,2025-09-26,20250926103500000,000070,5,10.16,10.22,10.15,10.19,665400,6784384.0
2025-09-26 10:40:00,2025-09-26,20250926104000000,000070,5,10.19,10.19,10.14,10.18,511400,5198224.0
2025-09-26 10:45:00,2025-09-26,20250926104500000,000070,5,10.18,10.22,10.15,10.19,514400,5233552.0
2025-09-26 10:50:00,2025-09-26,20250926105000000,000070,5,10.18,10.29,10.18,10.27,1173700,12032656.0
2025-09-26 10:55:00,2025-09-26,20250926105500000,000070,5,10.28,10.28,10.18,10.21,483900,4950912.0
2025-09-26 11:00:00,2025-09-26,20250926110000000,000070,5,10.22,10.23,10.17,10.2,292700,2982256.0
2025-09-26 11:05:00,2025-09-26,20250926110500000,000070,5,10.2,10.23,10.18,10.23,463500,4730752.0
2025-09-26 11:10:00,2025-09-26,20250926111000000,000070,5,10.23,10.24,10.19,10.19,235600,2405648.0
2025-09-26 11:15:00,2025-09-26,20250926111500000,000070,5,10.2,10.2,10.18,10.19,304500,3101360.0
2025-09-26 11:20:00,2025-09-26,20250926112000000,000070,5,10.19,10.2,10.15,10.17,243800,2480112.0
2025-09-26 11:25:00,2025-09-26,20250926112500000,000070,5,10.18,10.18,10.16,10.16,207400,2107632.0
2025-09-26 11:30:00,2025-09-26,20250926113000000,000070,5,10.16,10.18,10.16,10.18,153000,1555568.0
2025-09-26 13:05:00,2025-09-26,20250926130500000,000070,5,10.18,10.2,10.13,10.13,442500,4495824.0
2025-09-26 13:10:00,2025-09-26,20250926131000000,000070,5,10.13,10.15,10.12,10.13,188600,1911488.0
2025-09-26 13:15:00,2025-09-26,20250926131500000,000070,5,10.13,10.15,10.13,10.14,142300,1443488.0
2025-09-26 13:20:00,2025-09-26,20250926132000000,000070,5,10.14,10.17,10.14,10.15,180800,1834704.0
2025-09-26 13:25:00,2025-09-26,20250926132500000,000070,5,10.14,10.16,10.13,10.14,226000,2292144.0
2025-09-26 13:30:00,2025-09-26,20250926133000000,000070,5,10.13,10.13,10.11,10.11,440800,4460640.0
2025-09-26 13:35:00,2025-09-26,20250926133500000,000070,5,10.11,10.13,10.1,10.13,287000,2902224.0
2025-09-26 13:40:00,2025-09-26,20250926134000000,000070,5,10.12,10.13,10.09,10.1,621500,6280384.0
2025-09-26 13:45:00,2025-09-26,20250926134500000,000070,5,10.09,10.1,10.07,10.08,783600,7898048.0
2025-09-26 13:50:00,2025-09-26,20250926135000000,000070,5,10.08,10.1,10.06,10.1,350800,3533616.0
2025-09-26 13:55:00,2025-09-26,20250926135500000,000070,5,10.1,10.1,10.04,10.04,501300,5047168.0
2025-09-26 14:00:00,2025-09-26,20250926140000000,000070,5,10.04,10.06,10.01,10.01,633400,6356096.0
2025-09-26 14:05:00,2025-09-26,20250926140500000,000070,5,10.01,10.06,10.01,10.05,609700,6114496.0
2025-09-26 14:10:00,2025-09-26,20250926141000000,000070,5,10.05,10.07,10.03,10.07,496200,4988960.0
2025-09-26 14:15:00,2025-09-26,20250926141500000,000070,5,10.06,10.07,10.03,10.03,449400,4515008.0
2025-09-26 14:20:00,2025-09-26,20250926142000000,000070,5,10.03,10.04,10.02,10.02,579700,5812064.0
2025-09-26 14:25:00,2025-09-26,20250926142500000,000070,5,10.03,10.03,10.0,10.0,766400,7669792.0
2025-09-26 14:30:00,2025-09-26,20250926143000000,000070,5,10.0,10.01,9.98,10.0,1707400,17061920.0
2025-09-26 14:35:00,2025-09-26,20250926143500000,000070,5,10.0,10.0,9.97,9.97,1042400,10409952.0
2025-09-26 14:40:00,2025-09-26,20250926144000000,000070,5,9.98,9.99,9.97,9.97,985100,9824704.0
2025-09-26 14:45:00,2025-09-26,20250926144500000,000070,5,9.98,9.99,9.97,9.98,968000,9656800.0
2025-09-26 14:50:00,2025-09-26,20250926145000000,000070,5,9.97,10.0,9.97,9.97,1120000,11186144.0
2025-09-26 14:55:00,2025-09-26,20250926145500000,000070,5,9.98,9.98,9.95,9.96,2047500,20401056.0
2025-09-26 15:00:00,2025-09-26,20250926150000000,000070,5,9.96,9.97,9.95,9.95,1274900,12691552.0
2025-09-29 09:35:00,2025-09-29,20250929093500000,000070,5,9.96,10.0,9.9,9.9,2855000,28431080.0
2025-09-29 09:40:00,2025-09-29,20250929094000000,000070,5,9.9,9.92,9.85,9.85,2247400,22235092.0
2025-09-29 09:45:00,2025-09-29,20250929094500000,000070,5,9.84,9.87,9.81,9.81,2427500,23854204.0
2025-09-29 09:50:00,2025-09-29,20250929095000000,000070,5,9.81,9.94,9.8,9.92,1264200,12472504.0
2025-09-29 09:55:00,2025-09-29,20250929095500000,000070,5,9.92,9.93,9.85,9.85,549500,5432928.0
2025-09-29 10:00:00,2025-09-29,20250929100000000,000070,5,9.85,9.95,9.85,9.94,728800,7208784.0
2025-09-29 10:05:00,2025-09-29,20250929100500000,000070,5,9.94,9.94,9.89,9.92,403300,3995080.0
2025-09-29 10:10:00,2025-09-29,20250929101000000,000070,5,9.92,9.95,9.91,9.95,318400,3163696.0
2025-09-29 10:15:00,2025-09-29,20250929101500000,000070,5,9.95,9.99,9.95,9.98,900300,8977296.0
2025-09-29 10:20:00,2025-09-29,20250929102000000,000070,5,9.97,9.98,9.96,9.97,500000,4986048.0
2025-09-29 10:25:00,2025-09-29,20250929102500000,000070,5,9.97,9.98,9.96,9.97,466900,4655336.0
2025-09-29 10:30:00,2025-09-29,20250929103000000,000070,5,9.98,10.03,9.97,10.01,1195500,11957360.0
2025-09-29 10:35:00,2025-09-29,20250929103500000,000070,5,10.01,10.01,9.98,9.99,407800,4075920.0
2025-09-29 10:40:00,2025-09-29,20250929104000000,000070,5,9.98,10.0,9.98,10.0,281200,2810544.0
2025-09-29 10:45:00,2025-09-29,20250929104500000,000070,5,10.0,10.01,9.99,10.0,359900,3599024.0
2025-09-29 10:50:00,2025-09-29,20250929105000000,000070,5,9.99,10.0,9.98,9.99,224000,2237584.0
2025-09-29 10:55:00,2025-09-29,20250929105500000,000070,5,9.99,10.01,9.98,10.0,659500,6591008.0
2025-09-29 11:00:00,2025-09-29,20250929110000000,000070,5,10.01,10.03,9.99,10.03,606000,6067968.0
2025-09-29 11:05:00,2025-09-29,20250929110500000,000070,5,10.02,10.04,10.0,10.04,367100,3679696.0
2025-09-29 11:10:00,2025-09-29,20250929111000000,000070,5,10.04,10.04,10.01,10.01,423500,4249088.0
2025-09-29 11:15:00,2025-09-29,20250929111500000,000070,5,10.01,10.02,9.98,9.99,319200,3188720.0
2025-09-29 11:20:00,2025-09-29,20250929112000000,000070,5,9.99,10.04,9.98,10.02,409900,4105280.0
2025-09-29 11:25:00,2025-09-29,20250929112500000,000070,5,10.01,10.01,10.0,10.0,152000,1520528.0
2025-09-29 11:30:00,2025-09-29,20250929113000000,000070,5,10.0,10.01,9.99,10.01,135500,1355088.0
2025-09-29 13:05:00,2025-09-29,20250929130500000,000070,5,10.01,10.01,9.99,10.01,215100,2151104.0
2025-09-29 13:10:00,2025-09-29,20250929131000000,000070,5,10.01,10.01,9.99,9.99,136000,1360192.0
2025-09-29 13:15:00,2025-09-29,20250929131500000,000070,5,9.99,10.0,9.99,10.0,144200,1440384.0
2025-09-29 13:20:00,2025-09-29,20250929132000000,000070,5,10.0,10.01,10.0,10.0,265300,2653760.0
2025-09-29 13:25:00,2025-09-29,20250929132500000,000070,5,10.0,10.01,9.99,10.0,201900,2019312.0
2025-09-29 13:30:00,2025-09-29,20250929133000000,000070,5,10.0,10.05,9.99,10.04,854500,8567136.0
2025-09-29 13:35:00,2025-09-29,20250929133500000,000070,5,10.04,10.05,10.02,10.02,373300,3745440.0
2025-09-29 13:40:00,2025-09-29,20250929134000000,000070,5,10.02,10.03,10.01,10.02,223200,2235952.0
2025-09-29 13:45:00,2025-09-29,20250929134500000,000070,5,10.02,10.03,10.01,10.01,243000,2434560.0
2025-09-29 13:50:00,2025-09-29,20250929135000000,000070,5,10.01,10.04,10.01,10.04,265300,2658896.0
2025-09-29 13:55:00,2025-09-29,20250929135500000,000070,5,10.04,10.06,10.03,10.04,723500,7267488.0
2025-09-29 14:00:00,2025-09-29,20250929140000000,000070,5,10.04,10.08,10.04,10.05,735900,7404288.0
2025-09-29 14:05:00,2025-09-29,20250929140500000,000070,5,10.06,10.07,10.04,10.05,299400,3010720.0
2025-09-29 14:10:00,2025-09-29,20250929141000000,000070,5,10.05,10.06,10.03,10.04,260600,2618160.0
2025-09-29 14:15:00,2025-09-29,20250929141500000,000070,5,10.03,10.04,10.0,10.0,463000,4638064.0
2025-09-29 14:20:00,2025-09-29,20250929142000000,000070,5,10.0,10.02,9.99,10.02,608900,6091568.0
2025-09-29 14:25:00,2025-09-29,20250929142500000,000070,5,10.02,10.03,10.01,10.01,344100,3446240.0
2025-09-29 14:30:00,2025-09-29,20250929143000000,000070,5,10.02,10.03,10.01,10.03,275100,2755488.0
2025-09-29 14:35:00,2025-09-29,20250929143500000,000070,5,10.03,10.03,10.01,10.02,331600,3321920.0
2025-09-29 14:40:00,2025-09-29,20250929144000000,000070,5,10.02,10.03,10.01,10.02,400300,4012832.0
2025-09-29 14:45:00,2025-09-29,20250929144500000,000070,5,10.02,10.04,10.02,10.03,420300,4214512.0
2025-09-29 14:50:00,2025-09-29,20250929145000000,000070,5,10.03,10.04,10.02,10.03,572600,5743712.0
2025-09-29 14:55:00,2025-09-29,20250929145500000,000070,5,10.04,10.04,10.03,10.03,783200,7858224.0
2025-09-29 15:00:00,2025-09-29,20250929150000000,000070,5,10.04,10.05,10.03,10.04,947300,9512192.0
2025-09-30 09:35:00,2025-09-30,20250930093500000,000070,5,10.04,10.21,10.04,10.18,2196700,22306268.0
2025-09-30 09:40:00,2025-09-30,20250930094000000,000070,5,10.19,10.25,10.16,10.23,1968200,20077140.0
2025-09-30 09:45:00,2025-09-30,20250930094500000,000070,5,10.24,10.28,10.16,10.17,2090200,21382772.0
2025-09-30 09:50:00,2025-09-30,20250930095000000,000070,5,10.17,10.19,10.15,10.18,939400,9550668.0
2025-09-30 09:55:00,2025-09-30,20250930095500000,000070,5,10.18,10.19,10.13,10.13,925900,9409832.0
2025-09-30 10:00:00,2025-09-30,20250930100000000,000070,5,10.13,10.15,10.12,10.13,757300,7673792.0
2025-09-30 10:05:00,2025-09-30,20250930100500000,000070,5,10.13,10.15,10.1,10.14,925500,9361000.0
2025-09-30 10:10:00,2025-09-30,20250930101000000,000070,5,10.14,10.15,10.1,10.11,592600,5998152.0
2025-09-30 10:15:00,2025-09-30,20250930101500000,000070,5,10.1,10.11,10.08,10.09,846200,8548536.0
2025-09-30 10:20:00,2025-09-30,20250930102000000,000070,5,10.09,10.12,10.08,10.12,414200,4182824.0
2025-09-30 10:25:00,2025-09-30,20250930102500000,000070,5,10.12,10.13,10.1,10.1,302500,3060264.0
2025-09-30 10:30:00,2025-09-30,20250930103000000,000070,5,10.11,10.11,10.07,10.07,657200,6626808.0
2025-09-30 10:35:00,2025-09-30,20250930103500000,000070,5,10.07,10.08,10.05,10.07,720600,7248968.0
2025-09-30 10:40:00,2025-09-30,20250930104000000,000070,5,10.06,10.11,10.06,10.09,624600,6303888.0
2025-09-30 10:45:00,2025-09-30,20250930104500000,000070,5,10.09,10.13,10.07,10.12,602300,6078080.0
2025-09-30 10:50:00,2025-09-30,20250930105000000,000070,5,10.12,10.13,10.11,10.12,310300,3140448.0
2025-09-30 10:55:00,2025-09-30,20250930105500000,000070,5,10.12,10.12,10.09,10.11,238100,2406160.0
2025-09-30 11:00:00,2025-09-30,20250930110000000,000070,5,10.11,10.13,10.11,10.12,237100,2398752.0
2025-09-30 11:05:00,2025-09-30,20250930110500000,000070,5,10.11,10.13,10.11,10.12,182900,1850992.0
2025-09-30 11:10:00,2025-09-30,20250930111000000,000070,5,10.12,10.28,10.12,10.25,2013200,20590784.0
2025-09-30 11:15:00,2025-09-30,20250930111500000,000070,5,10.25,10.25,10.2,10.22,531000,5431392.0
2025-09-30 11:20:00,2025-09-30,20250930112000000,000070,5,10.22,10.22,10.18,10.18,362200,3692656.0
2025-09-30 11:25:00,2025-09-30,20250930112500000,000070,5,10.19,10.19,10.18,10.18,201700,2054976.0
2025-09-30 11:30:00,2025-09-30,20250930113000000,000070,5,10.19,10.19,10.17,10.19,327800,3336272.0
2025-09-30 13:05:00,2025-09-30,20250930130500000,000070,5,10.19,10.2,10.17,10.19,482600,4915056.0
2025-09-30 13:10:00,2025-09-30,20250930131000000,000070,5,10.2,10.2,10.17,10.19,319300,3253648.0
2025-09-30 13:15:00,2025-09-30,20250930131500000,000070,5,10.18,10.19,10.17,10.19,415100,4223920.0
2025-09-30 13:20:00,2025-09-30,20250930132000000,000070,5,10.19,10.21,10.17,10.2,472000,4807552.0
2025-09-30 13:25:00,2025-09-30,20250930132500000,000070,5,10.19,10.2,10.18,10.18,253900,2585728.0
2025-09-30 13:30:00,2025-09-30,20250930133000000,000070,5,10.18,10.19,10.17,10.18,158400,1611920.0
2025-09-30 13:35:00,2025-09-30,20250930133500000,000070,5,10.18,10.18,10.15,10.15,641900,6524640.0
2025-09-30 13:40:00,2025-09-30,20250930134000000,000070,5,10.15,10.15,10.13,10.15,316000,3205344.0
2025-09-30 13:45:00,2025-09-30,20250930134500000,000070,5,10.15,10.16,10.14,10.16,182700,1855520.0
2025-09-30 13:50:00,2025-09-30,20250930135000000,000070,5,10.16,10.17,10.15,10.15,222600,2261488.0
2025-09-30 13:55:00,2025-09-30,20250930135500000,000070,5,10.15,10.17,10.15,10.16,242900,2467344.0
2025-09-30 14:00:00,2025-09-30,20250930140000000,000070,5,10.15,10.16,10.12,10.13,570400,5784016.0
2025-09-30 14:05:00,2025-09-30,20250930140500000,000070,5,10.14,10.19,10.13,10.19,333400,3385488.0
2025-09-30 14:10:00,2025-09-30,20250930141000000,000070,5,10.18,10.19,10.16,10.17,240000,2442368.0
2025-09-30 14:15:00,2025-09-30,20250930141500000,000070,5,10.17,10.17,10.15,10.16,220500,2240704.0
2025-09-30 14:20:00,2025-09-30,20250930142000000,000070,5,10.17,10.18,10.16,10.18,224600,2284576.0
2025-09-30 14:25:00,2025-09-30,20250930142500000,000070,5,10.18,10.19,10.17,10.18,231200,2353712.0
2025-09-30 14:30:00,2025-09-30,20250930143000000,000070,5,10.19,10.19,10.18,10.19,309500,3151888.0
2025-09-30 14:35:00,2025-09-30,20250930143500000,000070,5,10.18,10.19,10.17,10.17,453000,4610320.0
2025-09-30 14:40:00,2025-09-30,20250930144000000,000070,5,10.18,10.19,10.17,10.18,539600,5492976.0
2025-09-30 14:45:00,2025-09-30,20250930144500000,000070,5,10.17,10.18,10.17,10.17,569900,5798544.0
2025-09-30 14:50:00,2025-09-30,20250930145000000,000070,5,10.18,10.18,10.17,10.17,505800,5145936.0
2025-09-30 14:55:00,2025-09-30,20250930145500000,000070,5,10.17,10.18,10.16,10.16,1074400,10923744.0
2025-09-30 15:00:00,2025-09-30,20250930150000000,000070,5,10.16,10.17,10.16,10.16,1016500,10331648.0
2025-10-09 09:35:00,2025-10-09,20251009093500000,000070,5,10.35,10.35,10.24,10.34,3959800,40796268.0
2025-10-09 09:40:00,2025-10-09,20251009094000000,000070,5,10.34,10.34,10.26,10.29,1544600,15914096.0
2025-10-09 09:45:00,2025-10-09,20251009094500000,000070,5,10.29,10.3,10.23,10.25,1275500,13090484.0
2025-10-09 09:50:00,2025-10-09,20251009095000000,000070,5,10.21,10.27,10.2,10.24,1386200,14177888.0
2025-10-09 09:55:00,2025-10-09,20251009095500000,000070,5,10.24,10.24,10.17,10.21,1044800,10659384.0
2025-10-09 10:00:00,2025-10-09,20251009100000000,000070,5,10.21,10.27,10.19,10.27,1023400,10462728.0
2025-10-09 10:05:00,2025-10-09,20251009100500000,000070,5,10.26,10.29,10.25,10.27,657100,6752912.0
2025-10-09 10:10:00,2025-10-09,20251009101000000,000070,5,10.27,10.34,10.27,10.28,1359300,14013240.0
2025-10-09 10:15:00,2025-10-09,20251009101500000,000070,5,10.29,10.31,10.28,10.3,508100,5230776.0
2025-10-09 10:20:00,2025-10-09,20251009102000000,000070,5,10.29,10.3,10.26,10.26,471000,4842272.0
2025-10-09 10:25:00,2025-10-09,20251009102500000,000070,5,10.26,10.27,10.25,10.27,584000,5992128.0
2025-10-09 10:30:00,2025-10-09,20251009103000000,000070,5,10.27,10.27,10.24,10.26,744100,7625808.0
2025-10-09 10:35:00,2025-10-09,20251009103500000,000070,5,10.26,10.28,10.25,10.27,341500,3508608.0
2025-10-09 10:40:00,2025-10-09,20251009104000000,000070,5,10.27,10.28,10.26,10.27,214600,2203296.0
2025-10-09 10:45:00,2025-10-09,20251009104500000,000070,5,10.28,10.28,10.27,10.27,340000,3492736.0
2025-10-09 10:50:00,2025-10-09,20251009105000000,000070,5,10.28,10.28,10.25,10.28,442100,4538256.0
2025-10-09 10:55:00,2025-10-09,20251009105500000,000070,5,10.29,10.32,10.28,10.28,811100,8354784.0
2025-10-09 11:00:00,2025-10-09,20251009110000000,000070,5,10.28,10.3,10.27,10.3,339500,3491648.0
2025-10-09 11:05:00,2025-10-09,20251009110500000,000070,5,10.3,10.31,10.29,10.3,382500,3940560.0
2025-10-09 11:10:00,2025-10-09,20251009111000000,000070,5,10.3,10.31,10.29,10.3,269900,2779456.0
2025-10-09 11:15:00,2025-10-09,20251009111500000,000070,5,10.29,10.3,10.28,10.29,400900,4127312.0
2025-10-09 11:20:00,2025-10-09,20251009112000000,000070,5,10.29,10.3,10.28,10.29,132100,1359600.0
2025-10-09 11:25:00,2025-10-09,20251009112500000,000070,5,10.29,10.3,10.29,10.3,195200,2009216.0
2025-10-09 11:30:00,2025-10-09,20251009113000000,000070,5,10.29,10.3,10.28,10.29,491500,5057360.0
2025-10-09 13:05:00,2025-10-09,20251009130500000,000070,5,10.29,10.31,10.29,10.3,351000,3615088.0
2025-10-09 13:10:00,2025-10-09,20251009131000000,000070,5,10.3,10.31,10.3,10.3,382100,3936192.0
2025-10-09 13:15:00,2025-10-09,20251009131500000,000070,5,10.3,10.3,10.26,10.26,683500,7025456.0
2025-10-09 13:20:00,2025-10-09,20251009132000000,000070,5,10.25,10.26,10.23,10.25,621300,6363264.0
2025-10-09 13:25:00,2025-10-09,20251009132500000,000070,5,10.25,10.26,10.24,10.24,356600,3654672.0
2025-10-09 13:30:00,2025-10-09,20251009133000000,000070,5,10.24,10.25,10.23,10.24,277300,2839776.0
2025-10-09 13:35:00,2025-10-09,20251009133500000,000070,5,10.24,10.25,10.24,10.24,266800,2732720.0
2025-10-09 13:40:00,2025-10-09,20251009134000000,000070,5,10.24,10.25,10.23,10.25,309000,3164304.0
2025-10-09 13:45:00,2025-10-09,20251009134500000,000070,5,10.25,10.26,10.24,10.24,214500,2197648.0
2025-10-09 13:50:00,2025-10-09,20251009135000000,000070,5,10.24,10.25,10.23,10.23,276700,2833792.0
2025-10-09 13:55:00,2025-10-09,20251009135500000,000070,5,10.23,10.24,10.23,10.23,231400,2367808.0
2025-10-09 14:00:00,2025-10-09,20251009140000000,000070,5,10.24,10.25,10.23,10.24,353100,3614048.0
2025-10-09 14:05:00,2025-10-09,20251009140500000,000070,5,10.24,10.28,10.24,10.27,357300,3664944.0
2025-10-09 14:10:00,2025-10-09,20251009141000000,000070,5,10.26,10.28,10.25,10.25,290400,2981744.0
2025-10-09 14:15:00,2025-10-09,20251009141500000,000070,5,10.25,10.26,10.23,10.24,289300,2963536.0
2025-10-09 14:20:00,2025-10-09,20251009142000000,000070,5,10.24,10.26,10.24,10.26,264200,2708048.0
2025-10-09 14:25:00,2025-10-09,20251009142500000,000070,5,10.25,10.26,10.24,10.24,363900,3728192.0
2025-10-09 14:30:00,2025-10-09,20251009143000000,000070,5,10.24,10.25,10.23,10.24,333000,3409872.0
2025-10-09 14:35:00,2025-10-09,20251009143500000,000070,5,10.24,10.24,10.23,10.24,264700,2709136.0
2025-10-09 14:40:00,2025-10-09,20251009144000000,000070,5,10.24,10.24,10.22,10.22,706800,7229152.0
2025-10-09 14:45:00,2025-10-09,20251009144500000,000070,5,10.22,10.23,10.22,10.22,372500,3808112.0
2025-10-09 14:50:00,2025-10-09,20251009145000000,000070,5,10.22,10.23,10.22,10.23,733500,7497696.0
2025-10-09 14:55:00,2025-10-09,20251009145500000,000070,5,10.22,10.23,10.21,10.22,1179200,12049120.0
2025-10-09 15:00:00,2025-10-09,20251009150000000,000070,5,10.22,10.22,10.21,10.21,598500,6113184.0
2025-10-10 09:35:00,2025-10-10,20251010093500000,000070,5,10.18,10.18,10.08,10.11,1877800,18983802.0
2025-10-10 09:40:00,2025-10-10,20251010094000000,000070,5,10.11,10.13,10.04,10.05,2623800,26434330.0
2025-10-10 09:45:00,2025-10-10,20251010094500000,000070,5,10.05,10.07,9.99,9.99,2443700,24496788.0
2025-10-10 09:50:00,2025-10-10,20251010095000000,000070,5,9.99,10.03,9.97,10.0,1788700,17878832.0
2025-10-10 09:55:00,2025-10-10,20251010095500000,000070,5,9.98,10.08,9.98,10.06,1079400,10810840.0
2025-10-10 10:00:00,2025-10-10,20251010100000000,000070,5,10.06,10.2,10.05,10.15,1169000,11836368.0
2025-10-10 10:05:00,2025-10-10,20251010100500000,000070,5,10.15,10.17,10.09,10.09,586100,5939680.0
2025-10-10 10:10:00,2025-10-10,20251010101000000,000070,5,10.09,10.1,10.08,10.09,352100,3551320.0
2025-10-10 10:15:00,2025-10-10,20251010101500000,000070,5,10.08,10.09,10.05,10.05,486600,4899824.0
2025-10-10 10:20:00,2025-10-10,20251010102000000,000070,5,10.05,10.09,10.02,10.06,541100,5435616.0
2025-10-10 10:25:00,2025-10-10,20251010102500000,000070,5,10.05,10.1,10.05,10.09,456500,4598904.0
2025-10-10 10:30:00,2025-10-10,20251010103000000,000070,5,10.09,10.14,10.08,10.12,404700,4089728.0
2025-10-10 10:35:00,2025-10-10,20251010103500000,000070,5,10.13,10.19,10.12,10.15,792300,8042800.0
2025-10-10 10:40:00,2025-10-10,20251010104000000,000070,5,10.15,10.2,10.15,10.19,973600,9912048.0
2025-10-10 10:45:00,2025-10-10,20251010104500000,000070,5,10.19,10.21,10.17,10.18,524800,5349520.0
2025-10-10 10:50:00,2025-10-10,20251010105000000,000070,5,10.19,10.19,10.17,10.18,411700,4192592.0
2025-10-10 10:55:00,2025-10-10,20251010105500000,000070,5,10.17,10.18,10.15,10.16,185200,1883088.0
2025-10-10 11:00:00,2025-10-10,20251010110000000,000070,5,10.16,10.16,10.13,10.14,277800,2817792.0
2025-10-10 11:05:00,2025-10-10,20251010110500000,000070,5,10.14,10.15,10.13,10.14,238700,2419472.0
2025-10-10 11:10:00,2025-10-10,20251010111000000,000070,5,10.14,10.14,10.13,10.13,123100,1247344.0
2025-10-10 11:15:00,2025-10-10,20251010111500000,000070,5,10.13,10.14,10.12,10.12,216100,2187808.0
2025-10-10 11:20:00,2025-10-10,20251010112000000,000070,5,10.12,10.13,10.11,10.12,147800,1496064.0
2025-10-10 11:25:00,2025-10-10,20251010112500000,000070,5,10.11,10.12,10.08,10.09,260400,2629616.0
2025-10-10 11:30:00,2025-10-10,20251010113000000,000070,5,10.08,10.09,10.07,10.07,212900,2145344.0
2025-10-10 13:05:00,2025-10-10,20251010130500000,000070,5,10.08,10.08,10.05,10.06,279600,2814848.0
2025-10-10 13:10:00,2025-10-10,20251010131000000,000070,5,10.06,10.07,10.05,10.06,251600,2530192.0
2025-10-10 13:15:00,2025-10-10,20251010131500000,000070,5,10.05,10.06,10.03,10.03,437900,4399728.0
2025-10-10 13:20:00,2025-10-10,20251010132000000,000070,5,10.05,10.05,10.02,10.02,352900,3540432.0
2025-10-10 13:25:00,2025-10-10,20251010132500000,000070,5,10.02,10.05,10.02,10.03,361100,3624080.0
2025-10-10 13:30:00,2025-10-10,20251010133000000,000070,5,10.03,10.04,10.03,10.03,198400,1990160.0
2025-10-10 13:35:00,2025-10-10,20251010133500000,000070,5,10.03,10.05,10.02,10.03,361500,3625696.0
2025-10-10 13:40:00,2025-10-10,20251010134000000,000070,5,10.03,10.04,10.02,10.03,443000,4443472.0
2025-10-10 13:45:00,2025-10-10,20251010134500000,000070,5,10.03,10.03,10.01,10.01,532400,5334160.0
2025-10-10 13:50:00,2025-10-10,20251010135000000,000070,5,10.01,10.05,10.01,10.04,244700,2455472.0
2025-10-10 13:55:00,2025-10-10,20251010135500000,000070,5,10.04,10.05,10.01,10.04,519500,5207952.0
2025-10-10 14:00:00,2025-10-10,20251010140000000,000070,5,10.04,10.06,10.02,10.05,169600,1702672.0
2025-10-10 14:05:00,2025-10-10,20251010140500000,000070,5,10.06,10.07,10.03,10.03,450100,4524832.0
2025-10-10 14:10:00,2025-10-10,20251010141000000,000070,5,10.03,10.04,10.01,10.01,334500,3351984.0
2025-10-10 14:15:00,2025-10-10,20251010141500000,000070,5,10.01,10.02,10.0,10.01,552800,5532432.0
2025-10-10 14:20:00,2025-10-10,20251010142000000,000070,5,10.01,10.01,9.99,10.01,940900,9409360.0
2025-10-10 14:25:00,2025-10-10,20251010142500000,000070,5,10.01,10.03,10.0,10.01,416000,4165888.0
2025-10-10 14:30:00,2025-10-10,20251010143000000,000070,5,10.01,10.02,10.01,10.01,288100,2885760.0
2025-10-10 14:35:00,2025-10-10,20251010143500000,000070,5,10.02,10.02,10.01,10.01,338800,3392016.0
2025-10-10 14:40:00,2025-10-10,20251010144000000,000070,5,10.01,10.03,10.0,10.01,465400,4662832.0
2025-10-10 14:45:00,2025-10-10,20251010144500000,000070,5,10.0,10.01,9.97,9.98,2003500,20013392.0
2025-10-10 14:50:00,2025-10-10,20251010145000000,000070,5,9.97,9.98,9.95,9.96,1340000,13353472.0
2025-10-10 14:55:00,2025-10-10,20251010145500000,000070,5,9.96,9.98,9.95,9.98,939000,9358208.0
2025-10-10 15:00:00,2025-10-10,20251010150000000,000070,5,9.98,9.99,9.97,9.99,663800,6626272.0
2025-10-13 09:35:00,2025-10-13,20251013093500000,000070,5,9.5,9.64,9.44,9.48,7021400,66641880.0
2025-10-13 09:40:00,2025-10-13,20251013094000000,000070,5,9.49,9.66,9.47,9.64,1947000,18584144.0
2025-10-13 09:45:00,2025-10-13,20251013094500000,000070,5,9.64,9.76,9.64,9.76,2293000,22267560.0
2025-10-13 09:50:00,2025-10-13,20251013095000000,000070,5,9.75,9.76,9.6,9.61,2200900,21265672.0
2025-10-13 09:55:00,2025-10-13,20251013095500000,000070,5,9.62,9.65,9.59,9.6,2436800,23420184.0
2025-10-13 10:00:00,2025-10-13,20251013100000000,000070,5,9.6,9.67,9.6,9.63,937900,9031360.0
2025-10-13 10:05:00,2025-10-13,20251013100500000,000070,5,9.63,9.67,9.61,9.62,763800,7366432.0
2025-10-13 10:10:00,2025-10-13,20251013101000000,000070,5,9.62,9.64,9.6,9.6,707600,6804640.0
2025-10-13 10:15:00,2025-10-13,20251013101500000,000070,5,9.61,9.66,9.6,9.66,570100,5485600.0
2025-10-13 10:20:00,2025-10-13,20251013102000000,000070,5,9.66,9.67,9.65,9.67,303500,2930880.0
2025-10-13 10:25:00,2025-10-13,20251013102500000,000070,5,9.67,9.69,9.66,9.67,642300,6214496.0
2025-10-13 10:30:00,2025-10-13,20251013103000000,000070,5,9.67,9.7,9.66,9.7,302100,2922416.0
2025-10-13 10:35:00,2025-10-13,20251013103500000,000070,5,9.69,9.72,9.69,9.71,346800,3365296.0
2025-10-13 10:40:00,2025-10-13,20251013104000000,000070,5,9.71,9.73,9.68,9.68,466500,4529184.0
2025-10-13 10:45:00,2025-10-13,20251013104500000,000070,5,9.68,9.71,9.68,9.69,370300,3589008.0
2025-10-13 10:50:00,2025-10-13,20251013105000000,000070,5,9.69,9.74,9.69,9.73,450300,4374656.0
2025-10-13 10:55:00,2025-10-13,20251013105500000,000070,5,9.73,9.73,9.7,9.72,320400,3113776.0
2025-10-13 11:00:00,2025-10-13,20251013110000000,000070,5,9.71,9.73,9.71,9.71,177300,1723216.0
2025-10-13 11:05:00,2025-10-13,20251013110500000,000070,5,9.71,9.72,9.7,9.72,251600,2443440.0
2025-10-13 11:10:00,2025-10-13,20251013111000000,000070,5,9.72,9.72,9.69,9.7,336300,3264016.0
2025-10-13 11:15:00,2025-10-13,20251013111500000,000070,5,9.7,9.71,9.69,9.7,226500,2197296.0
2025-10-13 11:20:00,2025-10-13,20251013112000000,000070,5,9.7,9.72,9.68,9.71,215300,2089120.0
2025-10-13 11:25:00,2025-10-13,20251013112500000,000070,5,9.71,9.72,9.66,9.66,341000,3299888.0
2025-10-13 11:30:00,2025-10-13,20251013113000000,000070,5,9.67,9.68,9.63,9.63,366800,3541392.0
2025-10-13 13:05:00,2025-10-13,20251013130500000,000070,5,9.64,9.64,9.61,9.62,542300,5217456.0
2025-10-13 13:10:00,2025-10-13,20251013131000000,000070,5,9.63,9.65,9.62,9.64,226700,2184240.0
2025-10-13 13:15:00,2025-10-13,20251013131500000,000070,5,9.64,9.67,9.64,9.66,193400,1865664.0
2025-10-13 13:20:00,2025-10-13,20251013132000000,000070,5,9.66,9.67,9.66,9.66,186200,1799024.0
2025-10-13 13:25:00,2025-10-13,20251013132500000,000070,5,9.67,9.69,9.66,9.68,252300,2439648.0
2025-10-13 13:30:00,2025-10-13,20251013133000000,000070,5,9.68,9.7,9.68,9.7,133700,1295440.0
2025-10-13 13:35:00,2025-10-13,20251013133500000,000070,5,9.69,9.7,9.69,9.7,296700,2876016.0
2025-10-13 13:40:00,2025-10-13,20251013134000000,000070,5,9.7,9.71,9.69,9.7,295300,2864176.0
2025-10-13 13:45:00,2025-10-13,20251013134500000,000070,5,9.7,9.73,9.7,9.72,276900,2689792.0
2025-10-13 13:50:00,2025-10-13,20251013135000000,000070,5,9.72,9.74,9.71,9.71,420700,4090512.0
2025-10-13 13:55:00,2025-10-13,20251013135500000,000070,5,9.71,9.73,9.7,9.73,367900,3575632.0
2025-10-13 14:00:00,2025-10-13,20251013140000000,000070,5,9.73,9.75,9.73,9.74,301000,2930816.0
2025-10-13 14:05:00,2025-10-13,20251013140500000,000070,5,9.75,9.77,9.73,9.74,617400,6019312.0
2025-10-13 14:10:00,2025-10-13,20251013141000000,000070,5,9.74,9.74,9.72,9.73,200600,1951872.0
2025-10-13 14:15:00,2025-10-13,20251013141500000,000070,5,9.73,9.76,9.73,9.74,275100,2680736.0
2025-10-13 14:20:00,2025-10-13,20251013142000000,000070,5,9.74,9.75,9.72,9.74,249600,2429216.0
2025-10-13 14:25:00,2025-10-13,20251013142500000,000070,5,9.75,9.78,9.74,9.78,582800,5689536.0
2025-10-13 14:30:00,2025-10-13,20251013143000000,000070,5,9.78,9.8,9.77,9.8,411400,4024640.0
2025-10-13 14:35:00,2025-10-13,20251013143500000,000070,5,9.8,9.89,9.8,9.88,665100,6544256.0
2025-10-13 14:40:00,2025-10-13,20251013144000000,000070,5,9.89,9.9,9.84,9.84,678900,6697792.0
2025-10-13 14:45:00,2025-10-13,20251013144500000,000070,5,9.84,9.85,9.82,9.84,500000,4914528.0
2025-10-13 14:50:00,2025-10-13,20251013145000000,000070,5,9.84,9.84,9.82,9.82,528600,5193344.0
2025-10-13 14:55:00,2025-10-13,20251013145500000,000070,5,9.82,9.83,9.81,9.81,671100,6587680.0
2025-10-13 15:00:00,2025-10-13,20251013150000000,000070,5,9.81,9.82,9.8,9.81,665400,6526848.0
2025-10-14 09:35:00,2025-10-14,20251014093500000,000070,5,9.84,9.93,9.84,9.91,1586200,15674367.0
2025-10-14 09:40:00,2025-10-14,20251014094000000,000070,5,9.91,9.91,9.85,9.86,1197400,11822489.0
2025-10-14 09:45:00,2025-10-14,20251014094500000,000070,5,9.87,9.9,9.84,9.87,1093200,10785580.0
2025-10-14 09:50:00,2025-10-14,20251014095000000,000070,5,9.88,9.9,9.87,9.88,607300,6005384.0
2025-10-14 09:55:00,2025-10-14,20251014095500000,000070,5,9.89,9.89,9.85,9.86,514400,5074976.0
2025-10-14 10:00:00,2025-10-14,20251014100000000,000070,5,9.85,9.87,9.81,9.82,816500,8031240.0
2025-10-14 10:05:00,2025-10-14,20251014100500000,000070,5,9.81,9.82,9.76,9.79,1156300,11315788.0
2025-10-14 10:10:00,2025-10-14,20251014101000000,000070,5,9.79,9.8,9.76,9.76,775600,7579360.0
2025-10-14 10:15:00,2025-10-14,20251014101500000,000070,5,9.76,9.76,9.73,9.74,940600,9164256.0
2025-10-14 10:20:00,2025-10-14,20251014102000000,000070,5,9.74,9.74,9.71,9.71,1075600,10460240.0
2025-10-14 10:25:00,2025-10-14,20251014102500000,000070,5,9.71,9.72,9.68,9.7,1095800,10629168.0
2025-10-14 10:30:00,2025-10-14,20251014103000000,000070,5,9.7,9.7,9.66,9.66,907400,8784832.0
2025-10-14 10:35:00,2025-10-14,20251014103500000,000070,5,9.66,9.68,9.64,9.64,871700,8419816.0
2025-10-14 10:40:00,2025-10-14,20251014104000000,000070,5,9.63,9.64,9.61,9.62,792500,7626704.0
2025-10-14 10:45:00,2025-10-14,20251014104500000,000070,5,9.62,9.62,9.58,9.61,1542000,14803768.0
2025-10-14 10:50:00,2025-10-14,20251014105000000,000070,5,9.61,9.61,9.54,9.55,1429500,13685392.0
2025-10-14 10:55:00,2025-10-14,20251014105500000,000070,5,9.55,9.58,9.55,9.58,562500,5378768.0
2025-10-14 11:00:00,2025-10-14,20251014110000000,000070,5,9.57,9.58,9.54,9.54,593700,5672304.0
2025-10-14 11:05:00,2025-10-14,20251014110500000,000070,5,9.54,9.56,9.54,9.56,572200,5462544.0
2025-10-14 11:10:00,2025-10-14,20251014111000000,000070,5,9.55,9.55,9.5,9.51,956800,9115312.0
2025-10-14 11:15:00,2025-10-14,20251014111500000,000070,5,9.51,9.54,9.5,9.53,576900,5485680.0
2025-10-14 11:20:00,2025-10-14,20251014112000000,000070,5,9.53,9.53,9.5,9.51,539800,5138688.0
2025-10-14 11:25:00,2025-10-14,20251014112500000,000070,5,9.51,9.54,9.5,9.54,538100,5118416.0
2025-10-14 11:30:00,2025-10-14,20251014113000000,000070,5,9.53,9.56,9.53,9.55,337500,3220784.0
2025-10-14 13:05:00,2025-10-14,20251014130500000,000070,5,9.57,9.57,9.45,9.46,1643100,15617792.0
2025-10-14 13:10:00,2025-10-14,20251014131000000,000070,5,9.46,9.48,9.46,9.47,475200,4498912.0
2025-10-14 13:15:00,2025-10-14,20251014131500000,000070,5,9.47,9.48,9.46,9.47,535000,5065584.0
2025-10-14 13:20:00,2025-10-14,20251014132000000,000070,5,9.48,9.53,9.47,9.53,360500,3423632.0
2025-10-14 13:25:00,2025-10-14,20251014132500000,000070,5,9.53,9.57,9.53,9.56,465400,4447232.0
2025-10-14 13:30:00,2025-10-14,20251014133000000,000070,5,9.56,9.59,9.53,9.54,589300,5638080.0
2025-10-14 13:35:00,2025-10-14,20251014133500000,000070,5,9.54,9.58,9.53,9.54,282300,2696144.0
2025-10-14 13:40:00,2025-10-14,20251014134000000,000070,5,9.54,9.54,9.5,9.5,217100,2065168.0
2025-10-14 13:45:00,2025-10-14,20251014134500000,000070,5,9.5,9.51,9.48,9.51,329100,3124256.0
2025-10-14 13:50:00,2025-10-14,20251014135000000,000070,5,9.51,9.51,9.49,9.49,322200,3060112.0
2025-10-14 13:55:00,2025-10-14,20251014135500000,000070,5,9.49,9.51,9.49,9.5,381800,3626416.0
2025-10-14 14:00:00,2025-10-14,20251014140000000,000070,5,9.49,9.5,9.46,9.46,629500,5969568.0
2025-10-14 14:05:00,2025-10-14,20251014140500000,000070,5,9.46,9.47,9.46,9.46,437200,4137424.0
2025-10-14 14:10:00,2025-10-14,20251014141000000,000070,5,9.47,9.47,9.41,9.42,1300400,12279744.0
2025-10-14 14:15:00,2025-10-14,20251014141500000,000070,5,9.42,9.44,9.41,9.43,562100,5296096.0
2025-10-14 14:20:00,2025-10-14,20251014142000000,000070,5,9.43,9.44,9.36,9.36,1846700,17355168.0
2025-10-14 14:25:00,2025-10-14,20251014142500000,000070,5,9.37,9.39,9.36,9.39,553600,5192032.0
2025-10-14 14:30:00,2025-10-14,20251014143000000,000070,5,9.39,9.41,9.38,9.41,1044400,9807008.0
2025-10-14 14:35:00,2025-10-14,20251014143500000,000070,5,9.41,9.42,9.39,9.4,568800,5350656.0
2025-10-14 14:40:00,2025-10-14,20251014144000000,000070,5,9.4,9.4,9.36,9.37,683200,6404288.0
2025-10-14 14:45:00,2025-10-14,20251014144500000,000070,5,9.36,9.36,9.3,9.34,1269800,11844640.0
2025-10-14 14:50:00,2025-10-14,20251014145000000,000070,5,9.33,9.37,9.31,9.35,960800,8972448.0
2025-10-14 14:55:00,2025-10-14,20251014145500000,000070,5,9.35,9.37,9.34,9.36,913600,8547424.0
2025-10-14 15:00:00,2025-10-14,20251014150000000,000070,5,9.36,9.38,9.35,9.36,814800,7628480.0
2025-10-15 09:35:00,2025-10-15,20251015093500000,000070,5,9.38,9.45,9.33,9.37,1754700,16457583.0
2025-10-15 09:40:00,2025-10-15,20251015094000000,000070,5,9.38,9.39,9.33,9.38,1420000,13291385.0
2025-10-15 09:45:00,2025-10-15,20251015094500000,000070,5,9.38,9.45,9.38,9.45,989500,9311768.0
2025-10-15 09:50:00,2025-10-15,20251015095000000,000070,5,9.46,9.5,9.41,9.41,1061400,10052696.0
2025-10-15 09:55:00,2025-10-15,20251015095500000,000070,5,9.41,9.43,9.36,9.42,705000,6626676.0
2025-10-15 10:00:00,2025-10-15,20251015100000000,000070,5,9.42,9.45,9.41,9.44,309400,2917636.0
2025-10-15 10:05:00,2025-10-15,20251015100500000,000070,5,9.45,9.45,9.41,9.44,537400,5069188.0
2025-10-15 10:10:00,2025-10-15,20251015101000000,000070,5,9.43,9.47,9.42,9.47,382600,3611052.0
2025-10-15 10:15:00,2025-10-15,20251015101500000,000070,5,9.47,9.48,9.45,9.46,473100,4478264.0
2025-10-15 10:20:00,2025-10-15,20251015102000000,000070,5,9.45,9.46,9.44,9.45,356700,3372024.0
2025-10-15 10:25:00,2025-10-15,20251015102500000,000070,5,9.46,9.46,9.43,9.44,225800,2132096.0
2025-10-15 10:30:00,2025-10-15,20251015103000000,000070,5,9.43,9.45,9.43,9.43,258200,2436896.0
2025-10-15 10:35:00,2025-10-15,20251015103500000,000070,5,9.43,9.43,9.42,9.42,253600,2389472.0
2025-10-15 10:40:00,2025-10-15,20251015104000000,000070,5,9.42,9.42,9.38,9.4,371600,3492648.0
2025-10-15 10:45:00,2025-10-15,20251015104500000,000070,5,9.39,9.4,9.37,9.37,438900,4117784.0
2025-10-15 10:50:00,2025-10-15,20251015105000000,000070,5,9.37,9.38,9.36,9.36,486600,4558328.0
2025-10-15 10:55:00,2025-10-15,20251015105500000,000070,5,9.37,9.38,9.36,9.38,322100,3018136.0
2025-10-15 11:00:00,2025-10-15,20251015110000000,000070,5,9.37,9.38,9.35,9.35,437400,4094088.0
2025-10-15 11:05:00,2025-10-15,20251015110500000,000070,5,9.35,9.38,9.35,9.38,171200,1603896.0
2025-10-15 11:10:00,2025-10-15,20251015111000000,000070,5,9.37,9.38,9.36,9.37,77900,730000.0
2025-10-15 11:15:00,2025-10-15,20251015111500000,000070,5,9.37,9.38,9.35,9.36,268500,2514824.0
2025-10-15 11:20:00,2025-10-15,20251015112000000,000070,5,9.36,9.39,9.36,9.39,168200,1577296.0
2025-10-15 11:25:00,2025-10-15,20251015112500000,000070,5,9.4,9.4,9.39,9.4,89000,836168.0
2025-10-15 11:30:00,2025-10-15,20251015113000000,000070,5,9.4,9.42,9.39,9.41,103100,969712.0
2025-10-15 13:05:00,2025-10-15,20251015130500000,000070,5,9.42,9.42,9.38,9.4,256700,2413000.0
2025-10-15 13:10:00,2025-10-15,20251015131000000,000070,5,9.4,9.41,9.37,9.38,207200,1944664.0
2025-10-15 13:15:00,2025-10-15,20251015131500000,000070,5,9.37,9.39,9.37,9.39,114600,1075136.0
2025-10-15 13:20:00,2025-10-15,20251015132000000,000070,5,9.39,9.4,9.38,9.39,122600,1151048.0
2025-10-15 13:25:00,2025-10-15,20251015132500000,000070,5,9.39,9.4,9.38,9.39,161900,1520000.0
2025-10-15 13:30:00,2025-10-15,20251015133000000,000070,5,9.39,9.4,9.38,9.4,264000,2478272.0
2025-10-15 13:35:00,2025-10-15,20251015133500000,000070,5,9.4,9.41,9.38,9.4,319400,3001256.0
2025-10-15 13:40:00,2025-10-15,20251015134000000,000070,5,9.39,9.41,9.38,9.4,365400,3433232.0
2025-10-15 13:45:00,2025-10-15,20251015134500000,000070,5,9.41,9.41,9.39,9.39,251500,2365408.0
2025-10-15 13:50:00,2025-10-15,20251015135000000,000070,5,9.4,9.4,9.38,9.38,293000,2752376.0
2025-10-15 13:55:00,2025-10-15,20251015135500000,000070,5,9.4,9.4,9.38,9.38,204600,1920680.0
2025-10-15 14:00:00,2025-10-15,20251015140000000,000070,5,9.39,9.41,9.38,9.41,313900,2949440.0
2025-10-15 14:05:00,2025-10-15,20251015140500000,000070,5,9.41,9.43,9.4,9.41,435800,4104624.0
2025-10-15 14:10:00,2025-10-15,20251015141000000,000070,5,9.42,9.43,9.41,9.43,170200,1603872.0
2025-10-15 14:15:00,2025-10-15,20251015141500000,000070,5,9.43,9.44,9.42,9.42,320700,3024176.0
2025-10-15 14:20:00,2025-10-15,20251015142000000,000070,5,9.42,9.44,9.42,9.42,192600,1816096.0
2025-10-15 14:25:00,2025-10-15,20251015142500000,000070,5,9.42,9.45,9.42,9.45,354800,3348800.0
2025-10-15 14:30:00,2025-10-15,20251015143000000,000070,5,9.44,9.48,9.44,9.47,570300,5396464.0
2025-10-15 14:35:00,2025-10-15,20251015143500000,000070,5,9.47,9.53,9.47,9.53,1290800,12251264.0
2025-10-15 14:40:00,2025-10-15,20251015144000000,000070,5,9.52,9.55,9.51,9.51,918500,8755600.0
2025-10-15 14:45:00,2025-10-15,20251015144500000,000070,5,9.51,9.54,9.51,9.53,472500,4502208.0
2025-10-15 14:50:00,2025-10-15,20251015145000000,000070,5,9.52,9.55,9.52,9.54,771800,7360224.0
2025-10-15 14:55:00,2025-10-15,20251015145500000,000070,5,9.54,9.55,9.53,9.54,703900,6714912.0
2025-10-15 15:00:00,2025-10-15,20251015150000000,000070,5,9.54,9.55,9.54,9.54,655900,6258784.0
2025-10-16 09:35:00,2025-10-16,20251016093500000,000070,5,9.48,9.52,9.45,9.45,1008400,9559308.0
2025-10-16 09:40:00,2025-10-16,20251016094000000,000070,5,9.45,9.5,9.43,9.49,793100,7506184.0
2025-10-16 09:45:00,2025-10-16,20251016094500000,000070,5,9.49,9.57,9.49,9.52,708000,6749900.0
2025-10-16 09:50:00,2025-10-16,20251016095000000,000070,5,9.52,9.52,9.47,9.49,702700,6672228.0
2025-10-16 09:55:00,2025-10-16,20251016095500000,000070,5,9.49,9.54,9.49,9.53,288900,2749276.0
2025-10-16 10:00:00,2025-10-16,20251016100000000,000070,5,9.53,9.54,9.51,9.51,572500,5451668.0
2025-10-16 10:05:00,2025-10-16,20251016100500000,000070,5,9.51,9.54,9.51,9.52,376400,3585040.0
2025-10-16 10:10:00,2025-10-16,20251016101000000,000070,5,9.53,9.53,9.49,9.51,280500,2667280.0
2025-10-16 10:15:00,2025-10-16,20251016101500000,000070,5,9.5,9.52,9.49,9.49,343500,3263792.0
2025-10-16 10:20:00,2025-10-16,20251016102000000,000070,5,9.5,9.5,9.48,9.48,507100,4806760.0
2025-10-16 10:25:00,2025-10-16,20251016102500000,000070,5,9.48,9.49,9.46,9.48,378300,3585272.0
2025-10-16 10:30:00,2025-10-16,20251016103000000,000070,5,9.47,9.48,9.46,9.47,341100,3229156.0
2025-10-16 10:35:00,2025-10-16,20251016103500000,000070,5,9.47,9.48,9.44,9.44,370600,3504852.0
2025-10-16 10:40:00,2025-10-16,20251016104000000,000070,5,9.44,9.46,9.43,9.45,567600,5360892.0
2025-10-16 10:45:00,2025-10-16,20251016104500000,000070,5,9.45,9.46,9.44,9.45,180600,1705872.0
2025-10-16 10:50:00,2025-10-16,20251016105000000,000070,5,9.44,9.47,9.44,9.47,230400,2176944.0
2025-10-16 10:55:00,2025-10-16,20251016105500000,000070,5,9.47,9.47,9.45,9.45,203400,1922624.0
2025-10-16 11:00:00,2025-10-16,20251016110000000,000070,5,9.45,9.46,9.44,9.45,389700,3682528.0
2025-10-16 11:05:00,2025-10-16,20251016110500000,000070,5,9.45,9.46,9.44,9.44,166300,1571648.0
2025-10-16 11:10:00,2025-10-16,20251016111000000,000070,5,9.44,9.45,9.42,9.42,456000,4302312.0
2025-10-16 11:15:00,2025-10-16,20251016111500000,000070,5,9.42,9.44,9.42,9.43,294500,2776232.0
2025-10-16 11:20:00,2025-10-16,20251016112000000,000070,5,9.44,9.44,9.4,9.41,365200,3439096.0
2025-10-16 11:25:00,2025-10-16,20251016112500000,000070,5,9.4,9.41,9.39,9.39,433800,4077760.0
2025-10-16 11:30:00,2025-10-16,20251016113000000,000070,5,9.39,9.4,9.38,9.39,181400,1703264.0
2025-10-16 13:05:00,2025-10-16,20251016130500000,000070,5,9.39,9.39,9.35,9.35,614500,5759592.0
2025-10-16 13:10:00,2025-10-16,20251016131000000,000070,5,9.35,9.35,9.33,9.34,370500,3461560.0
2025-10-16 13:15:00,2025-10-16,20251016131500000,000070,5,9.35,9.37,9.35,9.35,312800,2926312.0
2025-10-16 13:20:00,2025-10-16,20251016132000000,000070,5,9.36,9.37,9.35,9.35,191700,1794024.0
2025-10-16 13:25:00,2025-10-16,20251016132500000,000070,5,9.35,9.36,9.34,9.34,314800,2943000.0
2025-10-16 13:30:00,2025-10-16,20251016133000000,000070,5,9.34,9.35,9.33,9.33,1037600,9671664.0
2025-10-16 13:35:00,2025-10-16,20251016133500000,000070,5,9.33,9.35,9.32,9.33,1346800,12533480.0
2025-10-16 13:40:00,2025-10-16,20251016134000000,000070,5,9.33,9.34,9.31,9.32,1486700,13844416.0
2025-10-16 13:45:00,2025-10-16,20251016134500000,000070,5,9.31,9.33,9.31,9.32,133500,1244032.0
2025-10-16 13:50:00,2025-10-16,20251016135000000,000070,5,9.32,9.32,9.3,9.3,521700,4853152.0
2025-10-16 13:55:00,2025-10-16,20251016135500000,000070,5,9.3,9.35,9.29,9.35,815400,7591920.0
2025-10-16 14:00:00,2025-10-16,20251016140000000,000070,5,9.35,9.36,9.31,9.31,290100,2709040.0
2025-10-16 14:05:00,2025-10-16,20251016140500000,000070,5,9.31,9.32,9.3,9.32,212600,1979648.0
2025-10-16 14:10:00,2025-10-16,20251016141000000,000070,5,9.31,9.34,9.31,9.33,221700,2068224.0
2025-10-16 14:15:00,2025-10-16,20251016141500000,000070,5,9.33,9.35,9.33,9.35,338200,3159632.0
2025-10-16 14:20:00,2025-10-16,20251016142000000,000070,5,9.34,9.35,9.32,9.34,377200,3519584.0
2025-10-16 14:25:00,2025-10-16,20251016142500000,000070,5,9.32,9.33,9.3,9.3,282300,2627792.0
2025-10-16 14:30:00,2025-10-16,20251016143000000,000070,5,9.3,9.31,9.3,9.3,392600,3652528.0
2025-10-16 14:35:00,2025-10-16,20251016143500000,000070,5,9.31,9.32,9.29,9.29,685200,6373664.0
2025-10-16 14:40:00,2025-10-16,20251016144000000,000070,5,9.29,9.3,9.27,9.27,541400,5024848.0
2025-10-16 14:45:00,2025-10-16,20251016144500000,000070,5,9.27,9.28,9.25,9.27,1028400,9519920.0
2025-10-16 14:50:00,2025-10-16,20251016145000000,000070,5,9.27,9.3,9.27,9.29,518100,4809520.0
2025-10-16 14:55:00,2025-10-16,20251016145500000,000070,5,9.29,9.3,9.29,9.29,575700,5352192.0
2025-10-16 15:00:00,2025-10-16,20251016150000000,000070,5,9.31,9.31,9.29,9.31,773500,7199040.0
2025-10-17 09:35:00,2025-10-17,20251017093500000,000070,5,9.61,9.61,9.36,9.41,4602000,43693888.0
2025-10-17 09:40:00,2025-10-17,20251017094000000,000070,5,9.42,9.42,9.39,9.4,1279500,12035296.0
2025-10-17 09:45:00,2025-10-17,20251017094500000,000070,5,9.41,9.41,9.34,9.38,1250200,11706192.0
2025-10-17 09:50:00,2025-10-17,20251017095000000,000070,5,9.36,9.37,9.31,9.33,941700,8786488.0
2025-10-17 09:55:00,2025-10-17,20251017095500000,000070,5,9.33,9.35,9.3,9.33,723900,6753960.0
2025-10-17 10:00:00,2025-10-17,20251017100000000,000070,5,9.32,9.36,9.31,9.31,731600,6826824.0
2025-10-17 10:05:00,2025-10-17,20251017100500000,000070,5,9.32,9.33,9.3,9.32,730300,6795840.0
2025-10-17 10:10:00,2025-10-17,20251017101000000,000070,5,9.33,9.34,9.31,9.32,292900,2732056.0
2025-10-17 10:15:00,2025-10-17,20251017101500000,000070,5,9.31,9.32,9.28,9.3,749600,6970752.0
2025-10-17 10:20:00,2025-10-17,20251017102000000,000070,5,9.3,9.31,9.28,9.31,392600,3649040.0
2025-10-17 10:25:00,2025-10-17,20251017102500000,000070,5,9.3,9.31,9.29,9.31,241700,2249144.0
2025-10-17 10:30:00,2025-10-17,20251017103000000,000070,5,9.3,9.35,9.3,9.32,290500,2709528.0
2025-10-17 10:35:00,2025-10-17,20251017103500000,000070,5,9.33,9.37,9.32,9.36,437600,4092352.0
2025-10-17 10:40:00,2025-10-17,20251017104000000,000070,5,9.35,9.37,9.34,9.35,249900,2337240.0
2025-10-17 10:45:00,2025-10-17,20251017104500000,000070,5,9.34,9.36,9.33,9.35,311300,2909656.0
2025-10-17 10:50:00,2025-10-17,20251017105000000,000070,5,9.35,9.35,9.34,9.34,162400,1517848.0
2025-10-17 10:55:00,2025-10-17,20251017105500000,000070,5,9.35,9.36,9.33,9.34,236800,2212864.0
2025-10-17 11:00:00,2025-10-17,20251017110000000,000070,5,9.34,9.35,9.33,9.35,217700,2033304.0
2025-10-17 11:05:00,2025-10-17,20251017110500000,000070,5,9.35,9.35,9.29,9.29,478500,4455200.0
2025-10-17 11:10:00,2025-10-17,20251017111000000,000070,5,9.29,9.3,9.28,9.3,283400,2633792.0
2025-10-17 11:15:00,2025-10-17,20251017111500000,000070,5,9.29,9.3,9.28,9.29,334000,3101776.0
2025-10-17 11:20:00,2025-10-17,20251017112000000,000070,5,9.28,9.3,9.27,9.29,446100,4141168.0
2025-10-17 11:25:00,2025-10-17,20251017112500000,000070,5,9.29,9.3,9.27,9.29,193100,1794048.0
2025-10-17 11:30:00,2025-10-17,20251017113000000,000070,5,9.28,9.29,9.27,9.28,207600,1926688.0
2025-10-17 13:05:00,2025-10-17,20251017130500000,000070,5,9.28,9.29,9.24,9.27,732400,6780656.0
2025-10-17 13:10:00,2025-10-17,20251017131000000,000070,5,9.28,9.28,9.23,9.24,302900,2802512.0
2025-10-17 13:15:00,2025-10-17,20251017131500000,000070,5,9.23,9.26,9.23,9.25,256000,2366928.0
2025-10-17 13:20:00,2025-10-17,20251017132000000,000070,5,9.25,9.26,9.22,9.22,345000,3186480.0
2025-10-17 13:25:00,2025-10-17,20251017132500000,000070,5,9.22,9.25,9.21,9.23,458300,4227008.0
2025-10-17 13:30:00,2025-10-17,20251017133000000,000070,5,9.24,9.25,9.21,9.25,298300,2752272.0
2025-10-17 13:35:00,2025-10-17,20251017133500000,000070,5,9.25,9.26,9.22,9.23,220300,2037056.0
2025-10-17 13:40:00,2025-10-17,20251017134000000,000070,5,9.23,9.34,9.23,9.28,583400,5420864.0
2025-10-17 13:45:00,2025-10-17,20251017134500000,000070,5,9.29,9.29,9.26,9.27,342600,3179728.0
2025-10-17 13:50:00,2025-10-17,20251017135000000,000070,5,9.27,9.28,9.26,9.27,91000,843456.0
2025-10-17 13:55:00,2025-10-17,20251017135500000,000070,5,9.28,9.28,9.25,9.25,136300,1262752.0
2025-10-17 14:00:00,2025-10-17,20251017140000000,000070,5,9.26,9.27,9.24,9.26,151700,1403744.0
2025-10-17 14:05:00,2025-10-17,20251017140500000,000070,5,9.26,9.26,9.24,9.26,142400,1317472.0
2025-10-17 14:10:00,2025-10-17,20251017141000000,000070,5,9.26,9.27,9.23,9.23,292200,2703616.0
2025-10-17 14:15:00,2025-10-17,20251017141500000,000070,5,9.23,9.24,9.21,9.21,322100,2969056.0
2025-10-17 14:20:00,2025-10-17,20251017142000000,000070,5,9.21,9.24,9.21,9.22,199300,1839040.0
2025-10-17 14:25:00,2025-10-17,20251017142500000,000070,5,9.23,9.23,9.2,9.21,468900,4319680.0
2025-10-17 14:30:00,2025-10-17,20251017143000000,000070,5,9.21,9.22,9.18,9.19,870400,8005712.0
2025-10-17 14:35:00,2025-10-17,20251017143500000,000070,5,9.19,9.2,9.17,9.17,482300,4430592.0
2025-10-17 14:40:00,2025-10-17,20251017144000000,000070,5,9.17,9.19,9.16,9.18,649300,5954656.0
2025-10-17 14:45:00,2025-10-17,20251017144500000,000070,5,9.17,9.22,9.17,9.2,401300,3688768.0
2025-10-17 14:50:00,2025-10-17,20251017145000000,000070,5,9.19,9.2,9.16,9.16,722800,6634048.0
2025-10-17 14:55:00,2025-10-17,20251017145500000,000070,5,9.16,9.17,9.15,9.17,771900,7070752.0
2025-10-17 15:00:00,2025-10-17,20251017150000000,000070,5,9.17,9.19,9.16,9.18,469400,4307440.0
2025-10-20 09:35:00,2025-10-20,20251020093500000,000070,5,9.22,9.35,9.22,9.31,2689100,24935608.0
2025-10-20 09:40:00,2025-10-20,20251020094000000,000070,5,9.3,9.34,9.29,9.29,1359800,12669972.0
2025-10-20 09:45:00,2025-10-20,20251020094500000,000070,5,9.3,9.31,9.23,9.31,1721300,15954716.0
2025-10-20 09:50:00,2025-10-20,20251020095000000,000070,5,9.33,9.34,9.29,9.3,1431300,13345136.0
2025-10-20 09:55:00,2025-10-20,20251020095500000,000070,5,9.3,9.32,9.29,9.3,783600,7295832.0
2025-10-20 10:00:00,2025-10-20,20251020100000000,000070,5,9.31,9.34,9.31,9.34,991600,9246800.0
2025-10-20 10:05:00,2025-10-20,20251020100500000,000070,5,9.34,9.36,9.34,9.35,869100,8127288.0
2025-10-20 10:10:00,2025-10-20,20251020101000000,000070,5,9.35,9.39,9.33,9.39,1355700,12683952.0
2025-10-20 10:15:00,2025-10-20,20251020101500000,000070,5,9.39,9.46,9.35,9.43,1487100,13970696.0
2025-10-20 10:20:00,2025-10-20,20251020102000000,000070,5,9.43,9.46,9.41,9.43,1107600,10446384.0
2025-10-20 10:25:00,2025-10-20,20251020102500000,000070,5,9.43,9.44,9.41,9.41,428700,4040800.0
2025-10-20 10:30:00,2025-10-20,20251020103000000,000070,5,9.42,9.42,9.4,9.41,730700,6875760.0
2025-10-20 10:35:00,2025-10-20,20251020103500000,000070,5,9.41,9.44,9.4,9.43,743700,7010224.0
2025-10-20 10:40:00,2025-10-20,20251020104000000,000070,5,9.43,9.44,9.42,9.42,310000,2922288.0
2025-10-20 10:45:00,2025-10-20,20251020104500000,000070,5,9.42,9.43,9.41,9.41,154000,1450768.0
2025-10-20 10:50:00,2025-10-20,20251020105000000,000070,5,9.42,9.45,9.41,9.44,1259700,11886432.0
2025-10-20 10:55:00,2025-10-20,20251020105500000,000070,5,9.43,9.44,9.41,9.41,380100,3581488.0
2025-10-20 11:00:00,2025-10-20,20251020110000000,000070,5,9.41,9.42,9.4,9.41,477800,4493232.0
2025-10-20 11:05:00,2025-10-20,20251020110500000,000070,5,9.41,9.41,9.37,9.37,575700,5405152.0
2025-10-20 11:10:00,2025-10-20,20251020111000000,000070,5,9.37,9.37,9.35,9.37,282100,2641536.0
2025-10-20 11:15:00,2025-10-20,20251020111500000,000070,5,9.37,9.37,9.36,9.36,82100,769008.0
2025-10-20 11:20:00,2025-10-20,20251020112000000,000070,5,9.36,9.37,9.35,9.37,406600,3806064.0
2025-10-20 11:25:00,2025-10-20,20251020112500000,000070,5,9.37,9.4,9.37,9.39,288500,2706832.0
2025-10-20 11:30:00,2025-10-20,20251020113000000,000070,5,9.39,9.39,9.38,9.38,85000,797632.0
2025-10-20 13:05:00,2025-10-20,20251020130500000,000070,5,9.38,9.39,9.34,9.35,506300,4736624.0
2025-10-20 13:10:00,2025-10-20,20251020131000000,000070,5,9.34,9.35,9.33,9.34,166100,1551648.0
2025-10-20 13:15:00,2025-10-20,20251020131500000,000070,5,9.34,9.34,9.31,9.31,342500,3192768.0
2025-10-20 13:20:00,2025-10-20,20251020132000000,000070,5,9.31,9.31,9.3,9.31,581100,5407584.0
2025-10-20 13:25:00,2025-10-20,20251020132500000,000070,5,9.31,9.32,9.3,9.3,275500,2564720.0
2025-10-20 13:30:00,2025-10-20,20251020133000000,000070,5,9.3,9.32,9.3,9.31,227800,2119968.0
2025-10-20 13:35:00,2025-10-20,20251020133500000,000070,5,9.32,9.32,9.29,9.31,343000,3191520.0
2025-10-20 13:40:00,2025-10-20,20251020134000000,000070,5,9.31,9.33,9.31,9.31,123200,1147776.0
2025-10-20 13:45:00,2025-10-20,20251020134500000,000070,5,9.31,9.32,9.31,9.31,93900,874352.0
2025-10-20 13:50:00,2025-10-20,20251020135000000,000070,5,9.31,9.33,9.3,9.32,197100,1835312.0
2025-10-20 13:55:00,2025-10-20,20251020135500000,000070,5,9.32,9.33,9.3,9.32,90300,841056.0
2025-10-20 14:00:00,2025-10-20,20251020140000000,000070,5,9.32,9.34,9.32,9.34,204600,1907744.0
2025-10-20 14:05:00,2025-10-20,20251020140500000,000070,5,9.33,9.34,9.32,9.32,146700,1368512.0
2025-10-20 14:10:00,2025-10-20,20251020141000000,000070,5,9.32,9.33,9.31,9.31,191300,1781952.0
2025-10-20 14:15:00,2025-10-20,20251020141500000,000070,5,9.31,9.31,9.28,9.29,361300,3356384.0
2025-10-20 14:20:00,2025-10-20,20251020142000000,000070,5,9.29,9.29,9.27,9.27,134700,1250032.0
2025-10-20 14:25:00,2025-10-20,20251020142500000,000070,5,9.27,9.29,9.27,9.29,238500,2213696.0
2025-10-20 14:30:00,2025-10-20,20251020143000000,000070,5,9.29,9.32,9.29,9.3,132500,1232448.0
2025-10-20 14:35:00,2025-10-20,20251020143500000,000070,5,9.31,9.31,9.28,9.28,201200,1870048.0
2025-10-20 14:40:00,2025-10-20,20251020144000000,000070,5,9.28,9.3,9.28,9.29,248900,2311184.0
2025-10-20 14:45:00,2025-10-20,20251020144500000,000070,5,9.29,9.32,9.29,9.32,489700,4554784.0
2025-10-20 14:50:00,2025-10-20,20251020145000000,000070,5,9.32,9.32,9.3,9.31,455500,4241344.0
2025-10-20 14:55:00,2025-10-20,20251020145500000,000070,5,9.31,9.31,9.3,9.3,554400,5160544.0
2025-10-20 15:00:00,2025-10-20,20251020150000000,000070,5,9.31,9.32,9.3,9.3,626400,5829136.0
2025-10-21 09:35:00,2025-10-21,20251021093500000,000070,5,9.34,9.34,9.27,9.29,838500,7792161.0
2025-10-21 09:40:00,2025-10-21,20251021094000000,000070,5,9.28,9.33,9.26,9.27,829100,7699888.0
2025-10-21 09:45:00,2025-10-21,20251021094500000,000070,5,9.26,9.29,9.23,9.28,1139300,10542403.0
2025-10-21 09:50:00,2025-10-21,20251021095000000,000070,5,9.28,9.32,9.25,9.29,830300,7722644.0
2025-10-21 09:55:00,2025-10-21,20251021095500000,000070,5,9.3,9.33,9.29,9.32,651300,6064920.0
2025-10-21 10:00:00,2025-10-21,20251021100000000,000070,5,9.32,9.32,9.3,9.31,379000,3527776.0
2025-10-21 10:05:00,2025-10-21,20251021100500000,000070,5,9.31,9.31,9.29,9.3,377900,3514492.0
2025-10-21 10:10:00,2025-10-21,20251021101000000,000070,5,9.31,9.32,9.3,9.31,276600,2574432.0
2025-10-21 10:15:00,2025-10-21,20251021101500000,000070,5,9.31,9.34,9.3,9.34,820200,7640292.0
2025-10-21 10:20:00,2025-10-21,20251021102000000,000070,5,9.34,9.37,9.33,9.35,774900,7249716.0
2025-10-21 10:25:00,2025-10-21,20251021102500000,000070,5,9.35,9.37,9.35,9.37,256700,2401960.0
2025-10-21 10:30:00,2025-10-21,20251021103000000,000070,5,9.37,9.38,9.37,9.38,378400,3547908.0
2025-10-21 10:35:00,2025-10-21,20251021103500000,000070,5,9.38,9.4,9.37,9.4,607200,5697488.0
2025-10-21 10:40:00,2025-10-21,20251021104000000,000070,5,9.4,9.41,9.39,9.4,499000,4690144.0
2025-10-21 10:45:00,2025-10-21,20251021104500000,000070,5,9.4,9.41,9.37,9.39,365900,3435760.0
2025-10-21 10:50:00,2025-10-21,20251021105000000,000070,5,9.39,9.4,9.38,9.39,273200,2565728.0
2025-10-21 10:55:00,2025-10-21,20251021105500000,000070,5,9.38,9.41,9.37,9.41,693300,6514208.0
2025-10-21 11:00:00,2025-10-21,20251021110000000,000070,5,9.41,9.41,9.38,9.39,179400,1685304.0
2025-10-21 11:05:00,2025-10-21,20251021110500000,000070,5,9.39,9.42,9.39,9.42,414500,3898736.0
2025-10-21 11:10:00,2025-10-21,20251021111000000,000070,5,9.42,9.45,9.42,9.43,736900,6949832.0
2025-10-21 11:15:00,2025-10-21,20251021111500000,000070,5,9.43,9.43,9.42,9.43,197900,1865552.0
2025-10-21 11:20:00,2025-10-21,20251021112000000,000070,5,9.43,9.44,9.42,9.44,329700,3110232.0
2025-10-21 11:25:00,2025-10-21,20251021112500000,000070,5,9.44,9.45,9.43,9.44,327200,3088432.0
2025-10-21 11:30:00,2025-10-21,20251021113000000,000070,5,9.44,9.44,9.43,9.44,201800,1904616.0
2025-10-21 13:05:00,2025-10-21,20251021130500000,000070,5,9.44,9.45,9.43,9.44,432800,4086632.0
2025-10-21 13:10:00,2025-10-21,20251021131000000,000070,5,9.43,9.48,9.43,9.47,788300,7452864.0
2025-10-21 13:15:00,2025-10-21,20251021131500000,000070,5,9.47,9.48,9.44,9.46,327600,3099864.0
2025-10-21 13:20:00,2025-10-21,20251021132000000,000070,5,9.45,9.48,9.45,9.47,531500,5030064.0
2025-10-21 13:25:00,2025-10-21,20251021132500000,000070,5,9.47,9.5,9.47,9.48,595500,5647440.0
2025-10-21 13:30:00,2025-10-21,20251021133000000,000070,5,9.48,9.48,9.46,9.47,307200,2908464.0
2025-10-21 13:35:00,2025-10-21,20251021133500000,000070,5,9.46,9.49,9.45,9.48,559900,5302992.0
2025-10-21 13:40:00,2025-10-21,20251021134000000,000070,5,9.49,9.49,9.46,9.47,227300,2154112.0
2025-10-21 13:45:00,2025-10-21,20251021134500000,000070,5,9.46,9.47,9.44,9.44,245700,2322832.0
2025-10-21 13:50:00,2025-10-21,20251021135000000,000070,5,9.44,9.46,9.44,9.44,327000,3089776.0
2025-10-21 13:55:00,2025-10-21,20251021135500000,000070,5,9.44,9.45,9.42,9.45,768700,7246608.0
2025-10-21 14:00:00,2025-10-21,20251021140000000,000070,5,9.44,9.48,9.44,9.46,435700,4122096.0
2025-10-21 14:05:00,2025-10-21,20251021140500000,000070,5,9.47,9.49,9.47,9.48,458200,4344224.0
2025-10-21 14:10:00,2025-10-21,20251021141000000,000070,5,9.47,9.48,9.46,9.48,309600,2931632.0
2025-10-21 14:15:00,2025-10-21,20251021141500000,000070,5,9.47,9.48,9.46,9.46,300700,2846576.0
2025-10-21 14:20:00,2025-10-21,20251021142000000,000070,5,9.47,9.47,9.46,9.46,299300,2832944.0
2025-10-21 14:25:00,2025-10-21,20251021142500000,000070,5,9.46,9.47,9.45,9.47,316700,2996144.0
2025-10-21 14:30:00,2025-10-21,20251021143000000,000070,5,9.47,9.47,9.45,9.45,192200,1817872.0
2025-10-21 14:35:00,2025-10-21,20251021143500000,000070,5,9.45,9.46,9.44,9.44,431000,4072624.0
2025-10-21 14:40:00,2025-10-21,20251021144000000,000070,5,9.44,9.47,9.44,9.47,774500,7323568.0
2025-10-21 14:45:00,2025-10-21,20251021144500000,000070,5,9.47,9.48,9.47,9.47,488100,4623056.0
2025-10-21 14:50:00,2025-10-21,20251021145000000,000070,5,9.48,9.48,9.46,9.47,1057900,10018528.0
2025-10-21 14:55:00,2025-10-21,20251021145500000,000070,5,9.46,9.47,9.46,9.47,849200,8036944.0
2025-10-21 15:00:00,2025-10-21,20251021150000000,000070,5,9.47,9.47,9.46,9.46,637200,6030400.0
2025-10-22 09:35:00,2025-10-22,20251022093500000,000070,5,9.46,9.46,9.37,9.45,1150700,10822345.0
2025-10-22 09:40:00,2025-10-22,20251022094000000,000070,5,9.44,9.47,9.43,9.45,827500,7821585.0
2025-10-22 09:45:00,2025-10-22,20251022094500000,000070,5,9.46,9.55,9.43,9.54,1686600,16025718.0
2025-10-22 09:50:00,2025-10-22,20251022095000000,000070,5,9.53,9.53,9.49,9.52,1278400,12151456.0
2025-10-22 09:55:00,2025-10-22,20251022095500000,000070,5,9.52,9.62,9.52,9.62,2572000,24636240.0
2025-10-22 10:00:00,2025-10-22,20251022100000000,000070,5,9.62,9.62,9.58,9.61,1004600,9646112.0
2025-10-22 10:05:00,2025-10-22,20251022100500000,000070,5,9.61,9.61,9.58,9.6,508600,4880272.0
2025-10-22 10:10:00,2025-10-22,20251022101000000,000070,5,9.6,9.6,9.56,9.57,660900,6327248.0
2025-10-22 10:15:00,2025-10-22,20251022101500000,000070,5,9.56,9.58,9.55,9.58,357100,3413792.0
2025-10-22 10:20:00,2025-10-22,20251022102000000,000070,5,9.58,9.58,9.55,9.55,326000,3117136.0
2025-10-22 10:25:00,2025-10-22,20251022102500000,000070,5,9.56,9.56,9.53,9.56,523100,4992760.0
2025-10-22 10:30:00,2025-10-22,20251022103000000,000070,5,9.55,9.56,9.53,9.54,373600,3563912.0
2025-10-22 10:35:00,2025-10-22,20251022103500000,000070,5,9.55,9.56,9.52,9.53,395200,3768496.0
2025-10-22 10:40:00,2025-10-22,20251022104000000,000070,5,9.52,9.54,9.49,9.49,623600,5933336.0
2025-10-22 10:45:00,2025-10-22,20251022104500000,000070,5,9.49,9.51,9.49,9.49,237500,2256424.0
2025-10-22 10:50:00,2025-10-22,20251022105000000,000070,5,9.49,9.5,9.48,9.49,536300,5087808.0
2025-10-22 10:55:00,2025-10-22,20251022105500000,000070,5,9.49,9.49,9.47,9.47,292100,2767712.0
2025-10-22 11:00:00,2025-10-22,20251022110000000,000070,5,9.47,9.48,9.45,9.45,268900,2545200.0
2025-10-22 11:05:00,2025-10-22,20251022110500000,000070,5,9.46,9.46,9.44,9.45,356800,3370632.0
2025-10-22 11:10:00,2025-10-22,20251022111000000,000070,5,9.44,9.45,9.43,9.43,344400,3249352.0
2025-10-22 11:15:00,2025-10-22,20251022111500000,000070,5,9.43,9.45,9.42,9.44,378700,3572224.0
2025-10-22 11:20:00,2025-10-22,20251022112000000,000070,5,9.44,9.46,9.44,9.44,201600,1905440.0
2025-10-22 11:25:00,2025-10-22,20251022112500000,000070,5,9.44,9.45,9.42,9.43,304100,2867424.0
2025-10-22 11:30:00,2025-10-22,20251022113000000,000070,5,9.44,9.44,9.41,9.42,215600,2031456.0
2025-10-22 13:05:00,2025-10-22,20251022130500000,000070,5,9.41,9.45,9.41,9.43,349100,3288768.0
2025-10-22 13:10:00,2025-10-22,20251022131000000,000070,5,9.43,9.44,9.42,9.44,198800,1874480.0
2025-10-22 13:15:00,2025-10-22,20251022131500000,000070,5,9.43,9.44,9.42,9.43,213700,2013488.0
2025-10-22 13:20:00,2025-10-22,20251022132000000,000070,5,9.42,9.44,9.42,9.44,103800,978880.0
2025-10-22 13:25:00,2025-10-22,20251022132500000,000070,5,9.43,9.47,9.43,9.46,279600,2643088.0
2025-10-22 13:30:00,2025-10-22,20251022133000000,000070,5,9.46,9.48,9.46,9.48,190600,1804352.0
2025-10-22 13:35:00,2025-10-22,20251022133500000,000070,5,9.48,9.52,9.47,9.52,430200,4085312.0
2025-10-22 13:40:00,2025-10-22,20251022134000000,000070,5,9.52,9.52,9.48,9.49,526900,5004672.0
2025-10-22 13:45:00,2025-10-22,20251022134500000,000070,5,9.48,9.49,9.46,9.48,205900,1950640.0
2025-10-22 13:50:00,2025-10-22,20251022135000000,000070,5,9.48,9.48,9.46,9.46,194600,1841520.0
2025-10-22 13:55:00,2025-10-22,20251022135500000,000070,5,9.46,9.48,9.46,9.46,252200,2388400.0
2025-10-22 14:00:00,2025-10-22,20251022140000000,000070,5,9.46,9.48,9.46,9.46,71000,672288.0
2025-10-22 14:05:00,2025-10-22,20251022140500000,000070,5,9.46,9.47,9.45,9.46,236200,2233936.0
2025-10-22 14:10:00,2025-10-22,20251022141000000,000070,5,9.46,9.47,9.45,9.46,141900,1342176.0
2025-10-22 14:15:00,2025-10-22,20251022141500000,000070,5,9.46,9.47,9.45,9.46,129500,1225232.0
2025-10-22 14:20:00,2025-10-22,20251022142000000,000070,5,9.46,9.46,9.45,9.46,224800,2125104.0
2025-10-22 14:25:00,2025-10-22,20251022142500000,000070,5,9.45,9.46,9.45,9.45,247600,2340160.0
2025-10-22 14:30:00,2025-10-22,20251022143000000,000070,5,9.46,9.46,9.45,9.46,124300,1175264.0
2025-10-22 14:35:00,2025-10-22,20251022143500000,000070,5,9.46,9.47,9.45,9.45,290600,2749488.0
2025-10-22 14:40:00,2025-10-22,20251022144000000,000070,5,9.46,9.46,9.44,9.45,405100,3827904.0
2025-10-22 14:45:00,2025-10-22,20251022144500000,000070,5,9.45,9.45,9.43,9.45,300500,2836128.0
2025-10-22 14:50:00,2025-10-22,20251022145000000,000070,5,9.44,9.45,9.43,9.44,233800,2207952.0
2025-10-22 14:55:00,2025-10-22,20251022145500000,000070,5,9.44,9.45,9.44,9.44,681800,6438304.0
2025-10-22 15:00:00,2025-10-22,20251022150000000,000070,5,9.44,9.46,9.44,9.46,366200,3461904.0
2025-10-23 09:35:00,2025-10-23,20251023093500000,000070,5,10.0,10.41,9.86,10.41,33727700,343905728.0
2025-10-23 09:40:00,2025-10-23,20251023094000000,000070,5,10.41,10.41,10.41,10.41,3614300,37624032.0
2025-10-23 09:45:00,2025-10-23,20251023094500000,000070,5,10.41,10.41,10.41,10.41,2147900,22360256.0
2025-10-23 09:50:00,2025-10-23,20251023095000000,000070,5,10.41,10.41,10.41,10.41,1416200,14742656.0
2025-10-23 09:55:00,2025-10-23,20251023095500000,000070,5,10.41,10.41,10.41,10.41,1544800,16081376.0
2025-10-23 10:00:00,2025-10-23,20251023100000000,000070,5,10.41,10.41,10.41,10.41,1048500,10914464.0
2025-10-23 10:05:00,2025-10-23,20251023100500000,000070,5,10.41,10.41,10.41,10.41,847800,8825600.0
2025-10-23 10:10:00,2025-10-23,20251023101000000,000070,5,10.41,10.41,10.41,10.41,610500,6355296.0
2025-10-23 10:15:00,2025-10-23,20251023101500000,000070,5,10.41,10.41,10.41,10.41,525200,5467520.0
2025-10-23 10:20:00,2025-10-23,20251023102000000,000070,5,10.41,10.41,10.41,10.41,332500,3461344.0
2025-10-23 10:25:00,2025-10-23,20251023102500000,000070,5,10.41,10.41,10.41,10.41,463400,4824000.0
2025-10-23 10:30:00,2025-10-23,20251023103000000,000070,5,10.41,10.41,10.41,10.41,250000,2602496.0
2025-10-23 10:35:00,2025-10-23,20251023103500000,000070,5,10.41,10.41,10.41,10.41,133200,1386592.0
2025-10-23 10:40:00,2025-10-23,20251023104000000,000070,5,10.41,10.41,10.41,10.41,112300,1169056.0
2025-10-23 10:45:00,2025-10-23,20251023104500000,000070,5,10.41,10.41,10.41,10.41,84800,883200.0
2025-10-23 10:50:00,2025-10-23,20251023105000000,000070,5,10.41,10.41,10.41,10.41,172000,1790496.0
2025-10-23 10:55:00,2025-10-23,20251023105500000,000070,5,10.41,10.41,10.41,10.41,149300,1554208.0
2025-10-23 11:00:00,2025-10-23,20251023110000000,000070,5,10.41,10.41,10.41,10.41,104600,1088896.0
2025-10-23 11:05:00,2025-10-23,20251023110500000,000070,5,10.41,10.41,10.41,10.41,152500,1587520.0
2025-10-23 11:10:00,2025-10-23,20251023111000000,000070,5,10.41,10.41,10.41,10.41,145700,1516736.0
2025-10-23 11:15:00,2025-10-23,20251023111500000,000070,5,10.41,10.41,10.41,10.41,138500,1441792.0
2025-10-23 11:20:00,2025-10-23,20251023112000000,000070,5,10.41,10.41,10.41,10.41,129000,1342880.0
2025-10-23 11:25:00,2025-10-23,20251023112500000,000070,5,10.41,10.41,10.41,10.41,308800,3214624.0
2025-10-23 11:30:00,2025-10-23,20251023113000000,000070,5,10.41,10.41,10.41,10.41,282600,2941856.0
2025-10-23 13:05:00,2025-10-23,20251023130500000,000070,5,10.41,10.41,10.41,10.41,352000,3664320.0
2025-10-23 13:10:00,2025-10-23,20251023131000000,000070,5,10.41,10.41,10.41,10.41,159800,1663520.0
2025-10-23 13:15:00,2025-10-23,20251023131500000,000070,5,10.41,10.41,10.41,10.41,63700,662304.0
2025-10-23 13:20:00,2025-10-23,20251023132000000,000070,5,10.41,10.41,10.41,10.41,130700,1360576.0
2025-10-23 13:25:00,2025-10-23,20251023132500000,000070,5,10.41,10.41,10.41,10.41,134300,1398048.0
2025-10-23 13:30:00,2025-10-23,20251023133000000,000070,5,10.41,10.41,10.41,10.41,122200,1272128.0
2025-10-23 13:35:00,2025-10-23,20251023133500000,000070,5,10.41,10.41,10.41,10.41,142100,1479232.0
2025-10-23 13:40:00,2025-10-23,20251023134000000,000070,5,10.41,10.41,10.41,10.41,140200,1459488.0
2025-10-23 13:45:00,2025-10-23,20251023134500000,000070,5,10.41,10.41,10.41,10.41,54000,562144.0
2025-10-23 13:50:00,2025-10-23,20251023135000000,000070,5,10.41,10.41,10.41,10.41,81400,847392.0
2025-10-23 13:55:00,2025-10-23,20251023135500000,000070,5,10.41,10.41,10.41,10.41,52300,544416.0
2025-10-23 14:00:00,2025-10-23,20251023140000000,000070,5,10.41,10.41,10.41,10.41,39200,408096.0
2025-10-23 14:05:00,2025-10-23,20251023140500000,000070,5,10.41,10.41,10.41,10.41,40000,416384.0
2025-10-23 14:10:00,2025-10-23,20251023141000000,000070,5,10.41,10.41,10.41,10.41,22800,237344.0
2025-10-23 14:15:00,2025-10-23,20251023141500000,000070,5,10.41,10.41,10.41,10.41,43900,457024.0
2025-10-23 14:20:00,2025-10-23,20251023142000000,000070,5,10.41,10.41,10.41,10.41,69800,726592.0
2025-10-23 14:25:00,2025-10-23,20251023142500000,000070,5,10.41,10.41,10.41,10.41,21800,226944.0
2025-10-23 14:30:00,2025-10-23,20251023143000000,000070,5,10.41,10.41,10.41,10.41,25600,266496.0
2025-10-23 14:35:00,2025-10-23,20251023143500000,000070,5,10.41,10.41,10.41,10.41,69600,724544.0
2025-10-23 14:40:00,2025-10-23,20251023144000000,000070,5,10.41,10.41,10.41,10.41,24400,254016.0
2025-10-23 14:45:00,2025-10-23,20251023144500000,000070,5,10.41,10.41,10.41,10.41,111200,1157568.0
2025-10-23 14:50:00,2025-10-23,20251023145000000,000070,5,10.41,10.41,10.41,10.41,28600,297728.0
2025-10-23 14:55:00,2025-10-23,20251023145500000,000070,5,10.41,10.41,10.41,10.41,86600,901504.0
2025-10-23 15:00:00,2025-10-23,20251023150000000,000070,5,10.41,10.41,10.41,10.41,363900,3788192.0
2025-10-24 09:35:00,2025-10-24,20251024093500000,000070,5,10.52,10.92,10.47,10.92,35824600,383043584.0
2025-10-24 09:40:00,2025-10-24,20251024094000000,000070,5,10.94,11.27,10.79,10.79,18579200,204971904.0
2025-10-24 09:45:00,2025-10-24,20251024094500000,000070,5,10.76,10.93,10.57,10.76,10059900,108040320.0
2025-10-24 09:50:00,2025-10-24,20251024095000000,000070,5,10.74,10.74,10.58,10.58,5787100,61560192.0
2025-10-24 09:55:00,2025-10-24,20251024095500000,000070,5,10.59,10.69,10.52,10.69,4181700,44164864.0
2025-10-24 10:00:00,2025-10-24,20251024100000000,000070,5,10.68,10.74,10.6,10.6,2934700,31343040.0
2025-10-24 10:05:00,2025-10-24,20251024100500000,000070,5,10.6,10.6,10.52,10.53,3163300,33371712.0
2025-10-24 10:10:00,2025-10-24,20251024101000000,000070,5,10.52,10.62,10.5,10.57,3193200,33666944.0
2025-10-24 10:15:00,2025-10-24,20251024101500000,000070,5,10.57,10.57,10.52,10.55,1753000,18472768.0
2025-10-24 10:20:00,2025-10-24,20251024102000000,000070,5,10.54,10.55,10.5,10.52,1705700,17935296.0
2025-10-24 10:25:00,2025-10-24,20251024102500000,000070,5,10.52,10.69,10.52,10.68,1906300,20225862.0
2025-10-24 10:30:00,2025-10-24,20251024103000000,000070,5,10.67,10.67,10.53,10.53,1831000,19427066.0
2025-10-24 10:35:00,2025-10-24,20251024103500000,000070,5,10.53,10.58,10.52,10.58,1260300,13295552.0
2025-10-24 10:40:00,2025-10-24,20251024104000000,000070,5,10.57,10.61,10.55,10.55,834300,8824576.0
2025-10-24 10:45:00,2025-10-24,20251024104500000,000070,5,10.55,10.57,10.53,10.55,793900,8378240.0
2025-10-24 10:50:00,2025-10-24,20251024105000000,000070,5,10.56,10.57,10.53,10.56,769100,8112192.0
2025-10-24 10:55:00,2025-10-24,20251024105500000,000070,5,10.56,10.58,10.54,10.57,779700,8231936.0
2025-10-24 11:00:00,2025-10-24,20251024110000000,000070,5,10.57,10.6,10.57,10.59,601200,6366592.0
2025-10-24 11:05:00,2025-10-24,20251024110500000,000070,5,10.58,10.61,10.56,10.61,888100,9401152.0
2025-10-24 11:10:00,2025-10-24,20251024111000000,000070,5,10.61,10.65,10.6,10.62,919600,9772288.0
2025-10-24 11:15:00,2025-10-24,20251024111500000,000070,5,10.62,10.63,10.61,10.62,494300,5248128.0
2025-10-24 11:20:00,2025-10-24,20251024112000000,000070,5,10.62,10.62,10.58,10.59,717400,7602944.0
2025-10-24 11:25:00,2025-10-24,20251024112500000,000070,5,10.58,10.6,10.58,10.6,527100,5583168.0
2025-10-24 11:30:00,2025-10-24,20251024113000000,000070,5,10.6,10.62,10.6,10.6,787900,8358336.0
2025-10-24 13:05:00,2025-10-24,20251024130500000,000070,5,10.61,10.66,10.6,10.6,1287300,13674368.0
2025-10-24 13:10:00,2025-10-24,20251024131000000,000070,5,10.6,10.61,10.59,10.61,720600,7640576.0
2025-10-24 13:15:00,2025-10-24,20251024131500000,000070,5,10.61,10.62,10.6,10.6,514300,5458944.0
2025-10-24 13:20:00,2025-10-24,20251024132000000,000070,5,10.61,10.61,10.59,10.59,734100,7781376.0
2025-10-24 13:25:00,2025-10-24,20251024132500000,000070,5,10.59,10.6,10.56,10.56,943900,9987328.0
2025-10-24 13:30:00,2025-10-24,20251024133000000,000070,5,10.56,10.59,10.56,10.57,776200,8206464.0
2025-10-24 13:35:00,2025-10-24,20251024133500000,000070,5,10.57,10.57,10.53,10.53,871800,9197312.0
2025-10-24 13:40:00,2025-10-24,20251024134000000,000070,5,10.53,10.54,10.5,10.51,1639500,17229184.0
2025-10-24 13:45:00,2025-10-24,20251024134500000,000070,5,10.51,10.52,10.5,10.52,896100,9418880.0
2025-10-24 13:50:00,2025-10-24,20251024135000000,000070,5,10.51,10.52,10.48,10.48,1078700,11325184.0
2025-10-24 13:55:00,2025-10-24,20251024135500000,000070,5,10.49,10.49,10.44,10.45,962200,10064128.0
2025-10-24 14:00:00,2025-10-24,20251024140000000,000070,5,10.44,10.45,10.43,10.43,1132200,11818496.0
2025-10-24 14:05:00,2025-10-24,20251024140500000,000070,5,10.44,10.44,10.39,10.39,1812400,18876160.0
2025-10-24 14:10:00,2025-10-24,20251024141000000,000070,5,10.38,10.4,10.32,10.34,2092000,21677056.0
2025-10-24 14:15:00,2025-10-24,20251024141500000,000070,5,10.35,10.38,10.35,10.36,805800,8346752.0
2025-10-24 14:20:00,2025-10-24,20251024142000000,000070,5,10.35,10.73,10.35,10.73,3234100,34062078.0
2025-10-24 14:25:00,2025-10-24,20251024142500000,000070,5,10.74,10.87,10.66,10.72,5919100,63867522.0
2025-10-24 14:30:00,2025-10-24,20251024143000000,000070,5,10.72,10.8,10.69,10.72,1873900,20127486.0
2025-10-24 14:35:00,2025-10-24,20251024143500000,000070,5,10.72,10.72,10.53,10.61,1427200,15194882.0
2025-10-24 14:40:00,2025-10-24,20251024144000000,000070,5,10.6,10.66,10.6,10.61,1337000,14209152.0
2025-10-24 14:45:00,2025-10-24,20251024144500000,000070,5,10.6,10.6,10.57,10.58,989400,10474880.0
2025-10-24 14:50:00,2025-10-24,20251024145000000,000070,5,10.58,10.59,10.56,10.57,1479800,15647232.0
2025-10-24 14:55:00,2025-10-24,20251024145500000,000070,5,10.57,10.58,10.55,10.56,2251500,23781120.0
2025-10-24 15:00:00,2025-10-24,20251024150000000,000070,5,10.56,10.56,10.51,10.52,1928300,20301696.0
2025-10-27 09:35:00,2025-10-27,20251027093500000,000070,5,10.33,10.48,10.23,10.25,16788600,173147824.0
2025-10-27 09:40:00,2025-10-27,20251027094000000,000070,5,10.25,10.32,10.25,10.29,4910700,50488096.0
2025-10-27 09:45:00,2025-10-27,20251027094500000,000070,5,10.29,10.47,10.29,10.42,3988400,41377088.0
2025-10-27 09:50:00,2025-10-27,20251027095000000,000070,5,10.42,10.43,10.31,10.32,2497100,25904112.0
2025-10-27 09:55:00,2025-10-27,20251027095500000,000070,5,10.31,10.43,10.3,10.38,2053100,21280448.0
2025-10-27 10:00:00,2025-10-27,20251027100000000,000070,5,10.37,10.55,10.37,10.51,2938200,30770720.0
2025-10-27 10:05:00,2025-10-27,20251027100500000,000070,5,10.5,10.64,10.5,10.58,5353200,56705728.0
2025-10-27 10:10:00,2025-10-27,20251027101000000,000070,5,10.57,10.6,10.5,10.5,1897600,20036320.0
2025-10-27 10:15:00,2025-10-27,20251027101500000,000070,5,10.5,10.55,10.48,10.53,1166300,12263424.0
2025-10-27 10:20:00,2025-10-27,20251027102000000,000070,5,10.53,10.54,10.51,10.53,917100,9648544.0
2025-10-27 10:25:00,2025-10-27,20251027102500000,000070,5,10.53,10.53,10.41,10.43,1646100,17233952.0
2025-10-27 10:30:00,2025-10-27,20251027103000000,000070,5,10.43,10.51,10.43,10.48,931700,9752960.0
2025-10-27 10:35:00,2025-10-27,20251027103500000,000070,5,10.48,10.48,10.41,10.41,887000,9260832.0
2025-10-27 10:40:00,2025-10-27,20251027104000000,000070,5,10.41,10.42,10.4,10.42,1010300,10517440.0
2025-10-27 10:45:00,2025-10-27,20251027104500000,000070,5,10.43,10.44,10.41,10.42,587600,6122112.0
2025-10-27 10:50:00,2025-10-27,20251027105000000,000070,5,10.41,10.41,10.28,10.32,2408300,24942304.0
2025-10-27 10:55:00,2025-10-27,20251027105500000,000070,5,10.31,10.38,10.31,10.32,1053000,10891200.0
2025-10-27 11:00:00,2025-10-27,20251027110000000,000070,5,10.32,10.38,10.32,10.36,557900,5776768.0
2025-10-27 11:05:00,2025-10-27,20251027110500000,000070,5,10.35,10.36,10.32,10.33,685400,7084352.0
2025-10-27 11:10:00,2025-10-27,20251027111000000,000070,5,10.33,10.38,10.33,10.37,504400,5222022.0
2025-10-27 11:15:00,2025-10-27,20251027111500000,000070,5,10.39,10.43,10.38,10.4,640200,6661759.0
2025-10-27 11:20:00,2025-10-27,20251027112000000,000070,5,10.4,10.45,10.4,10.44,490300,5112563.0
2025-10-27 11:25:00,2025-10-27,20251027112500000,000070,5,10.43,10.49,10.42,10.49,613200,6409612.0
2025-10-27 11:30:00,2025-10-27,20251027113000000,000070,5,10.49,10.51,10.42,10.42,539500,5646080.0
2025-10-27 13:05:00,2025-10-27,20251027130500000,000070,5,10.42,10.47,10.4,10.41,476700,4971260.0
2025-10-27 13:10:00,2025-10-27,20251027131000000,000070,5,10.4,10.43,10.4,10.42,325600,3389568.0
2025-10-27 13:15:00,2025-10-27,20251027131500000,000070,5,10.42,10.44,10.42,10.42,307300,3204796.0
2025-10-27 13:20:00,2025-10-27,20251027132000000,000070,5,10.42,10.43,10.41,10.41,364800,3800267.0
2025-10-27 13:25:00,2025-10-27,20251027132500000,000070,5,10.41,10.41,10.36,10.37,810300,8414517.0
2025-10-27 13:30:00,2025-10-27,20251027133000000,000070,5,10.38,10.41,10.36,10.4,358000,3717828.0
2025-10-27 13:35:00,2025-10-27,20251027133500000,000070,5,10.4,10.42,10.39,10.39,462800,4814841.0
2025-10-27 13:40:00,2025-10-27,20251027134000000,000070,5,10.39,10.4,10.37,10.39,668200,6937663.0
2025-10-27 13:45:00,2025-10-27,20251027134500000,000070,5,10.4,10.4,10.38,10.39,424300,4406784.0
2025-10-27 13:50:00,2025-10-27,20251027135000000,000070,5,10.39,10.42,10.39,10.41,515900,5367880.0
2025-10-27 13:55:00,2025-10-27,20251027135500000,000070,5,10.42,10.43,10.4,10.4,423400,4409599.0
2025-10-27 14:00:00,2025-10-27,20251027140000000,000070,5,10.41,10.41,10.38,10.38,601200,6249281.0
2025-10-27 14:05:00,2025-10-27,20251027140500000,000070,5,10.38,10.4,10.38,10.39,407600,4233214.0
2025-10-27 14:10:00,2025-10-27,20251027141000000,000070,5,10.39,10.4,10.39,10.4,452900,4708162.0
2025-10-27 14:15:00,2025-10-27,20251027141500000,000070,5,10.39,10.44,10.39,10.44,368900,3844728.0
2025-10-27 14:20:00,2025-10-27,20251027142000000,000070,5,10.43,10.44,10.41,10.42,345800,3603524.0
2025-10-27 14:25:00,2025-10-27,20251027142500000,000070,5,10.41,10.42,10.41,10.41,491800,5120576.0
2025-10-27 14:30:00,2025-10-27,20251027143000000,000070,5,10.41,10.42,10.41,10.41,451100,4698306.0
2025-10-27 14:35:00,2025-10-27,20251027143500000,000070,5,10.42,10.42,10.4,10.41,827700,8614720.0
2025-10-27 14:40:00,2025-10-27,20251027144000000,000070,5,10.41,10.43,10.4,10.43,824700,8591482.0
2025-10-27 14:45:00,2025-10-27,20251027144500000,000070,5,10.42,10.44,10.42,10.44,835300,8709510.0
2025-10-27 14:50:00,2025-10-27,20251027145000000,000070,5,10.43,10.46,10.43,10.46,1182300,12353479.0
2025-10-27 14:55:00,2025-10-27,20251027145500000,000070,5,10.47,10.48,10.45,10.46,2473700,25902849.0
2025-10-27 15:00:00,2025-10-27,20251027150000000,000070,5,10.46,10.47,10.46,10.47,2313700,24216192.0
2025-10-28 09:35:00,2025-10-28,20251028093500000,000070,5,10.36,10.36,10.07,10.07,8817000,89565648.0
2025-10-28 09:40:00,2025-10-28,20251028094000000,000070,5,10.07,10.21,10.07,10.14,3239200,32861736.0
2025-10-28 09:45:00,2025-10-28,20251028094500000,000070,5,10.13,10.18,10.13,10.13,2128300,21605144.0
2025-10-28 09:50:00,2025-10-28,20251028095000000,000070,5,10.13,10.19,10.11,10.15,1940100,19677264.0
2025-10-28 09:55:00,2025-10-28,20251028095500000,000070,5,10.15,10.2,10.14,10.19,1440000,14649440.0
2025-10-28 10:00:00,2025-10-28,20251028100000000,000070,5,10.19,10.19,10.14,10.14,1303200,13234368.0
2025-10-28 10:05:00,2025-10-28,20251028100500000,000070,5,10.15,10.17,10.14,10.16,1153800,11714688.0
2025-10-28 10:10:00,2025-10-28,20251028101000000,000070,5,10.16,10.16,10.08,10.08,2753900,27860512.0
2025-10-28 10:15:00,2025-10-28,20251028101500000,000070,5,10.09,10.13,10.09,10.13,1467600,14832752.0
2025-10-28 10:20:00,2025-10-28,20251028102000000,000070,5,10.13,10.15,10.11,10.11,959300,9719168.0
2025-10-28 10:25:00,2025-10-28,20251028102500000,000070,5,10.11,10.11,10.09,10.09,1453900,14685232.0
2025-10-28 10:30:00,2025-10-28,20251028103000000,000070,5,10.09,10.1,10.09,10.09,985900,9950304.0
2025-10-28 10:35:00,2025-10-28,20251028103500000,000070,5,10.09,10.11,10.09,10.1,829000,8373728.0
2025-10-28 10:40:00,2025-10-28,20251028104000000,000070,5,10.09,10.1,10.08,10.09,1148300,11582688.0
2025-10-28 10:45:00,2025-10-28,20251028104500000,000070,5,10.08,10.09,10.02,10.03,3256200,32739648.0
2025-10-28 10:50:00,2025-10-28,20251028105000000,000070,5,10.04,10.08,10.03,10.06,974200,9797888.0
2025-10-28 10:55:00,2025-10-28,20251028105500000,000070,5,10.05,10.06,10.04,10.06,1019300,10241760.0
2025-10-28 11:00:00,2025-10-28,20251028110000000,000070,5,10.06,10.13,10.06,10.12,939000,9467200.0
2025-10-28 11:05:00,2025-10-28,20251028110500000,000070,5,10.12,10.15,10.12,10.12,686000,6950752.0
2025-10-28 11:10:00,2025-10-28,20251028111000000,000070,5,10.12,10.13,10.11,10.12,450800,4562304.0
2025-10-28 11:15:00,2025-10-28,20251028111500000,000070,5,10.13,10.14,10.12,10.13,334400,3387424.0
2025-10-28 11:20:00,2025-10-28,20251028112000000,000070,5,10.13,10.14,10.12,10.12,376800,3816576.0
2025-10-28 11:25:00,2025-10-28,20251028112500000,000070,5,10.12,10.12,10.1,10.1,537500,5432864.0
2025-10-28 11:30:00,2025-10-28,20251028113000000,000070,5,10.1,10.15,10.1,10.15,505900,5121728.0
2025-10-28 13:05:00,2025-10-28,20251028130500000,000070,5,10.16,10.16,10.09,10.1,827800,8379808.0
2025-10-28 13:10:00,2025-10-28,20251028131000000,000070,5,10.1,10.12,10.08,10.1,466900,4714976.0
2025-10-28 13:15:00,2025-10-28,20251028131500000,000070,5,10.11,10.13,10.09,10.12,483000,4880352.0
2025-10-28 13:20:00,2025-10-28,20251028132000000,000070,5,10.12,10.12,10.1,10.11,535800,5417088.0
2025-10-28 13:25:00,2025-10-28,20251028132500000,000070,5,10.11,10.11,10.06,10.07,1062500,10700992.0
2025-10-28 13:30:00,2025-10-28,20251028133000000,000070,5,10.06,10.18,10.06,10.14,1066500,10809216.0
2025-10-28 13:35:00,2025-10-28,20251028133500000,000070,5,10.14,10.15,10.1,10.13,638700,6471104.0
2025-10-28 13:40:00,2025-10-28,20251028134000000,000070,5,10.13,10.13,10.05,10.06,933000,9399968.0
2025-10-28 13:45:00,2025-10-28,20251028134500000,000070,5,10.06,10.07,10.04,10.04,851700,8561696.0
2025-10-28 13:50:00,2025-10-28,20251028135000000,000070,5,10.05,10.1,10.05,10.08,437900,4409408.0
2025-10-28 13:55:00,2025-10-28,20251028135500000,000070,5,10.1,10.12,10.08,10.11,447100,4514048.0
2025-10-28 14:00:00,2025-10-28,20251028140000000,000070,5,10.12,10.12,10.09,10.09,354100,3576544.0
2025-10-28 14:05:00,2025-10-28,20251028140500000,000070,5,10.09,10.12,10.09,10.09,454100,4587776.0
2025-10-28 14:10:00,2025-10-28,20251028141000000,000070,5,10.09,10.1,10.08,10.1,355000,3582016.0
2025-10-28 14:15:00,2025-10-28,20251028141500000,000070,5,10.11,10.13,10.09,10.11,592400,5989440.0
2025-10-28 14:20:00,2025-10-28,20251028142000000,000070,5,10.1,10.11,10.09,10.1,358500,3620896.0
2025-10-28 14:25:00,2025-10-28,20251028142500000,000070,5,10.1,10.11,10.08,10.1,461900,4662528.0
2025-10-28 14:30:00,2025-10-28,20251028143000000,000070,5,10.1,10.11,10.09,10.1,383900,3878208.0
2025-10-28 14:35:00,2025-10-28,20251028143500000,000070,5,10.11,10.12,10.1,10.1,724400,7321952.0
2025-10-28 14:40:00,2025-10-28,20251028144000000,000070,5,10.11,10.11,10.08,10.09,1269200,12806144.0
2025-10-28 14:45:00,2025-10-28,20251028144500000,000070,5,10.09,10.11,10.09,10.1,904400,9131264.0
2025-10-28 14:50:00,2025-10-28,20251028145000000,000070,5,10.09,10.1,10.09,10.1,683100,6894560.0
2025-10-28 14:55:00,2025-10-28,20251028145500000,000070,5,10.09,10.1,10.08,10.09,1614900,16296896.0
2025-10-28 15:00:00,2025-10-28,20251028150000000,000070,5,10.1,10.11,10.09,10.11,1644800,16621127.0
2025-10-29 09:35:00,2025-10-29,20251029093500000,000070,5,10.1,10.1,10.01,10.04,2719100,27317776.0
2025-10-29 09:40:00,2025-10-29,20251029094000000,000070,5,10.04,10.1,10.03,10.04,1191100,11991664.0
2025-10-29 09:45:00,2025-10-29,20251029094500000,000070,5,10.04,10.07,10.02,10.07,1308700,13143384.0
2025-10-29 09:50:00,2025-10-29,20251029095000000,000070,5,10.08,10.1,10.04,10.04,1170700,11787452.0
2025-10-29 09:55:00,2025-10-29,20251029095500000,000070,5,10.04,10.04,10.02,10.02,1338900,13427172.0
2025-10-29 10:00:00,2025-10-29,20251029100000000,000070,5,10.02,10.02,9.95,10.01,3506100,34986080.0
2025-10-29 10:05:00,2025-10-29,20251029100500000,000070,5,10.0,10.02,9.99,10.01,1122200,11220872.0
2025-10-29 10:10:00,2025-10-29,20251029101000000,000070,5,10.01,10.01,9.98,9.99,985000,9843776.0
2025-10-29 10:15:00,2025-10-29,20251029101500000,000070,5,9.98,10.0,9.97,10.0,1020000,10189024.0
2025-10-29 10:20:00,2025-10-29,20251029102000000,000070,5,10.0,10.0,9.97,9.98,795900,7943424.0
2025-10-29 10:25:00,2025-10-29,20251029102500000,000070,5,9.99,10.0,9.98,10.0,777600,7769856.0
2025-10-29 10:30:00,2025-10-29,20251029103000000,000070,5,10.0,10.01,9.99,9.99,299900,2997232.0
2025-10-29 10:35:00,2025-10-29,20251029103500000,000070,5,10.0,10.0,9.98,9.99,466700,4660496.0
2025-10-29 10:40:00,2025-10-29,20251029104000000,000070,5,9.98,9.99,9.97,9.97,923200,9209536.0
2025-10-29 10:45:00,2025-10-29,20251029104500000,000070,5,9.99,10.1,9.98,10.08,1899300,19092688.0
2025-10-29 10:50:00,2025-10-29,20251029105000000,000070,5,10.08,10.11,10.06,10.06,961600,9704160.0
2025-10-29 10:55:00,2025-10-29,20251029105500000,000070,5,10.06,10.08,10.06,10.07,275900,2776800.0
2025-10-29 11:00:00,2025-10-29,20251029110000000,000070,5,10.07,10.08,10.03,10.05,276400,2779040.0
2025-10-29 11:05:00,2025-10-29,20251029110500000,000070,5,10.04,10.08,10.04,10.07,349600,3515984.0
2025-10-29 11:10:00,2025-10-29,20251029111000000,000070,5,10.06,10.06,10.04,10.04,209000,2101040.0
2025-10-29 11:15:00,2025-10-29,20251029111500000,000070,5,10.04,10.07,10.04,10.06,145300,1461456.0
2025-10-29 11:20:00,2025-10-29,20251029112000000,000070,5,10.06,10.07,10.05,10.05,280300,2818720.0
2025-10-29 11:25:00,2025-10-29,20251029112500000,000070,5,10.05,10.07,10.04,10.05,247400,2485952.0
2025-10-29 11:30:00,2025-10-29,20251029113000000,000070,5,10.05,10.07,10.05,10.06,185000,1860848.0
2025-10-29 13:05:00,2025-10-29,20251029130500000,000070,5,10.07,10.07,10.05,10.07,353100,3552960.0
2025-10-29 13:10:00,2025-10-29,20251029131000000,000070,5,10.08,10.08,10.05,10.06,397800,4003408.0
2025-10-29 13:15:00,2025-10-29,20251029131500000,000070,5,10.06,10.07,10.05,10.05,291000,2925600.0
2025-10-29 13:20:00,2025-10-29,20251029132000000,000070,5,10.06,10.11,10.06,10.09,1114000,11243600.0
2025-10-29 13:25:00,2025-10-29,20251029132500000,000070,5,10.09,10.11,10.09,10.1,590200,5960032.0
2025-10-29 13:30:00,2025-10-29,20251029133000000,000070,5,10.09,10.18,10.08,10.15,2436400,24721872.0
2025-10-29 13:35:00,2025-10-29,20251029133500000,000070,5,10.14,10.15,10.12,10.14,1014400,10284928.0
2025-10-29 13:40:00,2025-10-29,20251029134000000,000070,5,10.14,10.16,10.14,10.15,874800,8882496.0
2025-10-29 13:45:00,2025-10-29,20251029134500000,000070,5,10.16,10.16,10.14,10.15,529200,5371232.0
2025-10-29 13:50:00,2025-10-29,20251029135000000,000070,5,10.15,10.16,10.14,10.15,661100,6711392.0
2025-10-29 13:55:00,2025-10-29,20251029135500000,000070,5,10.16,10.16,10.14,10.14,664500,6744192.0
2025-10-29 14:00:00,2025-10-29,20251029140000000,000070,5,10.15,10.15,10.13,10.13,466100,4725888.0
2025-10-29 14:05:00,2025-10-29,20251029140500000,000070,5,10.13,10.15,10.13,10.14,631800,6402720.0
2025-10-29 14:10:00,2025-10-29,20251029141000000,000070,5,10.15,10.16,10.14,10.16,435700,4422048.0
2025-10-29 14:15:00,2025-10-29,20251029141500000,000070,5,10.16,10.16,10.14,10.15,415500,4218432.0
2025-10-29 14:20:00,2025-10-29,20251029142000000,000070,5,10.14,10.16,10.14,10.15,571700,5803840.0
2025-10-29 14:25:00,2025-10-29,20251029142500000,000070,5,10.15,10.16,10.14,10.15,459500,4662976.0
2025-10-29 14:30:00,2025-10-29,20251029143000000,000070,5,10.15,10.16,10.14,10.15,457100,4637312.0
2025-10-29 14:35:00,2025-10-29,20251029143500000,000070,5,10.14,10.15,10.14,10.15,377400,3829344.0
2025-10-29 14:40:00,2025-10-29,20251029144000000,000070,5,10.14,10.15,10.14,10.14,609800,6188288.0
2025-10-29 14:45:00,2025-10-29,20251029144500000,000070,5,10.14,10.15,10.13,10.13,1060200,10750304.0
2025-10-29 14:50:00,2025-10-29,20251029145000000,000070,5,10.13,10.14,10.13,10.14,882600,8945888.0
2025-10-29 14:55:00,2025-10-29,20251029145500000,000070,5,10.14,10.15,10.13,10.14,1181900,11981536.0
2025-10-29 15:00:00,2025-10-29,20251029150000000,000070,5,10.15,10.15,10.14,10.14,1196400,12134528.0
2025-10-30 09:35:00,2025-10-30,20251030093500000,000070,5,10.06,10.06,9.96,10.0,2619300,26193754.0
2025-10-30 09:40:00,2025-10-30,20251030094000000,000070,5,10.0,10.0,9.94,9.94,2679700,26706910.0
2025-10-30 09:45:00,2025-10-30,20251030094500000,000070,5,9.95,9.96,9.93,9.93,2054300,20424024.0
2025-10-30 09:50:00,2025-10-30,20251030095000000,000070,5,9.93,9.93,9.9,9.92,1982200,19648328.0
2025-10-30 09:55:00,2025-10-30,20251030095500000,000070,5,9.92,9.93,9.87,9.93,2579600,25525912.0
2025-10-30 10:00:00,2025-10-30,20251030100000000,000070,5,9.93,9.96,9.92,9.93,819500,8142384.0
2025-10-30 10:05:00,2025-10-30,20251030100500000,000070,5,9.94,9.94,9.91,9.92,581600,5770128.0
2025-10-30 10:10:00,2025-10-30,20251030101000000,000070,5,9.92,9.92,9.9,9.9,754300,7470576.0
2025-10-30 10:15:00,2025-10-30,20251030101500000,000070,5,9.9,9.93,9.89,9.93,436900,4329184.0
2025-10-30 10:20:00,2025-10-30,20251030102000000,000070,5,9.92,9.96,9.92,9.94,608000,6044192.0
2025-10-30 10:25:00,2025-10-30,20251030102500000,000070,5,9.94,9.94,9.91,9.92,323300,3209392.0
2025-10-30 10:30:00,2025-10-30,20251030103000000,000070,5,9.91,9.92,9.9,9.91,597200,5918288.0
2025-10-30 10:35:00,2025-10-30,20251030103500000,000070,5,9.91,9.93,9.91,9.93,371600,3684256.0
2025-10-30 10:40:00,2025-10-30,20251030104000000,000070,5,9.92,9.93,9.9,9.9,695600,6892448.0
2025-10-30 10:45:00,2025-10-30,20251030104500000,000070,5,9.9,9.91,9.88,9.88,1193700,11809280.0
2025-10-30 10:50:00,2025-10-30,20251030105000000,000070,5,9.88,9.9,9.88,9.9,736300,7284400.0
2025-10-30 10:55:00,2025-10-30,20251030105500000,000070,5,9.9,9.9,9.88,9.88,631200,6240480.0
2025-10-30 11:00:00,2025-10-30,20251030110000000,000070,5,9.89,9.91,9.88,9.91,912400,9025280.0
2025-10-30 11:05:00,2025-10-30,20251030110500000,000070,5,9.9,9.9,9.88,9.89,503400,4978848.0
2025-10-30 11:10:00,2025-10-30,20251030111000000,000070,5,9.89,9.9,9.88,9.88,693900,6859104.0
2025-10-30 11:15:00,2025-10-30,20251030111500000,000070,5,9.89,9.91,9.88,9.9,542400,5368048.0
2025-10-30 11:20:00,2025-10-30,20251030112000000,000070,5,9.91,9.92,9.9,9.91,197100,1952576.0
2025-10-30 11:25:00,2025-10-30,20251030112500000,000070,5,9.91,9.92,9.89,9.9,327800,3247392.0
2025-10-30 11:30:00,2025-10-30,20251030113000000,000070,5,9.89,9.9,9.88,9.89,297000,2937920.0
2025-10-30 13:05:00,2025-10-30,20251030130500000,000070,5,9.89,9.89,9.82,9.82,2224800,21931824.0
2025-10-30 13:10:00,2025-10-30,20251030131000000,000070,5,9.82,9.85,9.81,9.84,947200,9305568.0
2025-10-30 13:15:00,2025-10-30,20251030131500000,000070,5,9.84,9.84,9.73,9.79,2040200,19966448.0
2025-10-30 13:20:00,2025-10-30,20251030132000000,000070,5,9.79,9.83,9.76,9.82,897100,8783936.0
2025-10-30 13:25:00,2025-10-30,20251030132500000,000070,5,9.82,9.83,9.79,9.81,548200,5374144.0
2025-10-30 13:30:00,2025-10-30,20251030133000000,000070,5,9.82,9.83,9.81,9.83,355500,3489824.0
2025-10-30 13:35:00,2025-10-30,20251030133500000,000070,5,9.82,9.83,9.82,9.83,292600,2875232.0
2025-10-30 13:40:00,2025-10-30,20251030134000000,000070,5,9.82,9.86,9.82,9.84,353900,3482560.0
2025-10-30 13:45:00,2025-10-30,20251030134500000,000070,5,9.85,9.86,9.83,9.85,318000,3130784.0
2025-10-30 13:50:00,2025-10-30,20251030135000000,000070,5,9.85,9.86,9.83,9.83,254600,2505952.0
2025-10-30 13:55:00,2025-10-30,20251030135500000,000070,5,9.84,9.85,9.83,9.83,343900,3382560.0
2025-10-30 14:00:00,2025-10-30,20251030140000000,000070,5,9.83,9.85,9.81,9.84,391600,3848512.0
2025-10-30 14:05:00,2025-10-30,20251030140500000,000070,5,9.84,9.85,9.83,9.83,231500,2276640.0
2025-10-30 14:10:00,2025-10-30,20251030141000000,000070,5,9.83,9.83,9.8,9.8,634800,6227168.0
2025-10-30 14:15:00,2025-10-30,20251030141500000,000070,5,9.8,9.81,9.78,9.79,579000,5670560.0
2025-10-30 14:20:00,2025-10-30,20251030142000000,000070,5,9.78,9.8,9.77,9.8,563700,5516256.0
2025-10-30 14:25:00,2025-10-30,20251030142500000,000070,5,9.79,9.8,9.78,9.78,364700,3568256.0
2025-10-30 14:30:00,2025-10-30,20251030143000000,000070,5,9.78,9.8,9.78,9.79,527400,5161184.0
2025-10-30 14:35:00,2025-10-30,20251030143500000,000070,5,9.79,9.82,9.78,9.81,501200,4912224.0
2025-10-30 14:40:00,2025-10-30,20251030144000000,000070,5,9.8,9.81,9.78,9.78,528600,5175360.0
2025-10-30 14:45:00,2025-10-30,20251030144500000,000070,5,9.78,9.79,9.76,9.76,1103100,10775584.0
2025-10-30 14:50:00,2025-10-30,20251030145000000,000070,5,9.76,9.77,9.75,9.75,1201800,11727616.0
2025-10-30 14:55:00,2025-10-30,20251030145500000,000070,5,9.75,9.76,9.73,9.73,1474800,14369056.0
2025-10-30 15:00:00,2025-10-30,20251030150000000,000070,5,9.73,9.75,9.73,9.75,1537900,14980128.0
2025-10-31 09:35:00,2025-10-31,20251031093500000,000070,5,9.75,9.81,9.75,9.77,1790000,17509772.0
2025-10-31 09:40:00,2025-10-31,20251031094000000,000070,5,9.78,9.82,9.77,9.8,958500,9388220.0
2025-10-31 09:45:00,2025-10-31,20251031094500000,000070,5,9.79,9.79,9.71,9.74,1272900,12399356.0
2025-10-31 09:50:00,2025-10-31,20251031095000000,000070,5,9.74,9.78,9.72,9.78,1483800,14465024.0
2025-10-31 09:55:00,2025-10-31,20251031095500000,000070,5,9.79,9.79,9.76,9.77,407300,3981596.0
2025-10-31 10:00:00,2025-10-31,20251031100000000,000070,5,9.77,9.8,9.76,9.79,626500,6125656.0
2025-10-31 10:05:00,2025-10-31,20251031100500000,000070,5,9.79,9.79,9.77,9.77,465600,4553744.0
2025-10-31 10:10:00,2025-10-31,20251031101000000,000070,5,9.78,9.79,9.76,9.79,552500,5400360.0
2025-10-31 10:15:00,2025-10-31,20251031101500000,000070,5,9.79,9.8,9.78,9.8,454000,4446376.0
2025-10-31 10:20:00,2025-10-31,20251031102000000,000070,5,9.8,9.8,9.79,9.79,282800,2770336.0
2025-10-31 10:25:00,2025-10-31,20251031102500000,000070,5,9.8,9.8,9.77,9.79,431600,4222664.0
2025-10-31 10:30:00,2025-10-31,20251031103000000,000070,5,9.79,9.79,9.77,9.77,314500,3073744.0
2025-10-31 10:35:00,2025-10-31,20251031103500000,000070,5,9.77,9.77,9.75,9.75,441300,4307848.0
2025-10-31 10:40:00,2025-10-31,20251031104000000,000070,5,9.76,9.82,9.75,9.79,1182900,11574024.0
2025-10-31 10:45:00,2025-10-31,20251031104500000,000070,5,9.79,9.8,9.78,9.79,293200,2870400.0
2025-10-31 10:50:00,2025-10-31,20251031105000000,000070,5,9.79,9.79,9.77,9.77,295500,2889464.0
2025-10-31 10:55:00,2025-10-31,20251031105500000,000070,5,9.77,9.78,9.77,9.77,180100,1760056.0
2025-10-31 11:00:00,2025-10-31,20251031110000000,000070,5,9.77,9.78,9.75,9.75,570800,5572120.0
2025-10-31 11:05:00,2025-10-31,20251031110500000,000070,5,9.76,9.76,9.74,9.74,338500,3300504.0
2025-10-31 11:10:00,2025-10-31,20251031111000000,000070,5,9.75,9.75,9.73,9.74,382400,3724392.0
2025-10-31 11:15:00,2025-10-31,20251031111500000,000070,5,9.74,9.76,9.73,9.76,322600,3144696.0
2025-10-31 11:20:00,2025-10-31,20251031112000000,000070,5,9.75,9.76,9.74,9.74,309600,3018384.0
2025-10-31 11:25:00,2025-10-31,20251031112500000,000070,5,9.75,9.75,9.73,9.74,366300,3568096.0
2025-10-31 11:30:00,2025-10-31,20251031113000000,000070,5,9.75,9.76,9.74,9.76,255500,2490992.0
2025-10-31 13:05:00,2025-10-31,20251031130500000,000070,5,9.75,9.85,9.75,9.85,1207400,11819376.0
2025-10-31 13:10:00,2025-10-31,20251031131000000,000070,5,9.83,9.84,9.8,9.8,910000,8944080.0
2025-10-31 13:15:00,2025-10-31,20251031131500000,000070,5,9.8,9.82,9.78,9.82,509000,4994848.0
2025-10-31 13:20:00,2025-10-31,20251031132000000,000070,5,9.83,9.83,9.78,9.78,395900,3879504.0
2025-10-31 13:25:00,2025-10-31,20251031132500000,000070,5,9.77,9.83,9.77,9.82,334700,3277520.0
2025-10-31 13:30:00,2025-10-31,20251031133000000,000070,5,9.82,9.83,9.79,9.79,369500,3626144.0
2025-10-31 13:35:00,2025-10-31,20251031133500000,000070,5,9.79,9.81,9.79,9.81,308200,3020992.0
2025-10-31 13:40:00,2025-10-31,20251031134000000,000070,5,9.81,9.82,9.8,9.81,233600,2292048.0
2025-10-31 13:45:00,2025-10-31,20251031134500000,000070,5,9.81,9.81,9.79,9.79,171800,1683248.0
2025-10-31 13:50:00,2025-10-31,20251031135000000,000070,5,9.79,9.79,9.78,9.78,320300,3134096.0
2025-10-31 13:55:00,2025-10-31,20251031135500000,000070,5,9.78,9.78,9.76,9.77,254200,2483904.0
2025-10-31 14:00:00,2025-10-31,20251031140000000,000070,5,9.77,9.79,9.77,9.78,128500,1256800.0
2025-10-31 14:05:00,2025-10-31,20251031140500000,000070,5,9.79,9.79,9.78,9.79,126800,1241040.0
2025-10-31 14:10:00,2025-10-31,20251031141000000,000070,5,9.79,9.8,9.78,9.8,228700,2239168.0
2025-10-31 14:15:00,2025-10-31,20251031141500000,000070,5,9.79,9.8,9.79,9.79,170000,1664912.0
2025-10-31 14:20:00,2025-10-31,20251031142000000,000070,5,9.8,9.8,9.79,9.79,210300,2060368.0
2025-10-31 14:25:00,2025-10-31,20251031142500000,000070,5,9.8,9.8,9.79,9.8,222800,2182000.0
2025-10-31 14:30:00,2025-10-31,20251031143000000,000070,5,9.8,9.8,9.79,9.79,209100,2047728.0
2025-10-31 14:35:00,2025-10-31,20251031143500000,000070,5,9.79,9.8,9.78,9.79,422800,4137792.0
2025-10-31 14:40:00,2025-10-31,20251031144000000,000070,5,9.78,9.8,9.78,9.79,336300,3291968.0
2025-10-31 14:45:00,2025-10-31,20251031144500000,000070,5,9.78,9.79,9.78,9.78,287300,2810960.0
2025-10-31 14:50:00,2025-10-31,20251031145000000,000070,5,9.79,9.79,9.78,9.78,632800,6190192.0
2025-10-31 14:55:00,2025-10-31,20251031145500000,000070,5,9.79,9.79,9.77,9.77,693000,6777792.0
2025-10-31 15:00:00,2025-10-31,20251031150000000,000070,5,9.78,9.79,9.77,9.79,814300,7966592.0
2025-11-03 09:35:00,2025-11-03,20251103093500000,000070,5,9.75,9.75,9.64,9.71,1884800,18234964.0
2025-11-03 09:40:00,2025-11-03,20251103094000000,000070,5,9.72,9.77,9.66,9.72,1595600,15500808.0
2025-11-03 09:45:00,2025-11-03,20251103094500000,000070,5,9.72,9.74,9.7,9.71,691800,6723144.0
2025-11-03 09:50:00,2025-11-03,20251103095000000,000070,5,9.71,9.76,9.7,9.75,724600,7049572.0
2025-11-03 09:55:00,2025-11-03,20251103095500000,000070,5,9.75,9.76,9.73,9.76,655300,6386704.0
2025-11-03 10:00:00,2025-11-03,20251103100000000,000070,5,9.76,9.77,9.73,9.73,793700,7740476.0
2025-11-03 10:05:00,2025-11-03,20251103100500000,000070,5,9.74,9.83,9.73,9.79,1130300,11064700.0
2025-11-03 10:10:00,2025-11-03,20251103101000000,000070,5,9.79,9.79,9.75,9.76,478100,4673136.0
2025-11-03 10:15:00,2025-11-03,20251103101500000,000070,5,9.77,9.8,9.76,9.8,304600,2979016.0
2025-11-03 10:20:00,2025-11-03,20251103102000000,000070,5,9.8,9.82,9.8,9.8,568200,5574688.0
2025-11-03 10:25:00,2025-11-03,20251103102500000,000070,5,9.81,9.81,9.79,9.8,334000,3273368.0
2025-11-03 10:30:00,2025-11-03,20251103103000000,000070,5,9.8,9.81,9.78,9.78,347300,3403072.0
2025-11-03 10:35:00,2025-11-03,20251103103500000,000070,5,9.78,9.83,9.77,9.81,652700,6398080.0
2025-11-03 10:40:00,2025-11-03,20251103104000000,000070,5,9.82,9.84,9.81,9.83,641100,6301296.0
2025-11-03 10:45:00,2025-11-03,20251103104500000,000070,5,9.83,9.83,9.81,9.82,198200,1946360.0
2025-11-03 10:50:00,2025-11-03,20251103105000000,000070,5,9.83,9.83,9.81,9.83,236100,2319496.0
2025-11-03 10:55:00,2025-11-03,20251103105500000,000070,5,9.83,9.84,9.83,9.83,285600,2809584.0
2025-11-03 11:00:00,2025-11-03,20251103110000000,000070,5,9.84,9.85,9.83,9.85,246700,2429048.0
2025-11-03 11:05:00,2025-11-03,20251103110500000,000070,5,9.85,9.9,9.84,9.88,934600,9232376.0
2025-11-03 11:10:00,2025-11-03,20251103111000000,000070,5,9.88,9.88,9.86,9.87,200000,1974144.0
2025-11-03 11:15:00,2025-11-03,20251103111500000,000070,5,9.87,9.9,9.86,9.88,569800,5628848.0
2025-11-03 11:20:00,2025-11-03,20251103112000000,000070,5,9.88,9.89,9.86,9.88,197700,1952024.0
2025-11-03 11:25:00,2025-11-03,20251103112500000,000070,5,9.87,9.88,9.86,9.87,158400,1564008.0
2025-11-03 11:30:00,2025-11-03,20251103113000000,000070,5,9.88,9.88,9.85,9.85,224200,2211376.0
2025-11-03 13:05:00,2025-11-03,20251103130500000,000070,5,9.85,9.86,9.84,9.85,320800,3160912.0
2025-11-03 13:10:00,2025-11-03,20251103131000000,000070,5,9.85,9.89,9.85,9.89,347300,3427968.0
2025-11-03 13:15:00,2025-11-03,20251103131500000,000070,5,9.89,9.89,9.86,9.87,293100,2895248.0
2025-11-03 13:20:00,2025-11-03,20251103132000000,000070,5,9.87,9.92,9.87,9.91,1091300,10800880.0
2025-11-03 13:25:00,2025-11-03,20251103132500000,000070,5,9.9,9.91,9.9,9.9,340300,3370768.0
2025-11-03 13:30:00,2025-11-03,20251103133000000,000070,5,9.91,9.92,9.9,9.92,269800,2673152.0
2025-11-03 13:35:00,2025-11-03,20251103133500000,000070,5,9.92,9.92,9.9,9.91,316500,3136960.0
2025-11-03 13:40:00,2025-11-03,20251103134000000,000070,5,9.9,9.91,9.88,9.88,556000,5501760.0
2025-11-03 13:45:00,2025-11-03,20251103134500000,000070,5,9.88,9.9,9.88,9.89,246200,2435728.0
2025-11-03 13:50:00,2025-11-03,20251103135000000,000070,5,9.88,9.91,9.88,9.91,343100,3396240.0
2025-11-03 13:55:00,2025-11-03,20251103135500000,000070,5,9.91,9.91,9.89,9.9,204100,2021120.0
2025-11-03 14:00:00,2025-11-03,20251103140000000,000070,5,9.9,9.9,9.89,9.9,143400,1419088.0
2025-11-03 14:05:00,2025-11-03,20251103140500000,000070,5,9.89,9.92,9.89,9.91,512000,5072816.0
2025-11-03 14:10:00,2025-11-03,20251103141000000,000070,5,9.92,9.92,9.9,9.91,274200,2718080.0
2025-11-03 14:15:00,2025-11-03,20251103141500000,000070,5,9.9,9.91,9.9,9.91,128900,1276784.0
2025-11-03 14:20:00,2025-11-03,20251103142000000,000070,5,9.91,9.91,9.9,9.9,226800,2245680.0
2025-11-03 14:25:00,2025-11-03,20251103142500000,000070,5,9.9,9.91,9.89,9.9,448200,4436848.0
2025-11-03 14:30:00,2025-11-03,20251103143000000,000070,5,9.9,9.91,9.89,9.91,375300,3715312.0
2025-11-03 14:35:00,2025-11-03,20251103143500000,000070,5,9.91,9.91,9.9,9.9,366400,3628176.0
2025-11-03 14:40:00,2025-11-03,20251103144000000,000070,5,9.91,9.91,9.9,9.91,430200,4260592.0
2025-11-03 14:45:00,2025-11-03,20251103144500000,000070,5,9.91,9.91,9.9,9.9,660600,6543872.0
2025-11-03 14:50:00,2025-11-03,20251103145000000,000070,5,9.91,9.91,9.9,9.91,417500,4136208.0
2025-11-03 14:55:00,2025-11-03,20251103145500000,000070,5,9.91,9.92,9.9,9.92,715900,7093456.0
2025-11-03 15:00:00,2025-11-03,20251103150000000,000070,5,9.91,9.92,9.91,9.92,951800,9439104.0
2025-11-04 09:35:00,2025-11-04,20251104093500000,000070,5,9.85,9.89,9.79,9.83,1460100,14341402.0
2025-11-04 09:40:00,2025-11-04,20251104094000000,000070,5,9.83,9.83,9.79,9.82,1148500,11264302.0
2025-11-04 09:45:00,2025-11-04,20251104094500000,000070,5,9.81,9.89,9.81,9.84,728400,7164708.0
2025-11-04 09:50:00,2025-11-04,20251104095000000,000070,5,9.84,9.84,9.81,9.82,614700,6038664.0
2025-11-04 09:55:00,2025-11-04,20251104095500000,000070,5,9.82,9.83,9.78,9.8,1039300,10183944.0
2025-11-04 10:00:00,2025-11-04,20251104100000000,000070,5,9.79,9.81,9.78,9.79,615700,6029312.0
2025-11-04 10:05:00,2025-11-04,20251104100500000,000070,5,9.79,9.82,9.79,9.79,462700,4532892.0
2025-11-04 10:10:00,2025-11-04,20251104101000000,000070,5,9.79,9.82,9.79,9.82,278500,2731928.0
2025-11-04 10:15:00,2025-11-04,20251104101500000,000070,5,9.81,9.88,9.8,9.85,502700,4941984.0
2025-11-04 10:20:00,2025-11-04,20251104102000000,000070,5,9.84,9.84,9.8,9.81,252900,2482048.0
2025-11-04 10:25:00,2025-11-04,20251104102500000,000070,5,9.82,9.82,9.8,9.81,221000,2167440.0
2025-11-04 10:30:00,2025-11-04,20251104103000000,000070,5,9.81,9.81,9.8,9.81,100700,987280.0
2025-11-04 10:35:00,2025-11-04,20251104103500000,000070,5,9.8,9.82,9.8,9.81,264000,2589176.0
2025-11-04 10:40:00,2025-11-04,20251104104000000,000070,5,9.81,9.81,9.78,9.78,411900,4034472.0
2025-11-04 10:45:00,2025-11-04,20251104104500000,000070,5,9.78,9.79,9.74,9.75,846900,8266224.0
2025-11-04 10:50:00,2025-11-04,20251104105000000,000070,5,9.75,9.77,9.74,9.75,358500,3496128.0
2025-11-04 10:55:00,2025-11-04,20251104105500000,000070,5,9.75,9.77,9.75,9.77,401100,3913264.0
2025-11-04 11:00:00,2025-11-04,20251104110000000,000070,5,9.77,9.8,9.77,9.79,158800,1554496.0
2025-11-04 11:05:00,2025-11-04,20251104110500000,000070,5,9.79,9.8,9.78,9.79,331500,3243112.0
2025-11-04 11:10:00,2025-11-04,20251104111000000,000070,5,9.8,9.8,9.77,9.79,134100,1312232.0
2025-11-04 11:15:00,2025-11-04,20251104111500000,000070,5,9.79,9.8,9.77,9.78,363200,3552264.0
2025-11-04 11:20:00,2025-11-04,20251104112000000,000070,5,9.78,9.79,9.77,9.77,118900,1162840.0
2025-11-04 11:25:00,2025-11-04,20251104112500000,000070,5,9.78,9.78,9.76,9.77,205000,2003056.0
2025-11-04 11:30:00,2025-11-04,20251104113000000,000070,5,9.77,9.77,9.75,9.76,165900,1619384.0
2025-11-04 13:05:00,2025-11-04,20251104130500000,000070,5,9.76,9.77,9.74,9.76,432900,4220472.0
2025-11-04 13:10:00,2025-11-04,20251104131000000,000070,5,9.76,9.77,9.75,9.75,206500,2014736.0
2025-11-04 13:15:00,2025-11-04,20251104131500000,000070,5,9.75,9.78,9.75,9.76,180200,1759072.0
2025-11-04 13:20:00,2025-11-04,20251104132000000,000070,5,9.75,9.76,9.74,9.75,350300,3414360.0
2025-11-04 13:25:00,2025-11-04,20251104132500000,000070,5,9.75,9.75,9.72,9.75,368600,3588456.0
2025-11-04 13:30:00,2025-11-04,20251104133000000,000070,5,9.75,9.77,9.75,9.75,214300,2091080.0
2025-11-04 13:35:00,2025-11-04,20251104133500000,000070,5,9.75,9.76,9.74,9.75,95200,927800.0
2025-11-04 13:40:00,2025-11-04,20251104134000000,000070,5,9.75,9.75,9.73,9.74,297900,2900848.0
2025-11-04 13:45:00,2025-11-04,20251104134500000,000070,5,9.74,9.75,9.72,9.73,342600,3332656.0
2025-11-04 13:50:00,2025-11-04,20251104135000000,000070,5,9.72,9.74,9.72,9.72,235900,2294096.0
2025-11-04 13:55:00,2025-11-04,20251104135500000,000070,5,9.72,9.73,9.72,9.72,161900,1574240.0
2025-11-04 14:00:00,2025-11-04,20251104140000000,000070,5,9.72,9.74,9.72,9.74,209500,2038352.0
2025-11-04 14:05:00,2025-11-04,20251104140500000,000070,5,9.73,9.74,9.72,9.72,247000,2402160.0
2025-11-04 14:10:00,2025-11-04,20251104141000000,000070,5,9.72,9.73,9.71,9.73,169300,1645712.0
2025-11-04 14:15:00,2025-11-04,20251104141500000,000070,5,9.73,9.73,9.71,9.71,353900,3439344.0
2025-11-04 14:20:00,2025-11-04,20251104142000000,000070,5,9.71,9.71,9.7,9.7,791600,7680528.0
2025-11-04 14:25:00,2025-11-04,20251104142500000,000070,5,9.7,9.71,9.69,9.7,543200,5266288.0
2025-11-04 14:30:00,2025-11-04,20251104143000000,000070,5,9.7,9.71,9.69,9.69,277500,2691232.0
2025-11-04 14:35:00,2025-11-04,20251104143500000,000070,5,9.69,9.71,9.68,9.71,680700,6596384.0
2025-11-04 14:40:00,2025-11-04,20251104144000000,000070,5,9.71,9.73,9.71,9.72,390800,3796704.0
2025-11-04 14:45:00,2025-11-04,20251104144500000,000070,5,9.72,9.8,9.71,9.79,848300,8281344.0
2025-11-04 14:50:00,2025-11-04,20251104145000000,000070,5,9.8,9.81,9.79,9.8,712000,6977040.0
2025-11-04 14:55:00,2025-11-04,20251104145500000,000070,5,9.8,9.8,9.78,9.79,610500,5978272.0
2025-11-04 15:00:00,2025-11-04,20251104150000000,000070,5,9.79,9.79,9.78,9.78,479500,4690944.0
2025-11-05 09:35:00,2025-11-05,20251105093500000,000070,5,9.65,9.75,9.64,9.72,1449700,14048133.0
2025-11-05 09:40:00,2025-11-05,20251105094000000,000070,5,9.72,9.78,9.71,9.77,646400,6305241.0
2025-11-05 09:45:00,2025-11-05,20251105094500000,000070,5,9.77,9.78,9.73,9.74,421200,4107338.0
2025-11-05 09:50:00,2025-11-05,20251105095000000,000070,5,9.74,9.77,9.73,9.76,657800,6411118.0
2025-11-05 09:55:00,2025-11-05,20251105095500000,000070,5,9.76,9.77,9.74,9.75,411100,4009790.0
2025-11-05 10:00:00,2025-11-05,20251105100000000,000070,5,9.74,9.77,9.74,9.75,543600,5303656.0
2025-11-05 10:05:00,2025-11-05,20251105100500000,000070,5,9.75,9.75,9.73,9.73,342000,3332388.0
2025-11-05 10:10:00,2025-11-05,20251105101000000,000070,5,9.74,9.74,9.71,9.73,556900,5417148.0
2025-11-05 10:15:00,2025-11-05,20251105101500000,000070,5,9.73,9.76,9.73,9.76,285400,2781964.0
2025-11-05 10:20:00,2025-11-05,20251105102000000,000070,5,9.75,9.77,9.74,9.74,221300,2158696.0
2025-11-05 10:25:00,2025-11-05,20251105102500000,000070,5,9.74,9.75,9.72,9.72,272600,2653088.0
2025-11-05 10:30:00,2025-11-05,20251105103000000,000070,5,9.72,9.74,9.7,9.7,393200,3821220.0
2025-11-05 10:35:00,2025-11-05,20251105103500000,000070,5,9.7,9.7,9.68,9.68,661000,6404080.0
2025-11-05 10:40:00,2025-11-05,20251105104000000,000070,5,9.68,9.71,9.68,9.71,295600,2865420.0
2025-11-05 10:45:00,2025-11-05,20251105104500000,000070,5,9.7,9.71,9.67,9.67,294900,2857848.0
2025-11-05 10:50:00,2025-11-05,20251105105000000,000070,5,9.67,9.69,9.67,9.68,336700,3257664.0
2025-11-05 10:55:00,2025-11-05,20251105105500000,000070,5,9.67,9.68,9.65,9.65,385700,3727120.0
2025-11-05 11:00:00,2025-11-05,20251105110000000,000070,5,9.66,9.67,9.63,9.64,892000,8605432.0
2025-11-05 11:05:00,2025-11-05,20251105110500000,000070,5,9.63,9.66,9.63,9.64,352900,3403280.0
2025-11-05 11:10:00,2025-11-05,20251105111000000,000070,5,9.65,9.67,9.64,9.67,315200,3042888.0
2025-11-05 11:15:00,2025-11-05,20251105111500000,000070,5,9.67,9.69,9.66,9.69,165100,1597480.0
2025-11-05 11:20:00,2025-11-05,20251105112000000,000070,5,9.68,9.69,9.67,9.69,195800,1894984.0
2025-11-05 11:25:00,2025-11-05,20251105112500000,000070,5,9.68,9.69,9.68,9.69,206100,1996552.0
2025-11-05 11:30:00,2025-11-05,20251105113000000,000070,5,9.69,9.71,9.69,9.7,191200,1854784.0
2025-11-05 13:05:00,2025-11-05,20251105130500000,000070,5,9.7,9.74,9.7,9.74,260700,2533928.0
2025-11-05 13:10:00,2025-11-05,20251105131000000,000070,5,9.74,9.75,9.73,9.74,225500,2195936.0
2025-11-05 13:15:00,2025-11-05,20251105131500000,000070,5,9.73,9.74,9.72,9.74,221300,2153336.0
2025-11-05 13:20:00,2025-11-05,20251105132000000,000070,5,9.74,9.75,9.73,9.74,342800,3337624.0
2025-11-05 13:25:00,2025-11-05,20251105132500000,000070,5,9.73,9.76,9.73,9.76,296600,2890776.0
2025-11-05 13:30:00,2025-11-05,20251105133000000,000070,5,9.75,9.76,9.74,9.75,200400,1953344.0
2025-11-05 13:35:00,2025-11-05,20251105133500000,000070,5,9.75,9.81,9.74,9.8,1271800,12431840.0
2025-11-05 13:40:00,2025-11-05,20251105134000000,000070,5,9.8,9.83,9.76,9.82,884700,8672208.0
2025-11-05 13:45:00,2025-11-05,20251105134500000,000070,5,9.82,9.83,9.79,9.8,518700,5087632.0
2025-11-05 13:50:00,2025-11-05,20251105135000000,000070,5,9.8,9.82,9.8,9.81,317500,3114240.0
2025-11-05 13:55:00,2025-11-05,20251105135500000,000070,5,9.8,9.81,9.8,9.8,330800,3243856.0
2025-11-05 14:00:00,2025-11-05,20251105140000000,000070,5,9.8,9.8,9.79,9.79,212300,2079616.0
2025-11-05 14:05:00,2025-11-05,20251105140500000,000070,5,9.79,9.81,9.79,9.79,476100,4665104.0
2025-11-05 14:10:00,2025-11-05,20251105141000000,000070,5,9.79,9.81,9.78,9.79,204800,2005728.0
2025-11-05 14:15:00,2025-11-05,20251105141500000,000070,5,9.78,9.8,9.78,9.8,146400,1433648.0
2025-11-05 14:20:00,2025-11-05,20251105142000000,000070,5,9.8,9.8,9.79,9.79,209700,2053424.0
2025-11-05 14:25:00,2025-11-05,20251105142500000,000070,5,9.79,9.8,9.78,9.79,274100,2683984.0
2025-11-05 14:30:00,2025-11-05,20251105143000000,000070,5,9.8,9.81,9.79,9.8,367100,3597504.0
2025-11-05 14:35:00,2025-11-05,20251105143500000,000070,5,9.79,9.8,9.79,9.8,306000,2997232.0
2025-11-05 14:40:00,2025-11-05,20251105144000000,000070,5,9.8,9.8,9.79,9.79,212200,2078096.0
2025-11-05 14:45:00,2025-11-05,20251105144500000,000070,5,9.79,9.8,9.79,9.8,200700,1965280.0
2025-11-05 14:50:00,2025-11-05,20251105145000000,000070,5,9.8,9.8,9.78,9.78,436200,4269808.0
2025-11-05 14:55:00,2025-11-05,20251105145500000,000070,5,9.79,9.79,9.77,9.77,692100,6769264.0
2025-11-05 15:00:00,2025-11-05,20251105150000000,000070,5,9.77,9.78,9.77,9.78,541100,5290528.0
2025-11-06 09:35:00,2025-11-06,20251106093500000,000070,5,9.79,9.8,9.69,9.69,1401500,13634905.0
2025-11-06 09:40:00,2025-11-06,20251106094000000,000070,5,9.69,9.73,9.67,9.7,1388800,13459207.0
2025-11-06 09:45:00,2025-11-06,20251106094500000,000070,5,9.7,9.7,9.64,9.7,1499900,14500296.0
2025-11-06 09:50:00,2025-11-06,20251106095000000,000070,5,9.69,9.7,9.66,9.67,664500,6430344.0
2025-11-06 09:55:00,2025-11-06,20251106095500000,000070,5,9.68,9.68,9.64,9.64,1039400,10039488.0
2025-11-06 10:00:00,2025-11-06,20251106100000000,000070,5,9.64,9.65,9.62,9.64,904500,8713536.0
2025-11-06 10:05:00,2025-11-06,20251106100500000,000070,5,9.63,9.64,9.6,9.61,1258800,12105208.0
2025-11-06 10:10:00,2025-11-06,20251106101000000,000070,5,9.61,9.61,9.56,9.6,1749700,16773720.0
2025-11-06 10:15:00,2025-11-06,20251106101500000,000070,5,9.6,9.62,9.6,9.62,383700,3689456.0
2025-11-06 10:20:00,2025-11-06,20251106102000000,000070,5,9.62,9.65,9.61,9.61,293700,2826992.0
2025-11-06 10:25:00,2025-11-06,20251106102500000,000070,5,9.61,9.64,9.6,9.64,260800,2509496.0
2025-11-06 10:30:00,2025-11-06,20251106103000000,000070,5,9.64,9.64,9.62,9.64,385100,3707512.0
2025-11-06 10:35:00,2025-11-06,20251106103500000,000070,5,9.63,9.68,9.63,9.66,259500,2506360.0
2025-11-06 10:40:00,2025-11-06,20251106104000000,000070,5,9.65,9.68,9.65,9.68,319900,3093216.0
2025-11-06 10:45:00,2025-11-06,20251106104500000,000070,5,9.68,9.68,9.67,9.67,239200,2313888.0
2025-11-06 10:50:00,2025-11-06,20251106105000000,000070,5,9.68,9.71,9.67,9.71,408300,3955176.0
2025-11-06 10:55:00,2025-11-06,20251106105500000,000070,5,9.71,9.72,9.69,9.69,399400,3878496.0
2025-11-06 11:00:00,2025-11-06,20251106110000000,000070,5,9.69,9.7,9.68,9.68,431800,4183096.0
2025-11-06 11:05:00,2025-11-06,20251106110500000,000070,5,9.68,9.7,9.67,9.69,232200,2247352.0
2025-11-06 11:10:00,2025-11-06,20251106111000000,000070,5,9.69,9.69,9.66,9.67,270100,2612840.0
2025-11-06 11:15:00,2025-11-06,20251106111500000,000070,5,9.66,9.67,9.65,9.65,347000,3349176.0
2025-11-06 11:20:00,2025-11-06,20251106112000000,000070,5,9.65,9.66,9.64,9.65,178100,1718896.0
2025-11-06 11:25:00,2025-11-06,20251106112500000,000070,5,9.65,9.66,9.64,9.65,180500,1741040.0
2025-11-06 11:30:00,2025-11-06,20251106113000000,000070,5,9.65,9.68,9.65,9.67,185200,1789568.0
2025-11-06 13:05:00,2025-11-06,20251106130500000,000070,5,9.68,9.68,9.65,9.65,185400,1790656.0
2025-11-06 13:10:00,2025-11-06,20251106131000000,000070,5,9.66,9.66,9.64,9.65,170300,1643520.0
2025-11-06 13:15:00,2025-11-06,20251106131500000,000070,5,9.65,9.66,9.64,9.66,254600,2457440.0
2025-11-06 13:20:00,2025-11-06,20251106132000000,000070,5,9.65,9.67,9.64,9.64,196700,1898864.0
2025-11-06 13:25:00,2025-11-06,20251106132500000,000070,5,9.65,9.66,9.64,9.65,283400,2733232.0
2025-11-06 13:30:00,2025-11-06,20251106133000000,000070,5,9.65,9.65,9.64,9.65,108900,1050608.0
2025-11-06 13:35:00,2025-11-06,20251106133500000,000070,5,9.65,9.66,9.64,9.65,153400,1479568.0
2025-11-06 13:40:00,2025-11-06,20251106134000000,000070,5,9.65,9.67,9.65,9.66,245400,2370208.0
2025-11-06 13:45:00,2025-11-06,20251106134500000,000070,5,9.66,9.66,9.64,9.64,214100,2065616.0
2025-11-06 13:50:00,2025-11-06,20251106135000000,000070,5,9.64,9.65,9.64,9.65,234500,2262016.0
2025-11-06 13:55:00,2025-11-06,20251106135500000,000070,5,9.65,9.67,9.65,9.67,316200,3053664.0
2025-11-06 14:00:00,2025-11-06,20251106140000000,000070,5,9.66,9.67,9.66,9.66,261200,2523984.0
2025-11-06 14:05:00,2025-11-06,20251106140500000,000070,5,9.67,9.7,9.67,9.7,392800,3805376.0
2025-11-06 14:10:00,2025-11-06,20251106141000000,000070,5,9.69,9.71,9.69,9.7,311200,3019728.0
2025-11-06 14:15:00,2025-11-06,20251106141500000,000070,5,9.7,9.7,9.68,9.69,412200,3993296.0
2025-11-06 14:20:00,2025-11-06,20251106142000000,000070,5,9.69,9.7,9.68,9.7,165600,1604848.0
2025-11-06 14:25:00,2025-11-06,20251106142500000,000070,5,9.7,9.7,9.68,9.69,170500,1652416.0
2025-11-06 14:30:00,2025-11-06,20251106143000000,000070,5,9.69,9.71,9.69,9.7,353800,3431312.0
2025-11-06 14:35:00,2025-11-06,20251106143500000,000070,5,9.69,9.7,9.68,9.68,353800,3427696.0
2025-11-06 14:40:00,2025-11-06,20251106144000000,000070,5,9.67,9.7,9.67,9.69,252800,2449344.0
2025-11-06 14:45:00,2025-11-06,20251106144500000,000070,5,9.7,9.7,9.68,9.68,277700,2690272.0
2025-11-06 14:50:00,2025-11-06,20251106145000000,000070,5,9.69,9.69,9.68,9.68,669900,6485168.0
2025-11-06 14:55:00,2025-11-06,20251106145500000,000070,5,9.68,9.69,9.67,9.68,591000,5722176.0
2025-11-06 15:00:00,2025-11-06,20251106150000000,000070,5,9.68,9.68,9.66,9.67,1175200,11364992.0
2025-11-07 09:35:00,2025-11-07,20251107093500000,000070,5,9.64,9.64,9.53,9.55,1823100,17450028.0
2025-11-07 09:40:00,2025-11-07,20251107094000000,000070,5,9.55,9.56,9.51,9.56,1107200,10552776.0
2025-11-07 09:45:00,2025-11-07,20251107094500000,000070,5,9.56,9.56,9.51,9.53,1104200,10518532.0
2025-11-07 09:50:00,2025-11-07,20251107095000000,000070,5,9.52,9.53,9.46,9.49,2170300,20597328.0
2025-11-07 09:55:00,2025-11-07,20251107095500000,000070,5,9.48,9.5,9.46,9.47,1094300,10371000.0
2025-11-07 10:00:00,2025-11-07,20251107100000000,000070,5,9.47,9.49,9.46,9.49,582400,5516464.0
2025-11-07 10:05:00,2025-11-07,20251107100500000,000070,5,9.48,9.52,9.48,9.5,555300,5276616.0
2025-11-07 10:10:00,2025-11-07,20251107101000000,000070,5,9.5,9.53,9.5,9.5,402600,3829928.0
2025-11-07 10:15:00,2025-11-07,20251107101500000,000070,5,9.51,9.52,9.49,9.51,402100,3820200.0
2025-11-07 10:20:00,2025-11-07,20251107102000000,000070,5,9.51,9.52,9.5,9.5,314800,2991760.0
2025-11-07 10:25:00,2025-11-07,20251107102500000,000070,5,9.5,9.55,9.5,9.54,292900,2787416.0
2025-11-07 10:30:00,2025-11-07,20251107103000000,000070,5,9.54,9.56,9.54,9.54,394100,3763608.0
2025-11-07 10:35:00,2025-11-07,20251107103500000,000070,5,9.55,9.57,9.54,9.56,302500,2890984.0
2025-11-07 10:40:00,2025-11-07,20251107104000000,000070,5,9.55,9.56,9.54,9.55,223300,2132432.0
2025-11-07 10:45:00,2025-11-07,20251107104500000,000070,5,9.55,9.56,9.53,9.55,376900,3597640.0
2025-11-07 10:50:00,2025-11-07,20251107105000000,000070,5,9.55,9.56,9.53,9.54,233500,2228592.0
2025-11-07 10:55:00,2025-11-07,20251107105500000,000070,5,9.54,9.55,9.52,9.54,215900,2059016.0
2025-11-07 11:00:00,2025-11-07,20251107110000000,000070,5,9.54,9.57,9.54,9.56,298600,2853352.0
2025-11-07 11:05:00,2025-11-07,20251107110500000,000070,5,9.57,9.58,9.56,9.58,297100,2843440.0
2025-11-07 11:10:00,2025-11-07,20251107111000000,000070,5,9.57,9.58,9.56,9.57,155600,1489040.0
2025-11-07 11:15:00,2025-11-07,20251107111500000,000070,5,9.57,9.57,9.55,9.56,314800,3009128.0
2025-11-07 11:20:00,2025-11-07,20251107112000000,000070,5,9.56,9.56,9.55,9.56,60300,576016.0
2025-11-07 11:25:00,2025-11-07,20251107112500000,000070,5,9.55,9.56,9.54,9.54,276600,2641144.0
2025-11-07 11:30:00,2025-11-07,20251107113000000,000070,5,9.54,9.56,9.54,9.56,110600,1056648.0
2025-11-07 13:05:00,2025-11-07,20251107130500000,000070,5,9.55,9.56,9.55,9.55,120000,1146536.0
2025-11-07 13:10:00,2025-11-07,20251107131000000,000070,5,9.55,9.57,9.55,9.56,204100,1950848.0
2025-11-07 13:15:00,2025-11-07,20251107131500000,000070,5,9.56,9.56,9.54,9.55,160300,1530992.0
2025-11-07 13:20:00,2025-11-07,20251107132000000,000070,5,9.54,9.56,9.54,9.56,146700,1400904.0
2025-11-07 13:25:00,2025-11-07,20251107132500000,000070,5,9.56,9.56,9.54,9.54,171900,1641480.0
2025-11-07 13:30:00,2025-11-07,20251107133000000,000070,5,9.55,9.56,9.53,9.54,133200,1271000.0
2025-11-07 13:35:00,2025-11-07,20251107133500000,000070,5,9.54,9.56,9.54,9.56,236600,2259472.0
2025-11-07 13:40:00,2025-11-07,20251107134000000,000070,5,9.56,9.56,9.54,9.55,179900,1717696.0
2025-11-07 13:45:00,2025-11-07,20251107134500000,000070,5,9.54,9.55,9.53,9.53,177000,1687552.0
2025-11-07 13:50:00,2025-11-07,20251107135000000,000070,5,9.53,9.53,9.51,9.52,354000,3370768.0
2025-11-07 13:55:00,2025-11-07,20251107135500000,000070,5,9.52,9.52,9.5,9.5,365200,3474032.0
2025-11-07 14:00:00,2025-11-07,20251107140000000,000070,5,9.5,9.51,9.49,9.5,454300,4316128.0
2025-11-07 14:05:00,2025-11-07,20251107140500000,000070,5,9.5,9.5,9.49,9.49,228100,2165088.0
2025-11-07 14:10:00,2025-11-07,20251107141000000,000070,5,9.49,9.5,9.48,9.49,359600,3411328.0
2025-11-07 14:15:00,2025-11-07,20251107141500000,000070,5,9.49,9.52,9.49,9.51,437300,4155040.0
2025-11-07 14:20:00,2025-11-07,20251107142000000,000070,5,9.51,9.53,9.5,9.52,419700,3993920.0
2025-11-07 14:25:00,2025-11-07,20251107142500000,000070,5,9.53,9.54,9.53,9.53,146100,1392880.0
2025-11-07 14:30:00,2025-11-07,20251107143000000,000070,5,9.53,9.54,9.51,9.52,335200,3192016.0
2025-11-07 14:35:00,2025-11-07,20251107143500000,000070,5,9.52,9.53,9.51,9.52,204800,1949680.0
2025-11-07 14:40:00,2025-11-07,20251107144000000,000070,5,9.52,9.52,9.5,9.51,518200,4924784.0
2025-11-07 14:45:00,2025-11-07,20251107144500000,000070,5,9.5,9.52,9.5,9.5,249200,2369776.0
2025-11-07 14:50:00,2025-11-07,20251107145000000,000070,5,9.51,9.51,9.5,9.51,445800,4237392.0
2025-11-07 14:55:00,2025-11-07,20251107145500000,000070,5,9.51,9.51,9.5,9.51,578200,5496224.0
2025-11-07 15:00:00,2025-11-07,20251107150000000,000070,5,9.5,9.51,9.5,9.51,739600,7031040.0
2025-11-10 09:35:00,2025-11-10,20251110093500000,000070,5,9.5,9.57,9.5,9.51,1016000,9686637.0
2025-11-10 09:40:00,2025-11-10,20251110094000000,000070,5,9.51,9.53,9.49,9.49,700600,6664542.0
2025-11-10 09:45:00,2025-11-10,20251110094500000,000070,5,9.5,9.51,9.46,9.46,1197200,11342589.0
2025-11-10 09:50:00,2025-11-10,20251110095000000,000070,5,9.47,9.5,9.46,9.49,401000,3800974.0
2025-11-10 09:55:00,2025-11-10,20251110095500000,000070,5,9.5,9.51,9.48,9.5,297000,2820546.0
2025-11-10 10:00:00,2025-11-10,20251110100000000,000070,5,9.49,9.5,9.49,9.5,508100,4824244.0
2025-11-10 10:05:00,2025-11-10,20251110100500000,000070,5,9.49,9.5,9.46,9.47,505700,4791092.0
2025-11-10 10:10:00,2025-11-10,20251110101000000,000070,5,9.46,9.47,9.42,9.43,1003700,9478844.0
2025-11-10 10:15:00,2025-11-10,20251110101500000,000070,5,9.44,9.46,9.43,9.45,522000,4930108.0
2025-11-10 10:20:00,2025-11-10,20251110102000000,000070,5,9.46,9.47,9.45,9.45,210500,1990292.0
2025-11-10 10:25:00,2025-11-10,20251110102500000,000070,5,9.46,9.48,9.45,9.47,296500,2804848.0
2025-11-10 10:30:00,2025-11-10,20251110103000000,000070,5,9.48,9.48,9.47,9.47,149300,1414380.0
2025-11-10 10:35:00,2025-11-10,20251110103500000,000070,5,9.47,9.48,9.46,9.47,297400,2815704.0
2025-11-10 10:40:00,2025-11-10,20251110104000000,000070,5,9.46,9.47,9.45,9.47,218400,2066064.0
2025-11-10 10:45:00,2025-11-10,20251110104500000,000070,5,9.47,9.47,9.45,9.47,126800,1199400.0
2025-11-10 10:50:00,2025-11-10,20251110105000000,000070,5,9.46,9.47,9.46,9.46,100700,952912.0
2025-11-10 10:55:00,2025-11-10,20251110105500000,000070,5,9.46,9.47,9.45,9.47,215600,2039568.0
2025-11-10 11:00:00,2025-11-10,20251110110000000,000070,5,9.47,9.48,9.46,9.47,146600,1388040.0
2025-11-10 11:05:00,2025-11-10,20251110110500000,000070,5,9.46,9.47,9.45,9.46,217300,2055672.0
2025-11-10 11:10:00,2025-11-10,20251110111000000,000070,5,9.46,9.47,9.45,9.46,124600,1178528.0
2025-11-10 11:15:00,2025-11-10,20251110111500000,000070,5,9.46,9.48,9.46,9.47,196300,1859528.0
2025-11-10 11:20:00,2025-11-10,20251110112000000,000070,5,9.47,9.48,9.47,9.47,100400,950856.0
2025-11-10 11:25:00,2025-11-10,20251110112500000,000070,5,9.47,9.47,9.46,9.46,81700,773432.0
2025-11-10 11:30:00,2025-11-10,20251110113000000,000070,5,9.46,9.47,9.46,9.47,209100,1978640.0
2025-11-10 13:05:00,2025-11-10,20251110130500000,000070,5,9.46,9.49,9.46,9.49,307900,2915856.0
2025-11-10 13:10:00,2025-11-10,20251110131000000,000070,5,9.49,9.5,9.48,9.49,208000,1974368.0
2025-11-10 13:15:00,2025-11-10,20251110131500000,000070,5,9.49,9.5,9.48,9.49,67600,641424.0
2025-11-10 13:20:00,2025-11-10,20251110132000000,000070,5,9.49,9.5,9.48,9.49,175300,1663488.0
2025-11-10 13:25:00,2025-11-10,20251110132500000,000070,5,9.5,9.5,9.49,9.5,91300,866824.0
2025-11-10 13:30:00,2025-11-10,20251110133000000,000070,5,9.49,9.5,9.49,9.49,159400,1512952.0
2025-11-10 13:35:00,2025-11-10,20251110133500000,000070,5,9.49,9.5,9.49,9.5,152900,1451488.0
2025-11-10 13:40:00,2025-11-10,20251110134000000,000070,5,9.49,9.5,9.48,9.49,233900,2218832.0
2025-11-10 13:45:00,2025-11-10,20251110134500000,000070,5,9.49,9.49,9.48,9.48,122800,1164352.0
2025-11-10 13:50:00,2025-11-10,20251110135000000,000070,5,9.48,9.49,9.48,9.48,84500,801288.0
2025-11-10 13:55:00,2025-11-10,20251110135500000,000070,5,9.49,9.5,9.48,9.5,189600,1798688.0
2025-11-10 14:00:00,2025-11-10,20251110140000000,000070,5,9.5,9.5,9.49,9.5,102600,974448.0
2025-11-10 14:05:00,2025-11-10,20251110140500000,000070,5,9.49,9.5,9.48,9.49,212700,2017992.0
2025-11-10 14:10:00,2025-11-10,20251110141000000,000070,5,9.49,9.5,9.48,9.49,152200,1444832.0
2025-11-10 14:15:00,2025-11-10,20251110141500000,000070,5,9.49,9.52,9.49,9.51,533400,5070144.0
2025-11-10 14:20:00,2025-11-10,20251110142000000,000070,5,9.51,9.52,9.5,9.51,123400,1173568.0
2025-11-10 14:25:00,2025-11-10,20251110142500000,000070,5,9.51,9.51,9.5,9.51,116800,1110088.0
2025-11-10 14:30:00,2025-11-10,20251110143000000,000070,5,9.51,9.52,9.5,9.52,162400,1544280.0
2025-11-10 14:35:00,2025-11-10,20251110143500000,000070,5,9.52,9.53,9.51,9.53,458000,4361568.0
2025-11-10 14:40:00,2025-11-10,20251110144000000,000070,5,9.53,9.56,9.52,9.55,794700,7586544.0
2025-11-10 14:45:00,2025-11-10,20251110144500000,000070,5,9.55,9.55,9.53,9.53,289800,2764232.0
2025-11-10 14:50:00,2025-11-10,20251110145000000,000070,5,9.54,9.55,9.53,9.53,409700,3907280.0
2025-11-10 14:55:00,2025-11-10,20251110145500000,000070,5,9.53,9.54,9.52,9.53,483300,4607064.0
2025-11-10 15:00:00,2025-11-10,20251110150000000,000070,5,9.54,9.55,9.53,9.55,457900,4367888.0
2025-11-11 09:35:00,2025-11-11,20251111093500000,000070,5,9.62,9.62,9.52,9.53,1149100,10984961.0
2025-11-11 09:40:00,2025-11-11,20251111094000000,000070,5,9.52,9.55,9.52,9.55,356700,3404189.0
2025-11-11 09:45:00,2025-11-11,20251111094500000,000070,5,9.55,9.58,9.54,9.56,641300,6132404.0
2025-11-11 09:50:00,2025-11-11,20251111095000000,000070,5,9.56,9.58,9.55,9.57,383400,3667998.0
2025-11-11 09:55:00,2025-11-11,20251111095500000,000070,5,9.58,9.61,9.57,9.61,546700,5240074.0
2025-11-11 10:00:00,2025-11-11,20251111100000000,000070,5,9.6,9.61,9.56,9.57,410300,3932706.0
2025-11-11 10:05:00,2025-11-11,20251111100500000,000070,5,9.57,9.57,9.55,9.55,288600,2759228.0
2025-11-11 10:10:00,2025-11-11,20251111101000000,000070,5,9.56,9.56,9.54,9.54,352900,3370136.0
2025-11-11 10:15:00,2025-11-11,20251111101500000,000070,5,9.55,9.58,9.54,9.55,326600,3121188.0
2025-11-11 10:20:00,2025-11-11,20251111102000000,000070,5,9.55,9.56,9.54,9.55,146100,1395096.0
2025-11-11 10:25:00,2025-11-11,20251111102500000,000070,5,9.55,9.56,9.55,9.55,190300,1817476.0
2025-11-11 10:30:00,2025-11-11,20251111103000000,000070,5,9.54,9.55,9.53,9.53,263300,2511964.0
2025-11-11 10:35:00,2025-11-11,20251111103500000,000070,5,9.53,9.53,9.51,9.51,409800,3902252.0
2025-11-11 10:40:00,2025-11-11,20251111104000000,000070,5,9.52,9.54,9.51,9.54,259900,2475140.0
2025-11-11 10:45:00,2025-11-11,20251111104500000,000070,5,9.54,9.54,9.53,9.53,60800,579580.0
2025-11-11 10:50:00,2025-11-11,20251111105000000,000070,5,9.53,9.54,9.51,9.52,330400,3146732.0
2025-11-11 10:55:00,2025-11-11,20251111105500000,000070,5,9.51,9.53,9.51,9.52,343100,3262556.0
2025-11-11 11:00:00,2025-11-11,20251111110000000,000070,5,9.52,9.52,9.5,9.5,197000,1872788.0
2025-11-11 11:05:00,2025-11-11,20251111110500000,000070,5,9.51,9.51,9.49,9.5,246600,2342728.0
2025-11-11 11:10:00,2025-11-11,20251111111000000,000070,5,9.5,9.51,9.48,9.51,260600,2473556.0
2025-11-11 11:15:00,2025-11-11,20251111111500000,000070,5,9.5,9.5,9.48,9.49,359700,3414240.0
2025-11-11 11:20:00,2025-11-11,20251111112000000,000070,5,9.51,9.51,9.49,9.49,154500,1466960.0
2025-11-11 11:25:00,2025-11-11,20251111112500000,000070,5,9.5,9.5,9.48,9.49,382800,3630904.0
2025-11-11 11:30:00,2025-11-11,20251111113000000,000070,5,9.49,9.5,9.49,9.5,127300,1208392.0
2025-11-11 13:05:00,2025-11-11,20251111130500000,000070,5,9.5,9.5,9.46,9.46,625800,5929584.0
2025-11-11 13:10:00,2025-11-11,20251111131000000,000070,5,9.47,9.47,9.46,9.46,331100,3133120.0
2025-11-11 13:15:00,2025-11-11,20251111131500000,000070,5,9.45,9.46,9.43,9.44,615400,5814384.0
2025-11-11 13:20:00,2025-11-11,20251111132000000,000070,5,9.44,9.44,9.42,9.43,406200,3831312.0
2025-11-11 13:25:00,2025-11-11,20251111132500000,000070,5,9.43,9.44,9.41,9.42,485100,4570384.0
2025-11-11 13:30:00,2025-11-11,20251111133000000,000070,5,9.42,9.43,9.41,9.42,272200,2562848.0
2025-11-11 13:35:00,2025-11-11,20251111133500000,000070,5,9.42,9.43,9.4,9.41,542200,5103624.0
2025-11-11 13:40:00,2025-11-11,20251111134000000,000070,5,9.41,9.41,9.39,9.39,607100,5705632.0
2025-11-11 13:45:00,2025-11-11,20251111134500000,000070,5,9.4,9.41,9.39,9.4,340700,3202240.0
2025-11-11 13:50:00,2025-11-11,20251111135000000,000070,5,9.4,9.43,9.4,9.43,194600,1832360.0
2025-11-11 13:55:00,2025-11-11,20251111135500000,000070,5,9.43,9.45,9.43,9.43,221400,2089184.0
2025-11-11 14:00:00,2025-11-11,20251111140000000,000070,5,9.43,9.44,9.41,9.41,193900,1826968.0
2025-11-11 14:05:00,2025-11-11,20251111140500000,000070,5,9.41,9.42,9.4,9.42,240300,2261064.0
2025-11-11 14:10:00,2025-11-11,20251111141000000,000070,5,9.41,9.45,9.41,9.45,170900,1609720.0
2025-11-11 14:15:00,2025-11-11,20251111141500000,000070,5,9.45,9.45,9.43,9.44,113200,1068608.0
2025-11-11 14:20:00,2025-11-11,20251111142000000,000070,5,9.44,9.45,9.43,9.45,356100,3358808.0
2025-11-11 14:25:00,2025-11-11,20251111142500000,000070,5,9.45,9.48,9.44,9.47,332300,3144112.0
2025-11-11 14:30:00,2025-11-11,20251111143000000,000070,5,9.47,9.47,9.45,9.46,268600,2541728.0
2025-11-11 14:35:00,2025-11-11,20251111143500000,000070,5,9.46,9.46,9.43,9.43,214100,2023232.0
2025-11-11 14:40:00,2025-11-11,20251111144000000,000070,5,9.44,9.45,9.41,9.42,418300,3945136.0
2025-11-11 14:45:00,2025-11-11,20251111144500000,000070,5,9.43,9.43,9.41,9.42,288500,2717824.0
2025-11-11 14:50:00,2025-11-11,20251111145000000,000070,5,9.41,9.42,9.4,9.41,500200,4705856.0
2025-11-11 14:55:00,2025-11-11,20251111145500000,000070,5,9.4,9.41,9.4,9.41,735600,6917712.0
2025-11-11 15:00:00,2025-11-11,20251111150000000,000070,5,9.41,9.44,9.41,9.43,506800,4776480.0
2025-11-12 09:35:00,2025-11-12,20251112093500000,000070,5,9.4,9.4,9.32,9.32,1313200,12291079.0
2025-11-12 09:40:00,2025-11-12,20251112094000000,000070,5,9.32,9.35,9.31,9.33,922600,8601857.0
2025-11-12 09:45:00,2025-11-12,20251112094500000,000070,5,9.34,9.37,9.33,9.37,426500,3986636.0
2025-11-12 09:50:00,2025-11-12,20251112095000000,000070,5,9.37,9.37,9.33,9.33,266500,2492492.0
2025-11-12 09:55:00,2025-11-12,20251112095500000,000070,5,9.34,9.37,9.34,9.37,336400,3144784.0
2025-11-12 10:00:00,2025-11-12,20251112100000000,000070,5,9.38,9.38,9.35,9.35,244000,2285628.0
2025-11-12 10:05:00,2025-11-12,20251112100500000,000070,5,9.35,9.37,9.33,9.36,315300,2948796.0
2025-11-12 10:10:00,2025-11-12,20251112101000000,000070,5,9.36,9.37,9.35,9.36,264000,2470556.0
2025-11-12 10:15:00,2025-11-12,20251112101500000,000070,5,9.36,9.38,9.36,9.37,240900,2256996.0
2025-11-12 10:20:00,2025-11-12,20251112102000000,000070,5,9.37,9.38,9.36,9.37,323100,3025264.0
2025-11-12 10:25:00,2025-11-12,20251112102500000,000070,5,9.36,9.38,9.35,9.35,186500,1745408.0
2025-11-12 10:30:00,2025-11-12,20251112103000000,000070,5,9.35,9.36,9.34,9.34,317900,2972176.0
2025-11-12 10:35:00,2025-11-12,20251112103500000,000070,5,9.34,9.34,9.32,9.32,416300,3883312.0
2025-11-12 10:40:00,2025-11-12,20251112104000000,000070,5,9.32,9.33,9.31,9.31,363800,3389304.0
2025-11-12 10:45:00,2025-11-12,20251112104500000,000070,5,9.31,9.32,9.31,9.32,367100,3419160.0
2025-11-12 10:50:00,2025-11-12,20251112105000000,000070,5,9.31,9.32,9.31,9.32,158400,1475288.0
2025-11-12 10:55:00,2025-11-12,20251112105500000,000070,5,9.31,9.32,9.31,9.31,349100,3251568.0
2025-11-12 11:00:00,2025-11-12,20251112110000000,000070,5,9.31,9.31,9.27,9.27,1084800,10081104.0
2025-11-12 11:05:00,2025-11-12,20251112110500000,000070,5,9.27,9.29,9.27,9.28,434600,4030712.0
2025-11-12 11:10:00,2025-11-12,20251112111000000,000070,5,9.28,9.29,9.27,9.29,313400,2907568.0
2025-11-12 11:15:00,2025-11-12,20251112111500000,000070,5,9.28,9.3,9.27,9.3,223000,2071536.0
2025-11-12 11:20:00,2025-11-12,20251112112000000,000070,5,9.3,9.3,9.28,9.28,137900,1281192.0
2025-11-12 11:25:00,2025-11-12,20251112112500000,000070,5,9.29,9.29,9.28,9.29,104200,967240.0
2025-11-12 11:30:00,2025-11-12,20251112113000000,000070,5,9.29,9.29,9.27,9.27,158300,1469144.0
2025-11-12 13:05:00,2025-11-12,20251112130500000,000070,5,9.27,9.28,9.26,9.26,376000,3484400.0
2025-11-12 13:10:00,2025-11-12,20251112131000000,000070,5,9.26,9.28,9.26,9.28,373800,3463304.0
2025-11-12 13:15:00,2025-11-12,20251112131500000,000070,5,9.27,9.3,9.27,9.27,180000,1670736.0
2025-11-12 13:20:00,2025-11-12,20251112132000000,000070,5,9.28,9.28,9.25,9.25,232700,2155624.0
2025-11-12 13:25:00,2025-11-12,20251112132500000,000070,5,9.25,9.26,9.24,9.26,641100,5930816.0
2025-11-12 13:30:00,2025-11-12,20251112133000000,000070,5,9.25,9.28,9.25,9.28,235300,2178336.0
2025-11-12 13:35:00,2025-11-12,20251112133500000,000070,5,9.27,9.3,9.27,9.28,229800,2132816.0
2025-11-12 13:40:00,2025-11-12,20251112134000000,000070,5,9.28,9.28,9.27,9.27,111300,1032336.0
2025-11-12 13:45:00,2025-11-12,20251112134500000,000070,5,9.28,9.29,9.27,9.29,95700,888304.0
2025-11-12 13:50:00,2025-11-12,20251112135000000,000070,5,9.29,9.31,9.28,9.3,350700,3260600.0
2025-11-12 13:55:00,2025-11-12,20251112135500000,000070,5,9.3,9.31,9.28,9.3,207400,1928712.0
2025-11-12 14:00:00,2025-11-12,20251112140000000,000070,5,9.3,9.31,9.29,9.29,133600,1242224.0
2025-11-12 14:05:00,2025-11-12,20251112140500000,000070,5,9.3,9.3,9.28,9.28,119800,1113096.0
2025-11-12 14:10:00,2025-11-12,20251112141000000,000070,5,9.29,9.31,9.28,9.3,266600,2479128.0
2025-11-12 14:15:00,2025-11-12,20251112141500000,000070,5,9.31,9.32,9.3,9.3,125400,1167480.0
2025-11-12 14:20:00,2025-11-12,20251112142000000,000070,5,9.31,9.31,9.28,9.28,120900,1123704.0
2025-11-12 14:25:00,2025-11-12,20251112142500000,000070,5,9.29,9.29,9.27,9.27,160200,1487024.0
2025-11-12 14:30:00,2025-11-12,20251112143000000,000070,5,9.28,9.3,9.27,9.3,126000,1169448.0
2025-11-12 14:35:00,2025-11-12,20251112143500000,000070,5,9.3,9.31,9.29,9.3,147900,1375512.0
2025-11-12 14:40:00,2025-11-12,20251112144000000,000070,5,9.3,9.34,9.3,9.33,453200,4221984.0
2025-11-12 14:45:00,2025-11-12,20251112144500000,000070,5,9.33,9.34,9.32,9.33,323800,3020168.0
2025-11-12 14:50:00,2025-11-12,20251112145000000,000070,5,9.33,9.34,9.33,9.34,270400,2524040.0
2025-11-12 14:55:00,2025-11-12,20251112145500000,000070,5,9.33,9.35,9.33,9.35,509800,4762304.0
2025-11-12 15:00:00,2025-11-12,20251112150000000,000070,5,9.34,9.35,9.33,9.34,374800,3500624.0
2025-11-13 09:35:00,2025-11-13,20251113093500000,000070,5,9.37,9.37,9.31,9.33,601200,5610165.0
2025-11-13 09:40:00,2025-11-13,20251113094000000,000070,5,9.32,9.37,9.32,9.35,393900,3680459.0
2025-11-13 09:45:00,2025-11-13,20251113094500000,000070,5,9.35,9.36,9.34,9.35,245300,2294244.0
2025-11-13 09:50:00,2025-11-13,20251113095000000,000070,5,9.36,9.37,9.35,9.37,256200,2397858.0
2025-11-13 09:55:00,2025-11-13,20251113095500000,000070,5,9.37,9.38,9.36,9.38,346500,3247034.0
2025-11-13 10:00:00,2025-11-13,20251113100000000,000070,5,9.37,9.39,9.36,9.37,404800,3794804.0
2025-11-13 10:05:00,2025-11-13,20251113100500000,000070,5,9.36,9.38,9.36,9.38,199500,1870190.0
2025-11-13 10:10:00,2025-11-13,20251113101000000,000070,5,9.38,9.38,9.37,9.37,107600,1008430.0
2025-11-13 10:15:00,2025-11-13,20251113101500000,000070,5,9.37,9.39,9.36,9.38,490100,4595416.0
2025-11-13 10:20:00,2025-11-13,20251113102000000,000070,5,9.39,9.4,9.38,9.39,260500,2447156.0
2025-11-13 10:25:00,2025-11-13,20251113102500000,000070,5,9.4,9.4,9.38,9.39,196900,1848254.0
2025-11-13 10:30:00,2025-11-13,20251113103000000,000070,5,9.38,9.4,9.38,9.4,205600,1931166.0
2025-11-13 10:35:00,2025-11-13,20251113103500000,000070,5,9.4,9.4,9.39,9.39,165700,1556724.0
2025-11-13 10:40:00,2025-11-13,20251113104000000,000070,5,9.4,9.4,9.39,9.39,178500,1677700.0
2025-11-13 10:45:00,2025-11-13,20251113104500000,000070,5,9.39,9.4,9.39,9.4,107000,1005248.0
2025-11-13 10:50:00,2025-11-13,20251113105000000,000070,5,9.39,9.4,9.39,9.39,87900,825672.0
2025-11-13 10:55:00,2025-11-13,20251113105500000,000070,5,9.4,9.4,9.39,9.4,127000,1193024.0
2025-11-13 11:00:00,2025-11-13,20251113110000000,000070,5,9.39,9.4,9.39,9.39,149400,1403528.0
2025-11-13 11:05:00,2025-11-13,20251113110500000,000070,5,9.39,9.4,9.38,9.4,161900,1520064.0
2025-11-13 11:10:00,2025-11-13,20251113111000000,000070,5,9.4,9.41,9.39,9.41,369300,3471104.0
2025-11-13 11:15:00,2025-11-13,20251113111500000,000070,5,9.41,9.43,9.41,9.43,247500,2331552.0
2025-11-13 11:20:00,2025-11-13,20251113112000000,000070,5,9.42,9.43,9.41,9.41,253300,2385848.0
2025-11-13 11:25:00,2025-11-13,20251113112500000,000070,5,9.42,9.42,9.41,9.41,97300,915712.0
2025-11-13 11:30:00,2025-11-13,20251113113000000,000070,5,9.41,9.42,9.41,9.42,73900,695504.0
2025-11-13 13:05:00,2025-11-13,20251113130500000,000070,5,9.42,9.42,9.4,9.41,233500,2197040.0
2025-11-13 13:10:00,2025-11-13,20251113131000000,000070,5,9.41,9.42,9.4,9.41,205400,1932288.0
2025-11-13 13:15:00,2025-11-13,20251113131500000,000070,5,9.4,9.42,9.4,9.41,265600,2498072.0
2025-11-13 13:20:00,2025-11-13,20251113132000000,000070,5,9.41,9.42,9.41,9.41,133000,1251876.0
2025-11-13 13:25:00,2025-11-13,20251113132500000,000070,5,9.41,9.42,9.4,9.41,129500,1218320.0
2025-11-13 13:30:00,2025-11-13,20251113133000000,000070,5,9.41,9.42,9.4,9.4,142700,1342280.0
2025-11-13 13:35:00,2025-11-13,20251113133500000,000070,5,9.41,9.41,9.4,9.4,121600,1143232.0
2025-11-13 13:40:00,2025-11-13,20251113134000000,000070,5,9.4,9.41,9.39,9.4,195500,1837884.0
2025-11-13 13:45:00,2025-11-13,20251113134500000,000070,5,9.4,9.41,9.4,9.4,188700,1774456.0
2025-11-13 13:50:00,2025-11-13,20251113135000000,000070,5,9.41,9.41,9.38,9.38,207100,1944968.0
2025-11-13 13:55:00,2025-11-13,20251113135500000,000070,5,9.39,9.39,9.37,9.37,306600,2874984.0
2025-11-13 14:00:00,2025-11-13,20251113140000000,000070,5,9.38,9.38,9.36,9.38,242300,2270992.0
2025-11-13 14:05:00,2025-11-13,20251113140500000,000070,5,9.37,9.38,9.36,9.38,317200,2971816.0
2025-11-13 14:10:00,2025-11-13,20251113141000000,000070,5,9.38,9.38,9.37,9.38,90000,843544.0
2025-11-13 14:15:00,2025-11-13,20251113141500000,000070,5,9.37,9.39,9.37,9.38,159800,1498792.0
2025-11-13 14:20:00,2025-11-13,20251113142000000,000070,5,9.38,9.39,9.37,9.39,97300,913096.0
2025-11-13 14:25:00,2025-11-13,20251113142500000,000070,5,9.38,9.39,9.38,9.38,83500,783520.0
2025-11-13 14:30:00,2025-11-13,20251113143000000,000070,5,9.39,9.4,9.38,9.39,196800,1848064.0
2025-11-13 14:35:00,2025-11-13,20251113143500000,000070,5,9.4,9.4,9.39,9.4,121400,1140176.0
2025-11-13 14:40:00,2025-11-13,20251113144000000,000070,5,9.4,9.41,9.39,9.41,386200,3631208.0
2025-11-13 14:45:00,2025-11-13,20251113144500000,000070,5,9.41,9.41,9.4,9.4,164300,1545144.0
2025-11-13 14:50:00,2025-11-13,20251113145000000,000070,5,9.4,9.41,9.4,9.41,291000,2736728.0
2025-11-13 14:55:00,2025-11-13,20251113145500000,000070,5,9.41,9.41,9.4,9.41,521700,4907120.0
2025-11-13 15:00:00,2025-11-13,20251113150000000,000070,5,9.4,9.44,9.4,9.44,1046900,9868032.0
2025-11-14 09:35:00,2025-11-14,20251114093500000,000070,5,9.4,9.42,9.37,9.38,976800,9175679.0
2025-11-14 09:40:00,2025-11-14,20251114094000000,000070,5,9.38,9.43,9.37,9.43,406300,3818215.0
2025-11-14 09:45:00,2025-11-14,20251114094500000,000070,5,9.42,9.43,9.4,9.43,419100,3945330.0
2025-11-14 09:50:00,2025-11-14,20251114095000000,000070,5,9.42,9.5,9.42,9.49,1196400,11340720.0
2025-11-14 09:55:00,2025-11-14,20251114095500000,000070,5,9.5,9.51,9.47,9.47,920000,8734408.0
2025-11-14 10:00:00,2025-11-14,20251114100000000,000070,5,9.48,9.48,9.46,9.48,376800,3568080.0
2025-11-14 10:05:00,2025-11-14,20251114100500000,000070,5,9.47,9.49,9.47,9.49,353900,3354764.0
2025-11-14 10:10:00,2025-11-14,20251114101000000,000070,5,9.48,9.49,9.48,9.48,197600,1874628.0
2025-11-14 10:15:00,2025-11-14,20251114101500000,000070,5,9.48,9.5,9.48,9.5,229300,2175436.0
2025-11-14 10:20:00,2025-11-14,20251114102000000,000070,5,9.49,9.49,9.48,9.49,182700,1733268.0
2025-11-14 10:25:00,2025-11-14,20251114102500000,000070,5,9.48,9.53,9.48,9.53,751100,7137164.0
2025-11-14 10:30:00,2025-11-14,20251114103000000,000070,5,9.52,9.53,9.51,9.51,432200,4113968.0
2025-11-14 10:35:00,2025-11-14,20251114103500000,000070,5,9.51,9.52,9.51,9.52,213900,2035156.0
2025-11-14 10:40:00,2025-11-14,20251114104000000,000070,5,9.51,9.52,9.5,9.51,251100,2388532.0
2025-11-14 10:45:00,2025-11-14,20251114104500000,000070,5,9.5,9.52,9.5,9.5,454100,4314724.0
2025-11-14 10:50:00,2025-11-14,20251114105000000,000070,5,9.49,9.5,9.49,9.5,148800,1412968.0
2025-11-14 10:55:00,2025-11-14,20251114105500000,000070,5,9.49,9.5,9.48,9.49,313700,2976448.0
2025-11-14 11:00:00,2025-11-14,20251114110000000,000070,5,9.5,9.51,9.49,9.5,437000,4151864.0
2025-11-14 11:05:00,2025-11-14,20251114110500000,000070,5,9.5,9.5,9.48,9.5,144800,1374432.0
2025-11-14 11:10:00,2025-11-14,20251114111000000,000070,5,9.49,9.49,9.48,9.49,125200,1188208.0
2025-11-14 11:15:00,2025-11-14,20251114111500000,000070,5,9.49,9.49,9.48,9.48,398100,3775352.0
2025-11-14 11:20:00,2025-11-14,20251114112000000,000070,5,9.49,9.5,9.48,9.49,127800,1212552.0
2025-11-14 11:25:00,2025-11-14,20251114112500000,000070,5,9.5,9.5,9.48,9.49,108800,1032408.0
2025-11-14 11:30:00,2025-11-14,20251114113000000,000070,5,9.48,9.5,9.48,9.5,93600,888032.0
2025-11-14 13:05:00,2025-11-14,20251114130500000,000070,5,9.5,9.52,9.49,9.51,427500,4063696.0
2025-11-14 13:10:00,2025-11-14,20251114131000000,000070,5,9.5,9.51,9.49,9.5,165700,1573952.0
2025-11-14 13:15:00,2025-11-14,20251114131500000,000070,5,9.5,9.52,9.49,9.5,287100,2730128.0
2025-11-14 13:20:00,2025-11-14,20251114132000000,000070,5,9.51,9.51,9.49,9.5,204300,1940864.0
2025-11-14 13:25:00,2025-11-14,20251114132500000,000070,5,9.5,9.51,9.49,9.5,125500,1192576.0
2025-11-14 13:30:00,2025-11-14,20251114133000000,000070,5,9.5,9.52,9.5,9.51,267200,2541224.0
2025-11-14 13:35:00,2025-11-14,20251114133500000,000070,5,9.5,9.51,9.49,9.5,168600,1601912.0
2025-11-14 13:40:00,2025-11-14,20251114134000000,000070,5,9.5,9.5,9.49,9.5,71200,676048.0
2025-11-14 13:45:00,2025-11-14,20251114134500000,000070,5,9.5,9.51,9.49,9.51,208500,1980552.0
2025-11-14 13:50:00,2025-11-14,20251114135000000,000070,5,9.5,9.51,9.5,9.5,76700,728672.0
2025-11-14 13:55:00,2025-11-14,20251114135500000,000070,5,9.51,9.51,9.49,9.5,97100,922440.0
2025-11-14 14:00:00,2025-11-14,20251114140000000,000070,5,9.5,9.51,9.5,9.51,99900,949584.0
2025-11-14 14:05:00,2025-11-14,20251114140500000,000070,5,9.5,9.51,9.5,9.51,106000,1007760.0
2025-11-14 14:10:00,2025-11-14,20251114141000000,000070,5,9.51,9.53,9.5,9.52,444500,4231680.0
2025-11-14 14:15:00,2025-11-14,20251114141500000,000070,5,9.52,9.53,9.51,9.52,212100,2019688.0
2025-11-14 14:20:00,2025-11-14,20251114142000000,000070,5,9.51,9.51,9.5,9.51,165200,1570856.0
2025-11-14 14:25:00,2025-11-14,20251114142500000,000070,5,9.51,9.52,9.49,9.49,379700,3608168.0
2025-11-14 14:30:00,2025-11-14,20251114143000000,000070,5,9.49,9.49,9.48,9.49,402400,3817880.0
2025-11-14 14:35:00,2025-11-14,20251114143500000,000070,5,9.49,9.5,9.48,9.5,231200,2194688.0
2025-11-14 14:40:00,2025-11-14,20251114144000000,000070,5,9.49,9.5,9.48,9.48,492300,4671560.0
2025-11-14 14:45:00,2025-11-14,20251114144500000,000070,5,9.49,9.5,9.48,9.48,398400,3779912.0
2025-11-14 14:50:00,2025-11-14,20251114145000000,000070,5,9.48,9.49,9.46,9.47,589200,5584656.0
2025-11-14 14:55:00,2025-11-14,20251114145500000,000070,5,9.46,9.47,9.44,9.46,675700,6391840.0
2025-11-14 15:00:00,2025-11-14,20251114150000000,000070,5,9.45,9.46,9.44,9.44,633500,5984720.0
2025-11-17 09:35:00,2025-11-17,20251117093500000,000070,5,9.4,9.44,9.35,9.35,1207900,11327685.0
2025-11-17 09:40:00,2025-11-17,20251117094000000,000070,5,9.36,9.44,9.36,9.39,537800,5051724.0
2025-11-17 09:45:00,2025-11-17,20251117094500000,000070,5,9.38,9.43,9.37,9.42,434100,4085997.0
2025-11-17 09:50:00,2025-11-17,20251117095000000,000070,5,9.41,9.44,9.41,9.42,398500,3758314.0
2025-11-17 09:55:00,2025-11-17,20251117095500000,000070,5,9.44,9.53,9.44,9.49,1537500,14592800.0
2025-11-17 10:00:00,2025-11-17,20251117100000000,000070,5,9.48,9.5,9.48,9.49,365400,3467748.0
2025-11-17 10:05:00,2025-11-17,20251117100500000,000070,5,9.49,9.52,9.49,9.52,640600,6089412.0
2025-11-17 10:10:00,2025-11-17,20251117101000000,000070,5,9.52,9.52,9.5,9.51,514900,4896104.0
2025-11-17 10:15:00,2025-11-17,20251117101500000,000070,5,9.51,9.51,9.47,9.49,778600,7393360.0
2025-11-17 10:20:00,2025-11-17,20251117102000000,000070,5,9.49,9.52,9.48,9.51,393800,3741320.0
2025-11-17 10:25:00,2025-11-17,20251117102500000,000070,5,9.52,9.53,9.5,9.53,543300,5172608.0
2025-11-17 10:30:00,2025-11-17,20251117103000000,000070,5,9.53,9.53,9.51,9.52,244700,2330376.0
2025-11-17 10:35:00,2025-11-17,20251117103500000,000070,5,9.52,9.62,9.51,9.6,1419700,13573224.0
2025-11-17 10:40:00,2025-11-17,20251117104000000,000070,5,9.58,9.86,9.58,9.76,7146800,69623584.0
2025-11-17 10:45:00,2025-11-17,20251117104500000,000070,5,9.76,9.76,9.71,9.75,1838600,17904640.0
2025-11-17 10:50:00,2025-11-17,20251117105000000,000070,5,9.74,9.75,9.71,9.71,1222100,11890320.0
2025-11-17 10:55:00,2025-11-17,20251117105500000,000070,5,9.72,9.72,9.68,9.69,712200,6905456.0
2025-11-17 11:00:00,2025-11-17,20251117110000000,000070,5,9.69,9.7,9.68,9.7,410900,3984240.0
2025-11-17 11:05:00,2025-11-17,20251117110500000,000070,5,9.69,9.7,9.67,9.68,322900,3125344.0
2025-11-17 11:10:00,2025-11-17,20251117111000000,000070,5,9.68,9.68,9.66,9.68,368000,3559328.0
2025-11-17 11:15:00,2025-11-17,20251117111500000,000070,5,9.68,9.69,9.68,9.69,221200,2142784.0
2025-11-17 11:20:00,2025-11-17,20251117112000000,000070,5,9.68,9.68,9.67,9.68,359100,3475024.0
2025-11-17 11:25:00,2025-11-17,20251117112500000,000070,5,9.68,9.68,9.67,9.67,269400,2606352.0
2025-11-17 11:30:00,2025-11-17,20251117113000000,000070,5,9.68,9.69,9.67,9.68,270700,2621264.0
2025-11-17 13:05:00,2025-11-17,20251117130500000,000070,5,9.68,9.7,9.68,9.7,455200,4412368.0
2025-11-17 13:10:00,2025-11-17,20251117131000000,000070,5,9.69,9.7,9.68,9.69,240400,2328816.0
2025-11-17 13:15:00,2025-11-17,20251117131500000,000070,5,9.69,9.72,9.69,9.7,447600,4345472.0
2025-11-17 13:20:00,2025-11-17,20251117132000000,000070,5,9.71,9.72,9.7,9.71,427900,4155264.0
2025-11-17 13:25:00,2025-11-17,20251117132500000,000070,5,9.71,9.71,9.7,9.7,273400,2654080.0
2025-11-17 13:30:00,2025-11-17,20251117133000000,000070,5,9.7,9.72,9.7,9.72,366900,3563216.0
2025-11-17 13:35:00,2025-11-17,20251117133500000,000070,5,9.72,9.73,9.71,9.73,706200,6865008.0
2025-11-17 13:40:00,2025-11-17,20251117134000000,000070,5,9.72,9.73,9.71,9.72,424800,4128048.0
2025-11-17 13:45:00,2025-11-17,20251117134500000,000070,5,9.71,9.72,9.7,9.71,339500,3297888.0
2025-11-17 13:50:00,2025-11-17,20251117135000000,000070,5,9.71,9.71,9.7,9.7,162900,1581264.0
2025-11-17 13:55:00,2025-11-17,20251117135500000,000070,5,9.7,9.71,9.7,9.7,374000,3628592.0
2025-11-17 14:00:00,2025-11-17,20251117140000000,000070,5,9.7,9.7,9.69,9.69,215400,2088560.0
2025-11-17 14:05:00,2025-11-17,20251117140500000,000070,5,9.69,9.69,9.66,9.67,352900,3413280.0
2025-11-17 14:10:00,2025-11-17,20251117141000000,000070,5,9.67,9.68,9.66,9.67,320600,3100576.0
2025-11-17 14:15:00,2025-11-17,20251117141500000,000070,5,9.67,9.67,9.66,9.67,389600,3764624.0
2025-11-17 14:20:00,2025-11-17,20251117142000000,000070,5,9.67,9.7,9.67,9.69,243600,2358640.0
2025-11-17 14:25:00,2025-11-17,20251117142500000,000070,5,9.69,9.7,9.68,9.68,198100,1919200.0
2025-11-17 14:30:00,2025-11-17,20251117143000000,000070,5,9.68,9.68,9.67,9.67,384500,3720544.0
2025-11-17 14:35:00,2025-11-17,20251117143500000,000070,5,9.66,9.68,9.66,9.66,378400,3658272.0
2025-11-17 14:40:00,2025-11-17,20251117144000000,000070,5,9.66,9.68,9.66,9.68,409200,3958016.0
2025-11-17 14:45:00,2025-11-17,20251117144500000,000070,5,9.68,9.69,9.67,9.69,409800,3965856.0
2025-11-17 14:50:00,2025-11-17,20251117145000000,000070,5,9.69,9.7,9.67,9.68,835900,8096128.0
2025-11-17 14:55:00,2025-11-17,20251117145500000,000070,5,9.68,9.68,9.66,9.67,741500,7170176.0
2025-11-17 15:00:00,2025-11-17,20251117150000000,000070,5,9.66,9.68,9.65,9.67,1401900,13544576.0
2025-11-18 09:35:00,2025-11-18,20251118093500000,000070,5,9.58,9.58,9.49,9.52,2076100,19796902.0
2025-11-18 09:40:00,2025-11-18,20251118094000000,000070,5,9.51,9.53,9.5,9.51,976400,9289410.0
2025-11-18 09:45:00,2025-11-18,20251118094500000,000070,5,9.51,9.52,9.47,9.48,1600100,15193076.0
2025-11-18 09:50:00,2025-11-18,20251118095000000,000070,5,9.49,9.49,9.42,9.42,2867700,27056932.0
2025-11-18 09:55:00,2025-11-18,20251118095500000,000070,5,9.42,9.45,9.41,9.43,1496800,14099616.0
2025-11-18 10:00:00,2025-11-18,20251118100000000,000070,5,9.42,9.44,9.41,9.43,715100,6740648.0
2025-11-18 10:05:00,2025-11-18,20251118100500000,000070,5,9.44,9.47,9.43,9.45,318100,3004632.0
2025-11-18 10:10:00,2025-11-18,20251118101000000,000070,5,9.45,9.47,9.45,9.45,299600,2832528.0
2025-11-18 10:15:00,2025-11-18,20251118101500000,000070,5,9.46,9.47,9.44,9.46,326400,3086576.0
2025-11-18 10:20:00,2025-11-18,20251118102000000,000070,5,9.46,9.48,9.46,9.47,209000,1980352.0
2025-11-18 10:25:00,2025-11-18,20251118102500000,000070,5,9.48,9.49,9.47,9.47,306100,2901568.0
2025-11-18 10:30:00,2025-11-18,20251118103000000,000070,5,9.48,9.48,9.47,9.47,280000,2652840.0
2025-11-18 10:35:00,2025-11-18,20251118103500000,000070,5,9.48,9.48,9.47,9.47,205200,1944184.0
2025-11-18 10:40:00,2025-11-18,20251118104000000,000070,5,9.47,9.48,9.46,9.47,164600,1559136.0
2025-11-18 10:45:00,2025-11-18,20251118104500000,000070,5,9.48,9.48,9.47,9.47,122300,1158520.0
2025-11-18 10:50:00,2025-11-18,20251118105000000,000070,5,9.47,9.49,9.47,9.49,202100,1916904.0
2025-11-18 10:55:00,2025-11-18,20251118105500000,000070,5,9.49,9.5,9.46,9.46,270900,2567024.0
2025-11-18 11:00:00,2025-11-18,20251118110000000,000070,5,9.46,9.47,9.45,9.46,315400,2983072.0
2025-11-18 11:05:00,2025-11-18,20251118110500000,000070,5,9.46,9.46,9.45,9.45,125900,1190440.0
2025-11-18 11:10:00,2025-11-18,20251118111000000,000070,5,9.45,9.46,9.42,9.42,664500,6271296.0
2025-11-18 11:15:00,2025-11-18,20251118111500000,000070,5,9.43,9.44,9.42,9.43,197600,1862592.0
2025-11-18 11:20:00,2025-11-18,20251118112000000,000070,5,9.42,9.44,9.42,9.43,253700,2391984.0
2025-11-18 11:25:00,2025-11-18,20251118112500000,000070,5,9.43,9.44,9.42,9.43,228700,2155848.0
2025-11-18 11:30:00,2025-11-18,20251118113000000,000070,5,9.43,9.44,9.42,9.43,267100,2516832.0
2025-11-18 13:05:00,2025-11-18,20251118130500000,000070,5,9.43,9.44,9.41,9.43,179100,1687520.0
2025-11-18 13:10:00,2025-11-18,20251118131000000,000070,5,9.42,9.44,9.42,9.43,125500,1182608.0
2025-11-18 13:15:00,2025-11-18,20251118131500000,000070,5,9.42,9.42,9.41,9.42,281500,2650320.0
2025-11-18 13:20:00,2025-11-18,20251118132000000,000070,5,9.42,9.43,9.41,9.43,230000,2166560.0
2025-11-18 13:25:00,2025-11-18,20251118132500000,000070,5,9.43,9.44,9.42,9.44,169000,1593680.0
2025-11-18 13:30:00,2025-11-18,20251118133000000,000070,5,9.44,9.44,9.41,9.41,247600,2333232.0
2025-11-18 13:35:00,2025-11-18,20251118133500000,000070,5,9.41,9.43,9.41,9.43,77500,730192.0
2025-11-18 13:40:00,2025-11-18,20251118134000000,000070,5,9.43,9.44,9.42,9.43,69700,657360.0
2025-11-18 13:45:00,2025-11-18,20251118134500000,000070,5,9.43,9.44,9.43,9.44,131200,1237968.0
2025-11-18 13:50:00,2025-11-18,20251118135000000,000070,5,9.45,9.45,9.43,9.45,131300,1239904.0
2025-11-18 13:55:00,2025-11-18,20251118135500000,000070,5,9.44,9.45,9.43,9.44,93600,883056.0
2025-11-18 14:00:00,2025-11-18,20251118140000000,000070,5,9.43,9.44,9.43,9.43,132000,1244880.0
2025-11-18 14:05:00,2025-11-18,20251118140500000,000070,5,9.43,9.43,9.42,9.43,162500,1531520.0
2025-11-18 14:10:00,2025-11-18,20251118141000000,000070,5,9.42,9.44,9.42,9.42,162100,1527888.0
2025-11-18 14:15:00,2025-11-18,20251118141500000,000070,5,9.42,9.43,9.41,9.42,240500,2264528.0
2025-11-18 14:20:00,2025-11-18,20251118142000000,000070,5,9.42,9.43,9.41,9.41,176200,1658992.0
2025-11-18 14:25:00,2025-11-18,20251118142500000,000070,5,9.41,9.42,9.4,9.41,359400,3381600.0
2025-11-18 14:30:00,2025-11-18,20251118143000000,000070,5,9.41,9.41,9.4,9.41,165800,1559376.0
2025-11-18 14:35:00,2025-11-18,20251118143500000,000070,5,9.41,9.43,9.4,9.42,376500,3541616.0
2025-11-18 14:40:00,2025-11-18,20251118144000000,000070,5,9.42,9.43,9.41,9.42,192200,1811328.0
2025-11-18 14:45:00,2025-11-18,20251118144500000,000070,5,9.41,9.44,9.41,9.43,189600,1786480.0
2025-11-18 14:50:00,2025-11-18,20251118145000000,000070,5,9.43,9.45,9.43,9.45,324200,3060320.0
2025-11-18 14:55:00,2025-11-18,20251118145500000,000070,5,9.45,9.48,9.44,9.46,712400,6742608.0
2025-11-18 15:00:00,2025-11-18,20251118150000000,000070,5,9.45,9.47,9.45,9.47,533900,5052544.0
2025-11-19 09:35:00,2025-11-19,20251119093500000,000070,5,9.42,9.45,9.41,9.42,720300,6790959.0
2025-11-19 09:40:00,2025-11-19,20251119094000000,000070,5,9.43,9.45,9.4,9.4,610300,5751029.0
2025-11-19 09:45:00,2025-11-19,20251119094500000,000070,5,9.4,9.41,9.37,9.37,844300,7927468.0
2025-11-19 09:50:00,2025-11-19,20251119095000000,000070,5,9.37,9.38,9.34,9.35,1175000,10988372.0
2025-11-19 09:55:00,2025-11-19,20251119095500000,000070,5,9.35,9.36,9.31,9.31,942500,8788384.0
2025-11-19 10:00:00,2025-11-19,20251119100000000,000070,5,9.3,9.31,9.28,9.31,862100,8013648.0
2025-11-19 10:05:00,2025-11-19,20251119100500000,000070,5,9.31,9.32,9.29,9.31,532100,4950972.0
2025-11-19 10:10:00,2025-11-19,20251119101000000,000070,5,9.3,9.31,9.28,9.28,488900,4542424.0
2025-11-19 10:15:00,2025-11-19,20251119101500000,000070,5,9.28,9.28,9.23,9.24,969500,8971104.0
2025-11-19 10:20:00,2025-11-19,20251119102000000,000070,5,9.23,9.27,9.23,9.26,376600,3484992.0
2025-11-19 10:25:00,2025-11-19,20251119102500000,000070,5,9.26,9.27,9.24,9.24,503300,4657008.0
2025-11-19 10:30:00,2025-11-19,20251119103000000,000070,5,9.24,9.24,9.21,9.21,568100,5238632.0
2025-11-19 10:35:00,2025-11-19,20251119103500000,000070,5,9.22,9.27,9.21,9.27,309100,2855536.0
2025-11-19 10:40:00,2025-11-19,20251119104000000,000070,5,9.27,9.28,9.25,9.25,206200,1910328.0
2025-11-19 10:45:00,2025-11-19,20251119104500000,000070,5,9.25,9.26,9.2,9.23,684500,6314448.0
2025-11-19 10:50:00,2025-11-19,20251119105000000,000070,5,9.23,9.25,9.22,9.24,178200,1645640.0
2025-11-19 10:55:00,2025-11-19,20251119105500000,000070,5,9.25,9.25,9.22,9.23,291900,2694976.0
2025-11-19 11:00:00,2025-11-19,20251119110000000,000070,5,9.22,9.22,9.2,9.22,455800,4197952.0
2025-11-19 11:05:00,2025-11-19,20251119110500000,000070,5,9.22,9.24,9.21,9.24,136600,1259952.0
2025-11-19 11:10:00,2025-11-19,20251119111000000,000070,5,9.24,9.24,9.22,9.22,204100,1883240.0
2025-11-19 11:15:00,2025-11-19,20251119111500000,000070,5,9.22,9.24,9.22,9.23,209400,1932240.0
2025-11-19 11:20:00,2025-11-19,20251119112000000,000070,5,9.22,9.23,9.21,9.21,301300,2778088.0
2025-11-19 11:25:00,2025-11-19,20251119112500000,000070,5,9.22,9.22,9.21,9.21,185700,1710544.0
2025-11-19 11:30:00,2025-11-19,20251119113000000,000070,5,9.21,9.21,9.19,9.2,410300,3773952.0
2025-11-19 13:05:00,2025-11-19,20251119130500000,000070,5,9.2,9.2,9.18,9.18,401100,3683584.0
2025-11-19 13:10:00,2025-11-19,20251119131000000,000070,5,9.19,9.21,9.17,9.19,289200,2657600.0
2025-11-19 13:15:00,2025-11-19,20251119131500000,000070,5,9.2,9.2,9.18,9.18,185500,1705272.0
2025-11-19 13:20:00,2025-11-19,20251119132000000,000070,5,9.19,9.19,9.18,9.18,235100,2158536.0
2025-11-19 13:25:00,2025-11-19,20251119132500000,000070,5,9.17,9.22,9.17,9.22,255100,2343056.0
2025-11-19 13:30:00,2025-11-19,20251119133000000,000070,5,9.22,9.22,9.2,9.2,154600,1423152.0
2025-11-19 13:35:00,2025-11-19,20251119133500000,000070,5,9.2,9.21,9.2,9.21,194800,1792336.0
2025-11-19 13:40:00,2025-11-19,20251119134000000,000070,5,9.21,9.21,9.19,9.19,130700,1202520.0
2025-11-19 13:45:00,2025-11-19,20251119134500000,000070,5,9.19,9.2,9.19,9.19,195900,1800504.0
2025-11-19 13:50:00,2025-11-19,20251119135000000,000070,5,9.19,9.2,9.17,9.18,653100,5993632.0
2025-11-19 13:55:00,2025-11-19,20251119135500000,000070,5,9.18,9.21,9.18,9.21,165800,1524960.0
2025-11-19 14:00:00,2025-11-19,20251119140000000,000070,5,9.21,9.24,9.2,9.24,203000,1871008.0
2025-11-19 14:05:00,2025-11-19,20251119140500000,000070,5,9.24,9.24,9.22,9.22,199700,1843264.0
2025-11-19 14:10:00,2025-11-19,20251119141000000,000070,5,9.22,9.23,9.21,9.23,100000,922080.0
2025-11-19 14:15:00,2025-11-19,20251119141500000,000070,5,9.23,9.23,9.21,9.22,121800,1122816.0
2025-11-19 14:20:00,2025-11-19,20251119142000000,000070,5,9.22,9.24,9.21,9.24,247200,2281872.0
2025-11-19 14:25:00,2025-11-19,20251119142500000,000070,5,9.24,9.27,9.24,9.26,213700,1978160.0
2025-11-19 14:30:00,2025-11-19,20251119143000000,000070,5,9.25,9.26,9.24,9.26,110400,1021584.0
2025-11-19 14:35:00,2025-11-19,20251119143500000,000070,5,9.26,9.27,9.25,9.25,135500,1254496.0
2025-11-19 14:40:00,2025-11-19,20251119144000000,000070,5,9.25,9.26,9.22,9.22,275100,2542704.0
2025-11-19 14:45:00,2025-11-19,20251119144500000,000070,5,9.22,9.24,9.21,9.22,294000,2711712.0
2025-11-19 14:50:00,2025-11-19,20251119145000000,000070,5,9.22,9.22,9.2,9.21,502700,4627232.0
2025-11-19 14:55:00,2025-11-19,20251119145500000,000070,5,9.2,9.21,9.19,9.21,445700,4102832.0
2025-11-19 15:00:00,2025-11-19,20251119150000000,000070,5,9.2,9.21,9.2,9.2,351200,3232992.0
2025-11-20 09:35:00,2025-11-20,20251120093500000,000070,5,9.39,9.48,9.35,9.35,2595200,24462656.0
2025-11-20 09:40:00,2025-11-20,20251120094000000,000070,5,9.35,9.35,9.29,9.29,780700,7282928.0
2025-11-20 09:45:00,2025-11-20,20251120094500000,000070,5,9.28,9.31,9.25,9.3,648000,6020984.0
2025-11-20 09:50:00,2025-11-20,20251120095000000,000070,5,9.3,9.3,9.28,9.29,360100,3346200.0
2025-11-20 09:55:00,2025-11-20,20251120095500000,000070,5,9.29,9.3,9.27,9.27,316700,2939732.0
2025-11-20 10:00:00,2025-11-20,20251120100000000,000070,5,9.28,9.28,9.26,9.28,217500,2016292.0
2025-11-20 10:05:00,2025-11-20,20251120100500000,000070,5,9.27,9.28,9.26,9.26,161500,1496128.0
2025-11-20 10:10:00,2025-11-20,20251120101000000,000070,5,9.26,9.27,9.22,9.22,615600,5689920.0
2025-11-20 10:15:00,2025-11-20,20251120101500000,000070,5,9.22,9.22,9.2,9.22,353300,3253896.0
2025-11-20 10:20:00,2025-11-20,20251120102000000,000070,5,9.21,9.24,9.21,9.22,262400,2420656.0
2025-11-20 10:25:00,2025-11-20,20251120102500000,000070,5,9.23,9.23,9.21,9.22,189800,1750136.0
2025-11-20 10:30:00,2025-11-20,20251120103000000,000070,5,9.23,9.23,9.21,9.21,237900,2193768.0
2025-11-20 10:35:00,2025-11-20,20251120103500000,000070,5,9.21,9.22,9.2,9.2,377900,3478488.0
2025-11-20 10:40:00,2025-11-20,20251120104000000,000070,5,9.21,9.21,9.2,9.2,140900,1297168.0
2025-11-20 10:45:00,2025-11-20,20251120104500000,000070,5,9.2,9.21,9.2,9.21,137200,1262776.0
2025-11-20 10:50:00,2025-11-20,20251120105000000,000070,5,9.2,9.22,9.2,9.22,172600,1588768.0
2025-11-20 10:55:00,2025-11-20,20251120105500000,000070,5,9.21,9.22,9.2,9.22,85800,790296.0
2025-11-20 11:00:00,2025-11-20,20251120110000000,000070,5,9.21,9.22,9.17,9.18,549500,5055320.0
2025-11-20 11:05:00,2025-11-20,20251120110500000,000070,5,9.17,9.21,9.17,9.21,156600,1439168.0
2025-11-20 11:10:00,2025-11-20,20251120111000000,000070,5,9.2,9.22,9.2,9.22,50100,461384.0
2025-11-20 11:15:00,2025-11-20,20251120111500000,000070,5,9.21,9.22,9.2,9.2,85800,790040.0
2025-11-20 11:20:00,2025-11-20,20251120112000000,000070,5,9.21,9.21,9.19,9.2,92800,853744.0
2025-11-20 11:25:00,2025-11-20,20251120112500000,000070,5,9.2,9.21,9.19,9.21,65900,606576.0
2025-11-20 11:30:00,2025-11-20,20251120113000000,000070,5,9.2,9.22,9.2,9.21,109800,1010752.0
2025-11-20 13:05:00,2025-11-20,20251120130500000,000070,5,9.22,9.26,9.22,9.26,169900,1569408.0
2025-11-20 13:10:00,2025-11-20,20251120131000000,000070,5,9.26,9.28,9.25,9.26,334300,3100832.0
2025-11-20 13:15:00,2025-11-20,20251120131500000,000070,5,9.25,9.26,9.24,9.24,75600,698968.0
2025-11-20 13:20:00,2025-11-20,20251120132000000,000070,5,9.24,9.25,9.23,9.25,60000,554360.0
2025-11-20 13:25:00,2025-11-20,20251120132500000,000070,5,9.24,9.26,9.24,9.26,98500,910872.0
2025-11-20 13:30:00,2025-11-20,20251120133000000,000070,5,9.26,9.26,9.25,9.25,107400,993712.0
2025-11-20 13:35:00,2025-11-20,20251120133500000,000070,5,9.24,9.25,9.22,9.24,190400,1758504.0
2025-11-20 13:40:00,2025-11-20,20251120134000000,000070,5,9.24,9.27,9.23,9.27,317800,2939344.0
2025-11-20 13:45:00,2025-11-20,20251120134500000,000070,5,9.27,9.3,9.26,9.29,529300,4912944.0
2025-11-20 13:50:00,2025-11-20,20251120135000000,000070,5,9.28,9.43,9.28,9.43,1351800,12662120.0
2025-11-20 13:55:00,2025-11-20,20251120135500000,000070,5,9.43,9.55,9.4,9.53,4669000,44278744.0
2025-11-20 14:00:00,2025-11-20,20251120140000000,000070,5,9.52,9.84,9.51,9.67,6550900,63526560.0
2025-11-20 14:05:00,2025-11-20,20251120140500000,000070,5,9.67,9.67,9.55,9.55,1555400,14949360.0
2025-11-20 14:10:00,2025-11-20,20251120141000000,000070,5,9.55,9.58,9.53,9.55,805400,7694272.0
2025-11-20 14:15:00,2025-11-20,20251120141500000,000070,5,9.55,9.55,9.52,9.53,693000,6607008.0
2025-11-20 14:20:00,2025-11-20,20251120142000000,000070,5,9.53,9.53,9.5,9.51,566700,5389008.0
2025-11-20 14:25:00,2025-11-20,20251120142500000,000070,5,9.51,9.51,9.48,9.48,532400,5053936.0
2025-11-20 14:30:00,2025-11-20,20251120143000000,000070,5,9.49,9.5,9.48,9.5,401100,3806784.0
2025-11-20 14:35:00,2025-11-20,20251120143500000,000070,5,9.5,9.51,9.49,9.5,638100,6062064.0
2025-11-20 14:40:00,2025-11-20,20251120144000000,000070,5,9.5,9.5,9.49,9.5,315800,2999008.0
2025-11-20 14:45:00,2025-11-20,20251120144500000,000070,5,9.5,9.5,9.48,9.49,430500,4086240.0
2025-11-20 14:50:00,2025-11-20,20251120145000000,000070,5,9.49,9.49,9.47,9.48,544900,5167552.0
2025-11-20 14:55:00,2025-11-20,20251120145500000,000070,5,9.48,9.49,9.47,9.49,874100,8286528.0
2025-11-20 15:00:00,2025-11-20,20251120150000000,000070,5,9.48,9.5,9.48,9.5,940700,8931104.0
2025-11-21 09:35:00,2025-11-21,20251121093500000,000070,5,9.28,9.5,9.28,9.45,2538200,23799350.0
2025-11-21 09:40:00,2025-11-21,20251121094000000,000070,5,9.44,9.45,9.31,9.35,1250700,11710922.0
2025-11-21 09:45:00,2025-11-21,20251121094500000,000070,5,9.34,9.54,9.33,9.54,1376400,12966852.0
2025-11-21 09:50:00,2025-11-21,20251121095000000,000070,5,9.53,9.69,9.53,9.69,4666300,44859252.0
2025-11-21 09:55:00,2025-11-21,20251121095500000,000070,5,9.67,10.45,9.67,10.45,27435100,282758344.0
2025-11-21 10:00:00,2025-11-21,20251121100000000,000070,5,10.45,10.45,10.45,10.45,5736900,59950368.0
2025-11-21 10:05:00,2025-11-21,20251121100500000,000070,5,10.45,10.45,10.45,10.45,2841900,29697856.0
2025-11-21 10:10:00,2025-11-21,20251121101000000,000070,5,10.45,10.45,10.45,10.45,1754800,18337664.0
2025-11-21 10:15:00,2025-11-21,20251121101500000,000070,5,10.45,10.45,10.45,10.45,1607400,16797344.0
2025-11-21 10:20:00,2025-11-21,20251121102000000,000070,5,10.45,10.45,10.45,10.45,1727400,18051328.0
2025-11-21 10:25:00,2025-11-21,20251121102500000,000070,5,10.45,10.45,10.45,10.45,1184200,12375168.0
2025-11-21 10:30:00,2025-11-21,20251121103000000,000070,5,10.45,10.45,10.45,10.45,1279200,13367872.0
2025-11-21 10:35:00,2025-11-21,20251121103500000,000070,5,10.45,10.45,10.45,10.45,1513000,15810368.0
2025-11-21 10:40:00,2025-11-21,20251121104000000,000070,5,10.45,10.45,10.45,10.45,786400,8218112.0
2025-11-21 10:45:00,2025-11-21,20251121104500000,000070,5,10.45,10.45,10.45,10.45,770300,8049408.0
2025-11-21 10:50:00,2025-11-21,20251121105000000,000070,5,10.45,10.45,10.45,10.45,1109900,11598656.0
2025-11-21 10:55:00,2025-11-21,20251121105500000,000070,5,10.45,10.45,10.45,10.45,910100,9510528.0
2025-11-21 11:00:00,2025-11-21,20251121110000000,000070,5,10.45,10.45,10.45,10.45,794600,8303552.0
2025-11-21 11:05:00,2025-11-21,20251121110500000,000070,5,10.45,10.45,10.45,10.45,529400,5532288.0
2025-11-21 11:10:00,2025-11-21,20251121111000000,000070,5,10.45,10.45,10.45,10.45,363200,3795392.0
2025-11-21 11:15:00,2025-11-21,20251121111500000,000070,5,10.45,10.45,10.45,10.45,823400,8604544.0
2025-11-21 11:20:00,2025-11-21,20251121112000000,000070,5,10.45,10.45,10.45,10.45,1527600,15963456.0
2025-11-21 11:25:00,2025-11-21,20251121112500000,000070,5,10.45,10.45,10.45,10.45,498700,5211392.0
2025-11-21 11:30:00,2025-11-21,20251121113000000,000070,5,10.45,10.45,10.45,10.45,361500,3777664.0
2025-11-21 13:05:00,2025-11-21,20251121130500000,000070,5,10.45,10.45,10.45,10.45,1096300,11456128.0
2025-11-21 13:10:00,2025-11-21,20251121131000000,000070,5,10.45,10.45,10.45,10.45,285300,2981376.0
2025-11-21 13:15:00,2025-11-21,20251121131500000,000070,5,10.45,10.45,10.45,10.45,287800,3007488.0
2025-11-21 13:20:00,2025-11-21,20251121132000000,000070,5,10.45,10.45,10.45,10.45,312900,3269824.0
2025-11-21 13:25:00,2025-11-21,20251121132500000,000070,5,10.45,10.45,10.45,10.45,277700,2902208.0
2025-11-21 13:30:00,2025-11-21,20251121133000000,000070,5,10.45,10.45,10.45,10.45,185600,1939456.0
2025-11-21 13:35:00,2025-11-21,20251121133500000,000070,5,10.45,10.45,10.45,10.45,322000,3364928.0
2025-11-21 13:40:00,2025-11-21,20251121134000000,000070,5,10.45,10.45,10.45,10.45,191300,1999104.0
2025-11-21 13:45:00,2025-11-21,20251121134500000,000070,5,10.45,10.45,10.45,10.45,1319000,13783552.0
2025-11-21 13:50:00,2025-11-21,20251121135000000,000070,5,10.45,10.45,10.45,10.45,446400,4664896.0
2025-11-21 13:55:00,2025-11-21,20251121135500000,000070,5,10.45,10.45,10.45,10.45,271000,2831936.0
2025-11-21 14:00:00,2025-11-21,20251121140000000,000070,5,10.45,10.45,10.45,10.45,360500,3767232.0
2025-11-21 14:05:00,2025-11-21,20251121140500000,000070,5,10.45,10.45,10.45,10.45,367000,3834496.0
2025-11-21 14:10:00,2025-11-21,20251121141000000,000070,5,10.45,10.45,10.45,10.45,556000,5810176.0
2025-11-21 14:15:00,2025-11-21,20251121141500000,000070,5,10.45,10.45,10.45,10.45,756600,7906496.0
2025-11-21 14:20:00,2025-11-21,20251121142000000,000070,5,10.45,10.45,10.45,10.45,320600,3350272.0
2025-11-21 14:25:00,2025-11-21,20251121142500000,000070,5,10.45,10.45,10.45,10.45,403400,4215552.0
2025-11-21 14:30:00,2025-11-21,20251121143000000,000070,5,10.45,10.45,10.45,10.45,341900,3572800.0
2025-11-21 14:35:00,2025-11-21,20251121143500000,000070,5,10.45,10.45,10.45,10.45,493100,5153536.0
2025-11-21 14:40:00,2025-11-21,20251121144000000,000070,5,10.45,10.45,10.45,10.45,409700,4281408.0
2025-11-21 14:45:00,2025-11-21,20251121144500000,000070,5,10.45,10.45,10.45,10.45,369400,3860224.0
2025-11-21 14:50:00,2025-11-21,20251121145000000,000070,5,10.45,10.45,10.45,10.45,850400,8886528.0
2025-11-21 14:55:00,2025-11-21,20251121145500000,000070,5,10.45,10.45,10.45,10.45,860300,8990400.0
2025-11-21 15:00:00,2025-11-21,20251121150000000,000070,5,10.45,10.45,10.45,10.45,1716700,17939456.0
2025-11-24 09:35:00,2025-11-24,20251124093500000,000070,5,11.0,11.1,10.6,10.96,56692200,618308480.0
2025-11-24 09:40:00,2025-11-24,20251124094000000,000070,5,10.98,11.48,10.98,11.17,35024300,393396096.0
2025-11-24 09:45:00,2025-11-24,20251124094500000,000070,5,11.17,11.5,11.06,11.5,32369800,368619904.0
2025-11-24 09:50:00,2025-11-24,20251124095000000,000070,5,11.5,11.5,11.5,11.5,4134000,47540992.0
2025-11-24 09:55:00,2025-11-24,20251124095500000,000070,5,11.5,11.5,11.49,11.5,22967200,264117504.0
2025-11-24 10:00:00,2025-11-24,20251124100000000,000070,5,11.5,11.5,11.5,11.5,1639700,18856064.0
2025-11-24 10:05:00,2025-11-24,20251124100500000,000070,5,11.5,11.5,11.5,11.5,663400,7629184.0
2025-11-24 10:10:00,2025-11-24,20251124101000000,000070,5,11.5,11.5,11.5,11.5,1208000,13891968.0
2025-11-24 10:15:00,2025-11-24,20251124101500000,000070,5,11.5,11.5,11.5,11.5,1066500,12264704.0
2025-11-24 10:20:00,2025-11-24,20251124102000000,000070,5,11.5,11.5,11.5,11.5,269400,3098112.0
2025-11-24 10:25:00,2025-11-24,20251124102500000,000070,5,11.5,11.5,11.5,11.5,278700,3205120.0
2025-11-24 10:30:00,2025-11-24,20251124103000000,000070,5,11.5,11.5,11.5,11.5,146100,1680128.0
2025-11-24 10:35:00,2025-11-24,20251124103500000,000070,5,11.5,11.5,11.5,11.5,161400,1856128.0
2025-11-24 10:40:00,2025-11-24,20251124104000000,000070,5,11.5,11.5,11.5,11.5,233100,2680960.0
2025-11-24 10:45:00,2025-11-24,20251124104500000,000070,5,11.5,11.5,11.5,11.5,229200,2635776.0
2025-11-24 10:50:00,2025-11-24,20251124105000000,000070,5,11.5,11.5,11.5,11.5,80200,922240.0
2025-11-24 10:55:00,2025-11-24,20251124105500000,000070,5,11.5,11.5,11.5,11.5,115300,1325952.0
2025-11-24 11:00:00,2025-11-24,20251124110000000,000070,5,11.5,11.5,11.5,11.5,51800,595712.0
2025-11-24 11:05:00,2025-11-24,20251124110500000,000070,5,11.5,11.5,11.5,11.5,153400,1764096.0
2025-11-24 11:10:00,2025-11-24,20251124111000000,000070,5,11.5,11.5,11.5,11.5,92700,1066112.0
2025-11-24 11:15:00,2025-11-24,20251124111500000,000070,5,11.5,11.5,11.5,11.5,70900,815360.0
2025-11-24 11:20:00,2025-11-24,20251124112000000,000070,5,11.5,11.5,11.5,11.5,98400,1131520.0
2025-11-24 11:25:00,2025-11-24,20251124112500000,000070,5,11.5,11.5,11.5,11.5,110300,1268480.0
2025-11-24 11:30:00,2025-11-24,20251124113000000,000070,5,11.5,11.5,11.5,11.5,57800,664704.0
2025-11-24 13:05:00,2025-11-24,20251124130500000,000070,5,11.5,11.5,11.5,11.5,363100,4175616.0
2025-11-24 13:10:00,2025-11-24,20251124131000000,000070,5,11.5,11.5,11.5,11.5,118500,1362688.0
2025-11-24 13:15:00,2025-11-24,20251124131500000,000070,5,11.5,11.5,11.5,11.5,122900,1413376.0
2025-11-24 13:20:00,2025-11-24,20251124132000000,000070,5,11.5,11.5,11.5,11.5,119400,1373056.0
2025-11-24 13:25:00,2025-11-24,20251124132500000,000070,5,11.5,11.5,11.5,11.5,111500,1282304.0
2025-11-24 13:30:00,2025-11-24,20251124133000000,000070,5,11.5,11.5,11.5,11.5,171100,1967616.0
2025-11-24 13:35:00,2025-11-24,20251124133500000,000070,5,11.5,11.5,11.5,11.5,76400,878592.0
2025-11-24 13:40:00,2025-11-24,20251124134000000,000070,5,11.5,11.5,11.5,11.5,72800,837248.0
2025-11-24 13:45:00,2025-11-24,20251124134500000,000070,5,11.5,11.5,11.5,11.5,55100,633600.0
2025-11-24 13:50:00,2025-11-24,20251124135000000,000070,5,11.5,11.5,11.5,11.5,34100,392192.0
2025-11-24 13:55:00,2025-11-24,20251124135500000,000070,5,11.5,11.5,11.5,11.5,65500,753152.0
2025-11-24 14:00:00,2025-11-24,20251124140000000,000070,5,11.5,11.5,11.5,11.5,54100,622208.0
2025-11-24 14:05:00,2025-11-24,20251124140500000,000070,5,11.5,11.5,11.5,11.5,16600,190848.0
2025-11-24 14:10:00,2025-11-24,20251124141000000,000070,5,11.5,11.5,11.5,11.5,35400,407168.0
2025-11-24 14:15:00,2025-11-24,20251124141500000,000070,5,11.5,11.5,11.5,11.5,83500,960256.0
2025-11-24 14:20:00,2025-11-24,20251124142000000,000070,5,11.5,11.5,11.5,11.5,86600,995840.0
2025-11-24 14:25:00,2025-11-24,20251124142500000,000070,5,11.5,11.5,11.5,11.5,57300,658944.0
2025-11-24 14:30:00,2025-11-24,20251124143000000,000070,5,11.5,11.5,11.5,11.5,79800,917760.0
2025-11-24 14:35:00,2025-11-24,20251124143500000,000070,5,11.5,11.5,11.5,11.5,63700,732544.0
2025-11-24 14:40:00,2025-11-24,20251124144000000,000070,5,11.5,11.5,11.5,11.5,60500,695808.0
2025-11-24 14:45:00,2025-11-24,20251124144500000,000070,5,11.5,11.5,11.5,11.5,48500,557696.0
2025-11-24 14:50:00,2025-11-24,20251124145000000,000070,5,11.5,11.5,11.5,11.5,61200,703744.0
2025-11-24 14:55:00,2025-11-24,20251124145500000,000070,5,11.5,11.5,11.5,11.5,149200,1716352.0
2025-11-24 15:00:00,2025-11-24,20251124150000000,000070,5,11.5,11.5,11.5,11.5,362000,4162048.0
2025-11-25 09:35:00,2025-11-25,20251125093500000,000070,5,12.1,12.65,12.1,12.65,56540200,700639616.0
2025-11-25 09:40:00,2025-11-25,20251125094000000,000070,5,12.65,12.65,12.65,12.65,4040400,51110976.0
2025-11-25 09:45:00,2025-11-25,20251125094500000,000070,5,12.65,12.65,12.65,12.65,1073700,13583040.0
2025-11-25 09:50:00,2025-11-25,20251125095000000,000070,5,12.65,12.65,12.65,12.65,617300,7808128.0
2025-11-25 09:55:00,2025-11-25,20251125095500000,000070,5,12.65,12.65,12.65,12.65,409700,5182720.0
2025-11-25 10:00:00,2025-11-25,20251125100000000,000070,5,12.65,12.65,12.65,12.65,346100,4378880.0
2025-11-25 10:05:00,2025-11-25,20251125100500000,000070,5,12.65,12.65,12.65,12.65,216600,2739968.0
2025-11-25 10:10:00,2025-11-25,20251125101000000,000070,5,12.65,12.65,12.65,12.65,298800,3779840.0
2025-11-25 10:15:00,2025-11-25,20251125101500000,000070,5,12.65,12.65,12.65,12.65,1557400,19701120.0
2025-11-25 10:20:00,2025-11-25,20251125102000000,000070,5,12.65,12.65,12.65,12.65,233600,2955008.0
2025-11-25 10:25:00,2025-11-25,20251125102500000,000070,5,12.65,12.65,12.65,12.65,73700,932352.0
2025-11-25 10:30:00,2025-11-25,20251125103000000,000070,5,12.65,12.65,12.65,12.65,63400,801984.0
2025-11-25 10:35:00,2025-11-25,20251125103500000,000070,5,12.65,12.65,12.65,12.65,113600,1437056.0
2025-11-25 10:40:00,2025-11-25,20251125104000000,000070,5,12.65,12.65,12.65,12.65,124700,1577216.0
2025-11-25 10:45:00,2025-11-25,20251125104500000,000070,5,12.65,12.65,12.65,12.65,48200,609472.0
2025-11-25 10:50:00,2025-11-25,20251125105000000,000070,5,12.65,12.65,12.65,12.65,63700,805760.0
2025-11-25 10:55:00,2025-11-25,20251125105500000,000070,5,12.65,12.65,12.65,12.65,72600,918912.0
2025-11-25 11:00:00,2025-11-25,20251125110000000,000070,5,12.65,12.65,12.65,12.65,68100,861440.0
2025-11-25 11:05:00,2025-11-25,20251125110500000,000070,5,12.65,12.65,12.65,12.65,98600,1247360.0
2025-11-25 11:10:00,2025-11-25,20251125111000000,000070,5,12.65,12.65,12.65,12.65,38700,489536.0
2025-11-25 11:15:00,2025-11-25,20251125111500000,000070,5,12.65,12.65,12.65,12.65,42500,537600.0
2025-11-25 11:20:00,2025-11-25,20251125112000000,000070,5,12.65,12.65,12.65,12.65,45100,570560.0
2025-11-25 11:25:00,2025-11-25,20251125112500000,000070,5,12.65,12.65,12.65,12.65,139400,1763392.0
2025-11-25 11:30:00,2025-11-25,20251125113000000,000070,5,12.65,12.65,12.65,12.65,52500,663872.0
2025-11-25 13:05:00,2025-11-25,20251125130500000,000070,5,12.65,12.65,12.65,12.65,992600,12556352.0
2025-11-25 13:10:00,2025-11-25,20251125131000000,000070,5,12.65,12.65,12.65,12.65,75900,960192.0
2025-11-25 13:15:00,2025-11-25,20251125131500000,000070,5,12.65,12.65,12.65,12.65,133600,1689984.0
2025-11-25 13:20:00,2025-11-25,20251125132000000,000070,5,12.65,12.65,12.65,12.65,49900,631296.0
2025-11-25 13:25:00,2025-11-25,20251125132500000,000070,5,12.65,12.65,12.65,12.65,61300,775424.0
2025-11-25 13:30:00,2025-11-25,20251125133000000,000070,5,12.65,12.65,12.65,12.65,73300,927232.0
2025-11-25 13:35:00,2025-11-25,20251125133500000,000070,5,12.65,12.65,12.65,12.65,53300,674240.0
2025-11-25 13:40:00,2025-11-25,20251125134000000,000070,5,12.65,12.65,12.65,12.65,66100,836416.0
2025-11-25 13:45:00,2025-11-25,20251125134500000,000070,5,12.65,12.65,12.65,12.65,55000,695744.0
2025-11-25 13:50:00,2025-11-25,20251125135000000,000070,5,12.65,12.65,12.65,12.65,59500,752704.0
2025-11-25 13:55:00,2025-11-25,20251125135500000,000070,5,12.65,12.65,12.65,12.65,52400,662848.0
2025-11-25 14:00:00,2025-11-25,20251125140000000,000070,5,12.65,12.65,12.65,12.65,42100,532544.0
2025-11-25 14:05:00,2025-11-25,20251125140500000,000070,5,12.65,12.65,12.65,12.65,50500,638848.0
2025-11-25 14:10:00,2025-11-25,20251125141000000,000070,5,12.65,12.65,12.65,12.65,98800,1249792.0
2025-11-25 14:15:00,2025-11-25,20251125141500000,000070,5,12.65,12.65,12.65,12.65,35600,450368.0
2025-11-25 14:20:00,2025-11-25,20251125142000000,000070,5,12.65,12.65,12.65,12.65,77500,980352.0
2025-11-25 14:25:00,2025-11-25,20251125142500000,000070,5,12.65,12.65,12.65,12.65,111200,1406656.0
2025-11-25 14:30:00,2025-11-25,20251125143000000,000070,5,12.65,12.65,12.65,12.65,87200,1102848.0
2025-11-25 14:35:00,2025-11-25,20251125143500000,000070,5,12.65,12.65,12.65,12.65,55900,707136.0
2025-11-25 14:40:00,2025-11-25,20251125144000000,000070,5,12.65,12.65,12.65,12.65,83500,1056320.0
2025-11-25 14:45:00,2025-11-25,20251125144500000,000070,5,12.65,12.65,12.65,12.65,70600,893568.0
2025-11-25 14:50:00,2025-11-25,20251125145000000,000070,5,12.65,12.65,12.65,12.65,76700,970240.0
2025-11-25 14:55:00,2025-11-25,20251125145500000,000070,5,12.65,12.65,12.65,12.65,118600,1500288.0
2025-11-25 15:00:00,2025-11-25,20251125150000000,000070,5,12.65,12.65,12.65,12.65,157800,1996160.0
2025-11-26 09:35:00,2025-11-26,20251126093500000,000070,5,13.65,13.92,13.28,13.37,109861000,1499754752.0
2025-11-26 09:40:00,2025-11-26,20251126094000000,000070,5,13.3,13.3,12.89,13.18,31667900,415347456.0
2025-11-26 09:45:00,2025-11-26,20251126094500000,000070,5,13.19,13.5,13.09,13.43,15164700,201659136.0
2025-11-26 09:50:00,2025-11-26,20251126095000000,000070,5,13.45,13.45,13.11,13.26,7331400,97235968.0
2025-11-26 09:55:00,2025-11-26,20251126095500000,000070,5,13.27,13.92,13.27,13.92,31792400,437553152.0
2025-11-26 10:00:00,2025-11-26,20251126100000000,000070,5,13.92,13.92,13.92,13.92,1924200,26786048.0
2025-11-26 10:05:00,2025-11-26,20251126100500000,000070,5,13.92,13.92,13.92,13.92,665500,9263616.0
2025-11-26 10:10:00,2025-11-26,20251126101000000,000070,5,13.92,13.92,13.92,13.92,390600,5436928.0
2025-11-26 10:15:00,2025-11-26,20251126101500000,000070,5,13.92,13.92,13.92,13.92,528800,7361280.0
2025-11-26 10:20:00,2025-11-26,20251126102000000,000070,5,13.92,13.92,13.92,13.92,1832800,25512704.0
2025-11-26 10:25:00,2025-11-26,20251126102500000,000070,5,13.92,13.92,13.92,13.92,17304300,240844288.0
2025-11-26 10:30:00,2025-11-26,20251126103000000,000070,5,13.92,13.92,13.92,13.92,127000,1767936.0
2025-11-26 10:35:00,2025-11-26,20251126103500000,000070,5,13.92,13.92,13.92,13.92,169600,2360832.0
2025-11-26 10:40:00,2025-11-26,20251126104000000,000070,5,13.92,13.92,13.92,13.92,133600,1859328.0
2025-11-26 10:45:00,2025-11-26,20251126104500000,000070,5,13.92,13.92,13.92,13.92,182100,2534912.0
2025-11-26 10:50:00,2025-11-26,20251126105000000,000070,5,13.92,13.92,13.92,13.92,226700,3155712.0
2025-11-26 10:55:00,2025-11-26,20251126105500000,000070,5,13.92,13.92,13.92,13.92,527700,7345152.0
2025-11-26 11:00:00,2025-11-26,20251126110000000,000070,5,13.92,13.92,13.92,13.92,162100,2256384.0
2025-11-26 11:05:00,2025-11-26,20251126110500000,000070,5,13.92,13.92,13.92,13.92,93600,1303552.0
2025-11-26 11:10:00,2025-11-26,20251126111000000,000070,5,13.92,13.92,13.92,13.92,228700,3183872.0
2025-11-26 11:15:00,2025-11-26,20251126111500000,000070,5,13.92,13.92,13.92,13.92,220400,3068160.0
2025-11-26 11:20:00,2025-11-26,20251126112000000,000070,5,13.92,13.92,13.92,13.92,68700,955392.0
2025-11-26 11:25:00,2025-11-26,20251126112500000,000070,5,13.92,13.92,13.92,13.92,150500,2094848.0
2025-11-26 11:30:00,2025-11-26,20251126113000000,000070,5,13.92,13.92,13.92,13.92,82200,1144320.0
2025-11-26 13:05:00,2025-11-26,20251126130500000,000070,5,13.92,13.92,13.92,13.92,443100,6168576.0
2025-11-26 13:10:00,2025-11-26,20251126131000000,000070,5,13.92,13.92,13.92,13.92,348100,4845568.0
2025-11-26 13:15:00,2025-11-26,20251126131500000,000070,5,13.92,13.92,13.92,13.92,97100,1351168.0
2025-11-26 13:20:00,2025-11-26,20251126132000000,000070,5,13.92,13.92,13.92,13.92,65900,917504.0
2025-11-26 13:25:00,2025-11-26,20251126132500000,000070,5,13.92,13.92,13.92,13.92,294200,4095232.0
2025-11-26 13:30:00,2025-11-26,20251126133000000,000070,5,13.92,13.92,13.92,13.92,104600,1455360.0
2025-11-26 13:35:00,2025-11-26,20251126133500000,000070,5,13.92,13.92,13.92,13.92,185300,2580480.0
2025-11-26 13:40:00,2025-11-26,20251126134000000,000070,5,13.92,13.92,13.92,13.92,146600,2040064.0
2025-11-26 13:45:00,2025-11-26,20251126134500000,000070,5,13.92,13.92,13.92,13.92,305900,4258048.0
2025-11-26 13:50:00,2025-11-26,20251126135000000,000070,5,13.92,13.92,13.92,13.92,106100,1476864.0
2025-11-26 13:55:00,2025-11-26,20251126135500000,000070,5,13.92,13.92,13.92,13.92,160800,2238976.0
2025-11-26 14:00:00,2025-11-26,20251126140000000,000070,5,13.92,13.92,13.92,13.92,477300,6643968.0
2025-11-26 14:05:00,2025-11-26,20251126140500000,000070,5,13.92,13.92,13.92,13.92,2336800,32528128.0
2025-11-26 14:10:00,2025-11-26,20251126141000000,000070,5,13.92,13.92,13.92,13.92,200000,2783232.0
2025-11-26 14:15:00,2025-11-26,20251126141500000,000070,5,13.92,13.92,13.92,13.92,113400,1578496.0
2025-11-26 14:20:00,2025-11-26,20251126142000000,000070,5,13.92,13.92,13.92,13.92,97900,1362944.0
2025-11-26 14:25:00,2025-11-26,20251126142500000,000070,5,13.92,13.92,13.92,13.92,257500,3584256.0
2025-11-26 14:30:00,2025-11-26,20251126143000000,000070,5,13.92,13.92,13.92,13.92,148000,2061312.0
2025-11-26 14:35:00,2025-11-26,20251126143500000,000070,5,13.92,13.92,13.92,13.92,116900,1627136.0
2025-11-26 14:40:00,2025-11-26,20251126144000000,000070,5,13.92,13.92,13.92,13.92,407400,5671168.0
2025-11-26 14:45:00,2025-11-26,20251126144500000,000070,5,13.92,13.92,13.92,13.92,595100,8283648.0
2025-11-26 14:50:00,2025-11-26,20251126145000000,000070,5,13.92,13.92,13.92,13.92,297000,4134400.0
2025-11-26 14:55:00,2025-11-26,20251126145500000,000070,5,13.92,13.92,13.92,13.92,463900,6457344.0
2025-11-26 15:00:00,2025-11-26,20251126150000000,000070,5,13.92,13.92,13.92,13.92,1021600,14220288.0
2025-11-27 09:35:00,2025-11-27,20251127093500000,000070,5,13.58,14.53,13.09,14.53,69007000,938264192.0
2025-11-27 09:40:00,2025-11-27,20251127094000000,000070,5,14.5,14.5,13.6,13.91,34387300,484983296.0
2025-11-27 09:45:00,2025-11-27,20251127094500000,000070,5,13.93,14.4,13.93,14.2,25482000,361799040.0
2025-11-27 09:50:00,2025-11-27,20251127095000000,000070,5,14.2,14.5,14.1,14.17,13667900,195634944.0
2025-11-27 09:55:00,2025-11-27,20251127095500000,000070,5,14.2,14.27,13.98,14.08,10960100,154422016.0
2025-11-27 10:00:00,2025-11-27,20251127100000000,000070,5,14.07,14.25,13.79,14.1,10798800,151451392.0
2025-11-27 10:05:00,2025-11-27,20251127100500000,000070,5,14.07,14.88,14.03,14.8,17817300,257147392.0
2025-11-27 10:10:00,2025-11-27,20251127101000000,000070,5,14.68,14.72,14.26,14.27,11590500,168430336.0
2025-11-27 10:15:00,2025-11-27,20251127101500000,000070,5,14.28,14.33,14.06,14.28,4427000,62934016.0
2025-11-27 10:20:00,2025-11-27,20251127102000000,000070,5,14.31,14.44,14.26,14.26,4015400,57524480.0
2025-11-27 10:25:00,2025-11-27,20251127102500000,000070,5,14.25,14.3,14.16,14.21,2806400,39917056.0
2025-11-27 10:30:00,2025-11-27,20251127103000000,000070,5,14.2,14.3,14.16,14.19,2922700,41581824.0
2025-11-27 10:35:00,2025-11-27,20251127103500000,000070,5,14.19,14.3,14.12,14.2,2759100,39201792.0
2025-11-27 10:40:00,2025-11-27,20251127104000000,000070,5,14.19,14.35,14.15,14.25,2993400,42716416.0
2025-11-27 10:45:00,2025-11-27,20251127104500000,000070,5,14.25,14.25,14.17,14.17,1752100,24871168.0
2025-11-27 10:50:00,2025-11-27,20251127105000000,000070,5,14.17,14.19,14.0,14.07,4170200,58750464.0
2025-11-27 10:55:00,2025-11-27,20251127105500000,000070,5,14.07,14.17,14.0,14.03,2539300,35721216.0
2025-11-27 11:00:00,2025-11-27,20251127110000000,000070,5,14.04,14.04,13.74,13.9,6519900,90440960.0
2025-11-27 11:05:00,2025-11-27,20251127110500000,000070,5,13.91,13.96,13.61,13.61,3676600,50857984.0
2025-11-27 11:10:00,2025-11-27,20251127111000000,000070,5,13.75,13.88,13.68,13.79,3583300,49311488.0
2025-11-27 11:15:00,2025-11-27,20251127111500000,000070,5,13.78,13.78,13.6,13.66,3622100,49552896.0
2025-11-27 11:20:00,2025-11-27,20251127112000000,000070,5,13.66,13.91,13.64,13.83,3253200,44803840.0
2025-11-27 11:25:00,2025-11-27,20251127112500000,000070,5,13.82,13.82,13.62,13.73,2070100,28353792.0
2025-11-27 11:30:00,2025-11-27,20251127113000000,000070,5,13.76,13.76,13.58,13.68,2266100,30957568.0
2025-11-27 13:05:00,2025-11-27,20251127130500000,000070,5,13.69,13.69,13.46,13.54,3249700,44030976.0
2025-11-27 13:10:00,2025-11-27,20251127131000000,000070,5,13.53,13.92,13.53,13.92,3659900,50187008.0
2025-11-27 13:15:00,2025-11-27,20251127131500000,000070,5,13.93,14.31,13.9,14.15,8834800,124734208.0
2025-11-27 13:20:00,2025-11-27,20251127132000000,000070,5,14.16,14.79,14.16,14.59,13252000,192594688.0
2025-11-27 13:25:00,2025-11-27,20251127132500000,000070,5,14.63,15.3,14.61,15.3,15354300,228875520.0
2025-11-27 13:30:00,2025-11-27,20251127133000000,000070,5,15.3,15.3,14.78,14.91,8576100,129312768.0
2025-11-27 13:35:00,2025-11-27,20251127133500000,000070,5,14.87,14.9,14.45,14.45,4157800,60883200.0
2025-11-27 13:40:00,2025-11-27,20251127134000000,000070,5,14.45,14.47,14.27,14.42,3053100,43895552.0
2025-11-27 13:45:00,2025-11-27,20251127134500000,000070,5,14.42,14.42,14.19,14.34,2227100,31834624.0
2025-11-27 13:50:00,2025-11-27,20251127135000000,000070,5,14.34,14.35,14.25,14.29,1591800,22749696.0
2025-11-27 13:55:00,2025-11-27,20251127135500000,000070,5,14.25,14.27,13.88,14.11,3181900,44805632.0
2025-11-27 14:00:00,2025-11-27,20251127140000000,000070,5,14.04,14.18,14.03,14.13,2488500,35115520.0
2025-11-27 14:05:00,2025-11-27,20251127140500000,000070,5,14.13,14.35,14.13,14.19,2016700,28695552.0
2025-11-27 14:10:00,2025-11-27,20251127141000000,000070,5,14.18,14.19,14.0,14.08,1665600,23480314.0
2025-11-27 14:15:00,2025-11-27,20251127141500000,000070,5,14.08,14.25,14.08,14.14,1309800,18564614.0
2025-11-27 14:20:00,2025-11-27,20251127142000000,000070,5,14.13,14.14,14.1,14.1,1078600,15231480.0
2025-11-27 14:25:00,2025-11-27,20251127142500000,000070,5,14.1,14.13,14.0,14.07,1511000,21248010.0
2025-11-27 14:30:00,2025-11-27,20251127143000000,000070,5,14.07,14.4,14.0,14.39,4205200,59719166.0
2025-11-27 14:35:00,2025-11-27,20251127143500000,000070,5,14.38,14.39,14.15,14.29,2443900,34849280.0
2025-11-27 14:40:00,2025-11-27,20251127144000000,000070,5,14.27,14.33,14.18,14.32,3051500,43542528.0
2025-11-27 14:45:00,2025-11-27,20251127144500000,000070,5,14.35,14.48,14.28,14.33,4793400,68839936.0
2025-11-27 14:50:00,2025-11-27,20251127145000000,000070,5,14.35,14.37,14.16,14.29,4306900,61560320.0
2025-11-27 14:55:00,2025-11-27,20251127145500000,000070,5,14.37,14.5,14.27,14.45,8181600,117442048.0
2025-11-27 15:00:00,2025-11-27,20251127150000000,000070,5,14.45,14.45,14.34,14.44,10812000,155866624.0
2025-11-28 09:35:00,2025-11-28,20251128093500000,000070,5,14.65,15.18,14.21,14.45,78902900,1164459008.0
2025-11-28 09:40:00,2025-11-28,20251128094000000,000070,5,14.39,15.14,14.2,15.0,28090000,416481664.0
2025-11-28 09:45:00,2025-11-28,20251128094500000,000070,5,15.01,15.04,14.77,14.93,14944500,223389184.0
2025-11-28 09:50:00,2025-11-28,20251128095000000,000070,5,14.92,14.92,14.56,14.69,9947900,146571008.0
2025-11-28 09:55:00,2025-11-28,20251128095500000,000070,5,14.68,14.7,14.38,14.57,7676700,111490816.0
2025-11-28 10:00:00,2025-11-28,20251128100000000,000070,5,14.57,14.57,14.17,14.17,6383800,91985792.0
2025-11-28 10:05:00,2025-11-28,20251128100500000,000070,5,14.16,14.45,14.14,14.3,5511000,78969088.0
2025-11-28 10:10:00,2025-11-28,20251128101000000,000070,5,14.3,14.43,14.2,14.43,3809400,54423040.0
2025-11-28 10:15:00,2025-11-28,20251128101500000,000070,5,14.45,14.45,14.15,14.16,4119300,58641920.0
2025-11-28 10:20:00,2025-11-28,20251128102000000,000070,5,14.17,14.21,14.03,14.18,6996900,98639872.0
2025-11-28 10:25:00,2025-11-28,20251128102500000,000070,5,14.17,14.38,14.1,14.27,3450700,49240832.0
2025-11-28 10:30:00,2025-11-28,20251128103000000,000070,5,14.26,14.6,14.2,14.38,3959000,57055744.0
2025-11-28 10:35:00,2025-11-28,20251128103500000,000070,5,14.4,14.49,14.28,14.31,2372200,34164992.0
2025-11-28 10:40:00,2025-11-28,20251128104000000,000070,5,14.31,14.45,14.19,14.29,1598200,22857216.0
2025-11-28 10:45:00,2025-11-28,20251128104500000,000070,5,14.32,14.32,14.16,14.28,1732700,24645120.0
2025-11-28 10:50:00,2025-11-28,20251128105000000,000070,5,14.26,14.3,14.18,14.18,1463100,20790784.0
2025-11-28 10:55:00,2025-11-28,20251128105500000,000070,5,14.18,14.54,14.18,14.42,2361100,34004480.0
2025-11-28 11:00:00,2025-11-28,20251128110000000,000070,5,14.42,14.5,14.36,14.45,1808800,26112000.0
2025-11-28 11:05:00,2025-11-28,20251128110500000,000070,5,14.46,14.55,14.41,14.41,1634100,23647744.0
2025-11-28 11:10:00,2025-11-28,20251128111000000,000070,5,14.43,14.54,14.37,14.38,1378300,19930880.0
2025-11-28 11:15:00,2025-11-28,20251128111500000,000070,5,14.38,14.43,14.28,14.36,1053600,15125760.0
2025-11-28 11:20:00,2025-11-28,20251128112000000,000070,5,14.36,14.5,14.34,14.38,668600,9630976.0
2025-11-28 11:25:00,2025-11-28,20251128112500000,000070,5,14.36,14.48,14.36,14.46,1179900,17033728.0
2025-11-28 11:30:00,2025-11-28,20251128113000000,000070,5,14.47,14.51,14.4,14.45,1935200,27984128.0
2025-11-28 13:05:00,2025-11-28,20251128130500000,000070,5,14.45,14.53,14.3,14.38,1526500,22031360.0
2025-11-28 13:10:00,2025-11-28,20251128131000000,000070,5,14.38,14.49,14.3,14.31,1154600,16587520.0
2025-11-28 13:15:00,2025-11-28,20251128131500000,000070,5,14.3,14.42,14.22,14.22,1613700,23046400.0
2025-11-28 13:20:00,2025-11-28,20251128132000000,000070,5,14.21,14.3,14.16,14.25,2357800,33502208.0
2025-11-28 13:25:00,2025-11-28,20251128132500000,000070,5,14.25,14.25,14.1,14.24,1570100,22243584.0
2025-11-28 13:30:00,2025-11-28,20251128133000000,000070,5,14.23,14.23,14.11,14.17,1260500,17864192.0
2025-11-28 13:35:00,2025-11-28,20251128133500000,000070,5,14.17,14.17,14.03,14.12,2955500,41656320.0
2025-11-28 13:40:00,2025-11-28,20251128134000000,000070,5,14.12,14.22,13.96,14.18,4466600,62704384.0
2025-11-28 13:45:00,2025-11-28,20251128134500000,000070,5,14.19,14.29,14.11,14.29,2275500,32257280.0
2025-11-28 13:50:00,2025-11-28,20251128135000000,000070,5,14.28,14.28,14.07,14.09,1224100,17292800.0
2025-11-28 13:55:00,2025-11-28,20251128135500000,000070,5,14.07,14.16,13.96,14.03,4526800,63503872.0
2025-11-28 14:00:00,2025-11-28,20251128140000000,000070,5,14.03,14.1,14.0,14.0,1634200,22951680.0
2025-11-28 14:05:00,2025-11-28,20251128140500000,000070,5,13.98,14.17,13.92,13.96,2659300,37221888.0
2025-11-28 14:10:00,2025-11-28,20251128141000000,000070,5,13.96,14.02,13.88,13.9,3768000,52499200.0
2025-11-28 14:15:00,2025-11-28,20251128141500000,000070,5,13.95,14.15,13.94,14.05,2262300,31781632.0
2025-11-28 14:20:00,2025-11-28,20251128142000000,000070,5,14.04,14.05,13.96,14.01,1844300,25801472.0
2025-11-28 14:25:00,2025-11-28,20251128142500000,000070,5,14.01,14.14,13.93,14.01,2918200,40875264.0
2025-11-28 14:30:00,2025-11-28,20251128143000000,000070,5,13.98,14.02,13.75,13.75,4978100,69082624.0
2025-11-28 14:35:00,2025-11-28,20251128143500000,000070,5,13.8,14.12,13.8,14.03,4514500,63149312.0
2025-11-28 14:40:00,2025-11-28,20251128144000000,000070,5,14.02,14.1,13.94,14.08,2805300,39323648.0
2025-11-28 14:45:00,2025-11-28,20251128144500000,000070,5,14.1,14.25,13.99,14.0,5278400,74491392.0
2025-11-28 14:50:00,2025-11-28,20251128145000000,000070,5,14.0,14.13,14.0,14.13,3722900,52324352.0
2025-11-28 14:55:00,2025-11-28,20251128145500000,000070,5,14.13,14.21,13.99,14.08,9191000,129784064.0
2025-11-28 15:00:00,2025-11-28,20251128150000000,000070,5,14.06,14.15,13.99,14.01,9844900,138295296.0
2025-12-01 09:35:00,2025-12-01,20251201093500000,000070,5,13.49,14.28,13.19,13.31,48228800,659630854.0
2025-12-01 09:40:00,2025-12-01,20251201094000000,000070,5,13.34,13.7,13.23,13.51,17673700,237287034.0
2025-12-01 09:45:00,2025-12-01,20251201094500000,000070,5,13.51,13.73,13.36,13.43,8087500,109283200.0
2025-12-01 09:50:00,2025-12-01,20251201095000000,000070,5,13.43,13.74,13.43,13.45,6165200,83631615.0
2025-12-01 09:55:00,2025-12-01,20251201095500000,000070,5,13.45,13.96,13.45,13.72,7118600,97628417.0
2025-12-01 10:00:00,2025-12-01,20251201100000000,000070,5,13.7,14.07,13.7,13.92,8818600,123019008.0
2025-12-01 10:05:00,2025-12-01,20251201100500000,000070,5,13.88,13.92,13.75,13.76,3874800,53577984.0
2025-12-01 10:10:00,2025-12-01,20251201101000000,000070,5,13.77,13.82,13.57,13.65,4962900,67750147.0
2025-12-01 10:15:00,2025-12-01,20251201101500000,000070,5,13.63,13.77,13.49,13.73,3820300,51971965.0
2025-12-01 10:20:00,2025-12-01,20251201102000000,000070,5,13.73,13.76,13.47,13.47,3995300,54267520.0
2025-12-01 10:25:00,2025-12-01,20251201102500000,000070,5,13.47,13.49,13.4,13.48,5081300,68319104.0
2025-12-01 10:30:00,2025-12-01,20251201103000000,000070,5,13.45,13.63,13.32,13.54,5279700,70970496.0
2025-12-01 10:35:00,2025-12-01,20251201103500000,000070,5,13.5,13.65,13.44,13.62,2894700,39146236.0
2025-12-01 10:40:00,2025-12-01,20251201104000000,000070,5,13.61,13.62,13.45,13.46,2395900,32385156.0
2025-12-01 10:45:00,2025-12-01,20251201104500000,000070,5,13.44,13.47,13.32,13.33,4411400,59062912.0
2025-12-01 10:50:00,2025-12-01,20251201105000000,000070,5,13.32,13.42,13.23,13.42,5804100,77139072.0
2025-12-01 10:55:00,2025-12-01,20251201105500000,000070,5,13.43,13.46,13.31,13.31,2457900,32861056.0
2025-12-01 11:00:00,2025-12-01,20251201110000000,000070,5,13.31,13.4,13.21,13.21,3150100,41863296.0
2025-12-01 11:05:00,2025-12-01,20251201110500000,000070,5,13.22,13.35,13.22,13.35,2358600,31321472.0
2025-12-01 11:10:00,2025-12-01,20251201111000000,000070,5,13.36,13.39,13.28,13.29,1489500,19855616.0
2025-12-01 11:15:00,2025-12-01,20251201111500000,000070,5,13.27,13.47,13.25,13.43,2268300,30276352.0
2025-12-01 11:20:00,2025-12-01,20251201112000000,000070,5,13.45,13.64,13.31,13.54,2793700,37726598.0
2025-12-01 11:25:00,2025-12-01,20251201112500000,000070,5,13.53,13.91,13.48,13.83,3622500,49621882.0
2025-12-01 11:30:00,2025-12-01,20251201113000000,000070,5,13.82,13.9,13.63,13.86,4978400,68748800.0
2025-12-01 13:05:00,2025-12-01,20251201130500000,000070,5,13.84,13.87,13.57,13.78,4068700,55828992.0
2025-12-01 13:10:00,2025-12-01,20251201131000000,000070,5,13.77,13.9,13.69,13.83,2865300,39534080.0
2025-12-01 13:15:00,2025-12-01,20251201131500000,000070,5,13.81,14.03,13.79,14.03,4116200,57230080.0
2025-12-01 13:20:00,2025-12-01,20251201132000000,000070,5,14.04,14.14,13.97,14.09,10226700,143820800.0
2025-12-01 13:25:00,2025-12-01,20251201132500000,000070,5,14.1,14.47,14.09,14.47,13230100,188644608.0
2025-12-01 13:30:00,2025-12-01,20251201133000000,000070,5,14.48,14.62,14.34,14.51,13604900,196811776.0
2025-12-01 13:35:00,2025-12-01,20251201133500000,000070,5,14.51,14.73,14.49,14.65,13778600,201197056.0
2025-12-01 13:40:00,2025-12-01,20251201134000000,000070,5,14.67,14.69,14.39,14.43,6050300,87677952.0
2025-12-01 13:45:00,2025-12-01,20251201134500000,000070,5,14.4,14.62,14.35,14.5,6315500,91570176.0
2025-12-01 13:50:00,2025-12-01,20251201135000000,000070,5,14.53,14.82,14.5,14.65,7933100,116411392.0
2025-12-01 13:55:00,2025-12-01,20251201135500000,000070,5,14.59,14.61,14.26,14.33,6590000,94807808.0
2025-12-01 14:00:00,2025-12-01,20251201140000000,000070,5,14.34,14.35,14.12,14.2,4569600,65043200.0
2025-12-01 14:05:00,2025-12-01,20251201140500000,000070,5,14.19,14.29,14.15,14.15,2151800,30591232.0
2025-12-01 14:10:00,2025-12-01,20251201141000000,000070,5,14.14,14.27,14.11,14.23,1991200,28225536.0
2025-12-01 14:15:00,2025-12-01,20251201141500000,000070,5,14.22,14.25,14.14,14.21,1612200,22874880.0
2025-12-01 14:20:00,2025-12-01,20251201142000000,000070,5,14.21,14.21,14.01,14.04,2803400,39532544.0
2025-12-01 14:25:00,2025-12-01,20251201142500000,000070,5,14.03,14.15,14.03,14.1,1763900,24807168.0
2025-12-01 14:30:00,2025-12-01,20251201143000000,000070,5,14.03,14.09,13.9,14.08,4255100,59643904.0
2025-12-01 14:35:00,2025-12-01,20251201143500000,000070,5,14.06,14.25,14.05,14.11,2853400,40424448.0
2025-12-01 14:40:00,2025-12-01,20251201144000000,000070,5,14.11,14.17,14.08,14.08,2089400,29500416.0
2025-12-01 14:45:00,2025-12-01,20251201144500000,000070,5,14.09,14.14,14.04,14.12,3333000,46973184.0
2025-12-01 14:50:00,2025-12-01,20251201145000000,000070,5,14.12,14.16,14.06,14.14,4007300,56551936.0
2025-12-01 14:55:00,2025-12-01,20251201145500000,000070,5,14.14,14.15,14.04,14.11,5790200,81647616.0
2025-12-01 15:00:00,2025-12-01,20251201150000000,000070,5,14.11,14.19,14.02,14.19,10008400,141485824.0
2025-12-02 09:35:00,2025-12-02,20251202093500000,000070,5,14.0,14.3,13.74,13.91,26288800,368380064.0
2025-12-02 09:40:00,2025-12-02,20251202094000000,000070,5,13.9,14.08,13.65,13.81,11744900,163090752.0
2025-12-02 09:45:00,2025-12-02,20251202094500000,000070,5,13.8,13.99,13.65,13.93,10941100,151017824.0
2025-12-02 09:50:00,2025-12-02,20251202095000000,000070,5,13.92,14.22,13.8,14.16,7456700,104638016.0
2025-12-02 09:55:00,2025-12-02,20251202095500000,000070,5,14.14,14.17,14.02,14.08,5181800,72997048.0
2025-12-02 10:00:00,2025-12-02,20251202100000000,000070,5,14.08,14.1,13.97,14.01,3330200,46713984.0
2025-12-02 10:05:00,2025-12-02,20251202100500000,000070,5,14.0,14.24,13.88,14.2,7567000,106815752.0
2025-12-02 10:10:00,2025-12-02,20251202101000000,000070,5,14.2,14.2,13.91,13.94,5534800,77781060.0
2025-12-02 10:15:00,2025-12-02,20251202101500000,000070,5,13.94,14.45,13.92,14.35,15785800,225454204.0
2025-12-02 10:20:00,2025-12-02,20251202102000000,000070,5,14.37,14.89,14.3,14.73,32383900,475363840.0
2025-12-02 10:25:00,2025-12-02,20251202102500000,000070,5,14.78,15.12,14.74,14.74,25193800,376825216.0
2025-12-02 10:30:00,2025-12-02,20251202103000000,000070,5,14.73,15.54,14.73,15.1,22618200,343264768.0
2025-12-02 10:35:00,2025-12-02,20251202103500000,000070,5,15.1,15.18,14.87,15.08,7756300,116636160.0
2025-12-02 10:40:00,2025-12-02,20251202104000000,000070,5,15.08,15.26,15.0,15.0,4898300,74054144.0
2025-12-02 10:45:00,2025-12-02,20251202104500000,000070,5,15.0,15.05,14.85,14.94,4152800,62081536.0
2025-12-02 10:50:00,2025-12-02,20251202105000000,000070,5,14.94,14.95,14.81,14.94,4223500,62870528.0
2025-12-02 10:55:00,2025-12-02,20251202105500000,000070,5,14.92,15.01,14.84,14.84,2172800,32380928.0
2025-12-02 11:00:00,2025-12-02,20251202110000000,000070,5,14.84,14.95,14.8,14.91,2984200,44320000.0
2025-12-02 11:05:00,2025-12-02,20251202110500000,000070,5,14.9,14.91,14.75,14.77,2484300,36778752.0
2025-12-02 11:10:00,2025-12-02,20251202111000000,000070,5,14.77,14.82,14.65,14.74,4098700,60356864.0
2025-12-02 11:15:00,2025-12-02,20251202111500000,000070,5,14.75,14.79,14.67,14.77,2125200,31324416.0
2025-12-02 11:20:00,2025-12-02,20251202112000000,000070,5,14.76,14.78,14.68,14.76,2030100,29872896.0
2025-12-02 11:25:00,2025-12-02,20251202112500000,000070,5,14.77,14.77,14.7,14.73,1360800,20053504.0
2025-12-02 11:30:00,2025-12-02,20251202113000000,000070,5,14.73,14.85,14.72,14.8,2260300,33395200.0
2025-12-02 13:05:00,2025-12-02,20251202130500000,000070,5,14.8,14.81,14.57,14.57,3732300,54878208.0
2025-12-02 13:10:00,2025-12-02,20251202131000000,000070,5,14.57,14.76,14.57,14.72,2323100,34126848.0
2025-12-02 13:15:00,2025-12-02,20251202131500000,000070,5,14.73,14.83,14.73,14.73,2115800,31262976.0
2025-12-02 13:20:00,2025-12-02,20251202132000000,000070,5,14.72,14.78,14.68,14.72,1554000,22896384.0
2025-12-02 13:25:00,2025-12-02,20251202132500000,000070,5,14.72,14.82,14.67,14.79,2026500,29826560.0
2025-12-02 13:30:00,2025-12-02,20251202133000000,000070,5,14.79,14.8,14.7,14.75,1571000,23166208.0
2025-12-02 13:35:00,2025-12-02,20251202133500000,000070,5,14.74,14.95,14.74,14.89,3829200,56906752.0
2025-12-02 13:40:00,2025-12-02,20251202134000000,000070,5,14.9,14.9,14.72,14.72,2074300,30735872.0
2025-12-02 13:45:00,2025-12-02,20251202134500000,000070,5,14.72,14.8,14.71,14.78,1114700,16459264.0
2025-12-02 13:50:00,2025-12-02,20251202135000000,000070,5,14.79,14.86,14.72,14.74,1751000,25865472.0
2025-12-02 13:55:00,2025-12-02,20251202135500000,000070,5,14.74,14.75,14.63,14.66,2669700,39191040.0
2025-12-02 14:00:00,2025-12-02,20251202140000000,000070,5,14.66,14.69,14.61,14.65,1727800,25320448.0
2025-12-02 14:05:00,2025-12-02,20251202140500000,000070,5,14.65,14.7,14.63,14.68,1612700,23643392.0
2025-12-02 14:10:00,2025-12-02,20251202141000000,000070,5,14.68,14.7,14.6,14.66,2094500,30658048.0
2025-12-02 14:15:00,2025-12-02,20251202141500000,000070,5,14.65,14.72,14.62,14.66,1981600,29078528.0
2025-12-02 14:20:00,2025-12-02,20251202142000000,000070,5,14.66,14.75,14.66,14.69,1467100,21580800.0
2025-12-02 14:25:00,2025-12-02,20251202142500000,000070,5,14.69,14.71,14.66,14.66,1291500,18958592.0
2025-12-02 14:30:00,2025-12-02,20251202143000000,000070,5,14.66,14.71,14.63,14.7,1867100,27407872.0
2025-12-02 14:35:00,2025-12-02,20251202143500000,000070,5,14.71,14.74,14.67,14.71,2102100,30917632.0
2025-12-02 14:40:00,2025-12-02,20251202144000000,000070,5,14.71,14.72,14.68,14.69,2933300,43119616.0
2025-12-02 14:45:00,2025-12-02,20251202144500000,000070,5,14.68,14.69,14.63,14.63,3967800,58187776.0
2025-12-02 14:50:00,2025-12-02,20251202145000000,000070,5,14.64,14.65,14.58,14.59,6234000,91125248.0
2025-12-02 14:55:00,2025-12-02,20251202145500000,000070,5,14.58,14.69,14.57,14.69,8916500,130711552.0
2025-12-02 15:00:00,2025-12-02,20251202150000000,000070,5,14.69,14.74,14.69,14.74,10153800,149504256.0
2025-12-03 09:35:00,2025-12-03,20251203093500000,000070,5,14.2,14.48,13.94,14.17,34645000,491548096.0
2025-12-03 09:40:00,2025-12-03,20251203094000000,000070,5,14.15,14.2,13.9,14.0,15383300,215788536.0
2025-12-03 09:45:00,2025-12-03,20251203094500000,000070,5,13.99,14.08,13.9,13.9,9769000,136399810.0
2025-12-03 09:50:00,2025-12-03,20251203095000000,000070,5,13.91,14.16,13.86,14.0,9545600,133856259.0
2025-12-03 09:55:00,2025-12-03,20251203095500000,000070,5,14.0,14.07,13.81,13.81,7425600,103563395.0
2025-12-03 10:00:00,2025-12-03,20251203100000000,000070,5,13.81,13.88,13.44,13.57,17068000,233614848.0
2025-12-03 10:05:00,2025-12-03,20251203100500000,000070,5,13.57,13.78,13.44,13.77,7306800,99486208.0
2025-12-03 10:10:00,2025-12-03,20251203101000000,000070,5,13.75,13.77,13.55,13.6,4559700,62120576.0
2025-12-03 10:15:00,2025-12-03,20251203101500000,000070,5,13.6,13.62,13.31,13.31,8068700,108614656.0
2025-12-03 10:20:00,2025-12-03,20251203102000000,000070,5,13.33,13.79,13.33,13.77,7359500,99685248.0
2025-12-03 10:25:00,2025-12-03,20251203102500000,000070,5,13.78,13.95,13.66,13.66,5766200,79541632.0
2025-12-03 10:30:00,2025-12-03,20251203103000000,000070,5,13.66,13.82,13.54,13.54,2506000,34369920.0
2025-12-03 10:35:00,2025-12-03,20251203103500000,000070,5,13.54,13.77,13.53,13.61,2192600,29926400.0
2025-12-03 10:40:00,2025-12-03,20251203104000000,000070,5,13.61,13.64,13.52,13.57,2176000,29551360.0
2025-12-03 10:45:00,2025-12-03,20251203104500000,000070,5,13.56,13.6,13.5,13.59,2245600,30396928.0
2025-12-03 10:50:00,2025-12-03,20251203105000000,000070,5,13.62,13.64,13.53,13.59,2207700,30009600.0
2025-12-03 10:55:00,2025-12-03,20251203105500000,000070,5,13.59,13.7,13.56,13.58,1683100,22966016.0
2025-12-03 11:00:00,2025-12-03,20251203110000000,000070,5,13.59,13.98,13.59,13.98,3393200,46895746.0
2025-12-03 11:05:00,2025-12-03,20251203110500000,000070,5,13.99,14.09,13.81,13.81,5558400,77825150.0
2025-12-03 11:10:00,2025-12-03,20251203111000000,000070,5,13.81,13.9,13.78,13.84,1558500,21571584.0
2025-12-03 11:15:00,2025-12-03,20251203111500000,000070,5,13.83,13.86,13.72,13.84,1261300,17393152.0
2025-12-03 11:20:00,2025-12-03,20251203112000000,000070,5,13.83,13.99,13.74,13.99,1273200,17600768.0
2025-12-03 11:25:00,2025-12-03,20251203112500000,000070,5,13.9,13.99,13.82,13.86,1633200,22715650.0
2025-12-03 11:30:00,2025-12-03,20251203113000000,000070,5,13.75,13.86,13.73,13.77,1813900,24984054.0
2025-12-03 13:05:00,2025-12-03,20251203130500000,000070,5,13.76,13.76,13.5,13.63,3775400,51390216.0
2025-12-03 13:10:00,2025-12-03,20251203131000000,000070,5,13.63,14.07,13.63,13.94,3243600,45160704.0
2025-12-03 13:15:00,2025-12-03,20251203131500000,000070,5,13.92,13.95,13.77,13.91,1392800,19289600.0
2025-12-03 13:20:00,2025-12-03,20251203132000000,000070,5,13.86,13.99,13.81,13.9,1694200,23583238.0
2025-12-03 13:25:00,2025-12-03,20251203132500000,000070,5,13.89,13.89,13.73,13.74,1152800,15936250.0
2025-12-03 13:30:00,2025-12-03,20251203133000000,000070,5,13.74,13.74,13.65,13.73,1729200,23696128.0
2025-12-03 13:35:00,2025-12-03,20251203133500000,000070,5,13.68,13.7,13.6,13.6,2434800,33210368.0
2025-12-03 13:40:00,2025-12-03,20251203134000000,000070,5,13.6,13.63,13.55,13.59,2257200,30662400.0
2025-12-03 13:45:00,2025-12-03,20251203134500000,000070,5,13.59,13.63,13.56,13.58,1641600,22294016.0
2025-12-03 13:50:00,2025-12-03,20251203135000000,000070,5,13.58,13.71,13.51,13.6,3320000,45085952.0
2025-12-03 13:55:00,2025-12-03,20251203135500000,000070,5,13.58,13.61,13.47,13.47,2137700,28915456.0
2025-12-03 14:00:00,2025-12-03,20251203140000000,000070,5,13.46,13.58,13.35,13.51,3951400,53032192.0
2025-12-03 14:05:00,2025-12-03,20251203140500000,000070,5,13.51,13.6,13.43,13.56,2055700,27768832.0
2025-12-03 14:10:00,2025-12-03,20251203141000000,000070,5,13.57,13.57,13.38,13.38,2112000,28399104.0
2025-12-03 14:15:00,2025-12-03,20251203141500000,000070,5,13.39,13.5,13.39,13.44,2211300,29712384.0
2025-12-03 14:20:00,2025-12-03,20251203142000000,000070,5,13.44,13.45,13.35,13.44,3027700,40544256.0
2025-12-03 14:25:00,2025-12-03,20251203142500000,000070,5,13.43,13.5,13.37,13.42,2295300,30795008.0
2025-12-03 14:30:00,2025-12-03,20251203143000000,000070,5,13.41,13.47,13.37,13.47,1587900,21308160.0
2025-12-03 14:35:00,2025-12-03,20251203143500000,000070,5,13.45,13.47,13.36,13.36,2945600,39469568.0
2025-12-03 14:40:00,2025-12-03,20251203144000000,000070,5,13.36,13.45,13.35,13.41,3772600,50491904.0
2025-12-03 14:45:00,2025-12-03,20251203144500000,000070,5,13.41,13.56,13.39,13.4,2839200,38156800.0
2025-12-03 14:50:00,2025-12-03,20251203145000000,000070,5,13.4,13.45,13.39,13.44,3604700,48392704.0
2025-12-03 14:55:00,2025-12-03,20251203145500000,000070,5,13.42,13.56,13.42,13.43,5644800,76045056.0
2025-12-03 15:00:00,2025-12-03,20251203150000000,000070,5,13.45,13.48,13.4,13.4,10450000,140301568.0
2025-12-04 09:35:00,2025-12-04,20251204093500000,000070,5,12.71,13.12,12.71,13.1,23839600,306577152.0
2025-12-04 09:40:00,2025-12-04,20251204094000000,000070,5,13.1,13.1,12.35,12.48,16030400,203253472.0
2025-12-04 09:45:00,2025-12-04,20251204094500000,000070,5,12.5,12.58,12.25,12.27,13730500,169709344.0
2025-12-04 09:50:00,2025-12-04,20251204095000000,000070,5,12.27,12.32,12.14,12.22,12163900,148662272.0
2025-12-04 09:55:00,2025-12-04,20251204095500000,000070,5,12.23,12.26,12.12,12.15,7962600,96920640.0
2025-12-04 10:00:00,2025-12-04,20251204100000000,000070,5,12.16,12.33,12.15,12.21,5161100,63155264.0
2025-12-04 10:05:00,2025-12-04,20251204100500000,000070,5,12.22,12.39,12.22,12.37,4127100,50820480.0
2025-12-04 10:10:00,2025-12-04,20251204101000000,000070,5,12.38,12.41,12.25,12.3,3296100,40613760.0
2025-12-04 10:15:00,2025-12-04,20251204101500000,000070,5,12.3,13.02,12.22,12.92,12806300,162463744.0
2025-12-04 10:20:00,2025-12-04,20251204102000000,000070,5,12.92,13.68,12.9,13.6,19707200,262062976.0
2025-12-04 10:25:00,2025-12-04,20251204102500000,000070,5,13.56,13.62,13.21,13.5,11478700,154847232.0
2025-12-04 10:30:00,2025-12-04,20251204103000000,000070,5,13.49,13.6,13.27,13.5,5243500,70459392.0
2025-12-04 10:35:00,2025-12-04,20251204103500000,000070,5,13.5,13.86,13.43,13.8,12094600,166098048.0
2025-12-04 10:40:00,2025-12-04,20251204104000000,000070,5,13.83,13.97,13.67,13.71,5942500,82304640.0
2025-12-04 10:45:00,2025-12-04,20251204104500000,000070,5,13.7,13.7,13.51,13.61,3100000,42181376.0
2025-12-04 10:50:00,2025-12-04,20251204105000000,000070,5,13.62,13.83,13.62,13.68,2788800,38319488.0
2025-12-04 10:55:00,2025-12-04,20251204105500000,000070,5,13.68,13.9,13.6,13.77,3247400,44710912.0
2025-12-04 11:00:00,2025-12-04,20251204110000000,000070,5,13.77,13.87,13.7,13.8,1909900,26323200.0
2025-12-04 11:05:00,2025-12-04,20251204110500000,000070,5,13.83,13.83,13.68,13.71,1682200,23112064.0
2025-12-04 11:10:00,2025-12-04,20251204111000000,000070,5,13.71,13.8,13.6,13.73,2080800,28535808.0
2025-12-04 11:15:00,2025-12-04,20251204111500000,000070,5,13.72,13.83,13.69,13.72,2049600,28221440.0
2025-12-04 11:20:00,2025-12-04,20251204112000000,000070,5,13.72,13.77,13.67,13.67,1691200,23241472.0
2025-12-04 11:25:00,2025-12-04,20251204112500000,000070,5,13.66,13.71,13.53,13.56,1679800,22856192.0
2025-12-04 11:30:00,2025-12-04,20251204113000000,000070,5,13.56,13.59,13.38,13.4,2681000,36090880.0
2025-12-04 13:05:00,2025-12-04,20251204130500000,000070,5,13.43,13.45,13.21,13.32,2109800,28145408.0
2025-12-04 13:10:00,2025-12-04,20251204131000000,000070,5,13.32,13.35,13.2,13.24,1386100,18405888.0
2025-12-04 13:15:00,2025-12-04,20251204131500000,000070,5,13.26,13.29,13.07,13.07,1939600,25570304.0
2025-12-04 13:20:00,2025-12-04,20251204132000000,000070,5,13.08,13.31,13.08,13.31,2763500,36438528.0
2025-12-04 13:25:00,2025-12-04,20251204132500000,000070,5,13.21,13.29,13.16,13.16,1048100,13863424.0
2025-12-04 13:30:00,2025-12-04,20251204133000000,000070,5,13.17,13.2,13.1,13.1,1139200,14979840.0
2025-12-04 13:35:00,2025-12-04,20251204133500000,000070,5,13.1,13.23,13.05,13.15,2226400,29197568.0
2025-12-04 13:40:00,2025-12-04,20251204134000000,000070,5,13.16,13.19,13.13,13.15,822300,10820864.0
2025-12-04 13:45:00,2025-12-04,20251204134500000,000070,5,13.1,13.24,13.08,13.18,1646000,21624320.0
2025-12-04 13:50:00,2025-12-04,20251204135000000,000070,5,13.17,13.18,13.08,13.1,1275800,16741888.0
2025-12-04 13:55:00,2025-12-04,20251204135500000,000070,5,13.1,13.22,13.08,13.1,1125700,14759680.0
2025-12-04 14:00:00,2025-12-04,20251204140000000,000070,5,13.04,13.15,13.03,13.05,1577500,20609024.0
2025-12-04 14:05:00,2025-12-04,20251204140500000,000070,5,13.05,13.19,13.03,13.08,1679500,21972480.0
2025-12-04 14:10:00,2025-12-04,20251204141000000,000070,5,13.07,13.12,12.96,12.96,2376400,30967040.0
2025-12-04 14:15:00,2025-12-04,20251204141500000,000070,5,12.95,13.19,12.95,13.07,2169100,28371200.0
2025-12-04 14:20:00,2025-12-04,20251204142000000,000070,5,13.05,13.11,13.0,13.08,1274800,16639232.0
2025-12-04 14:25:00,2025-12-04,20251204142500000,000070,5,13.08,13.1,13.01,13.02,1349500,17619206.0
2025-12-04 14:30:00,2025-12-04,20251204143000000,000070,5,13.02,13.18,13.02,13.07,1893900,24778234.0
2025-12-04 14:35:00,2025-12-04,20251204143500000,000070,5,13.08,13.19,13.08,13.13,2158300,28368640.0
2025-12-04 14:40:00,2025-12-04,20251204144000000,000070,5,13.13,13.14,13.06,13.09,1979000,25935872.0
2025-12-04 14:45:00,2025-12-04,20251204144500000,000070,5,13.1,13.17,13.09,13.13,2621300,34385408.0
2025-12-04 14:50:00,2025-12-04,20251204145000000,000070,5,13.14,13.17,13.07,13.1,3259700,42754560.0
2025-12-04 14:55:00,2025-12-04,20251204145500000,000070,5,13.09,13.15,13.03,13.12,5224900,68367616.0
2025-12-04 15:00:00,2025-12-04,20251204150000000,000070,5,13.12,13.12,13.06,13.07,5882500,76935936.0
2025-12-05 09:35:00,2025-12-05,20251205093500000,000070,5,13.08,13.13,12.75,12.82,16858600,218742080.0
2025-12-05 09:40:00,2025-12-05,20251205094000000,000070,5,12.81,13.03,12.76,13.01,8305800,106890496.0
2025-12-05 09:45:00,2025-12-05,20251205094500000,000070,5,12.97,13.66,12.94,13.58,30582700,413522880.0
2025-12-05 09:50:00,2025-12-05,20251205095000000,000070,5,13.57,13.79,13.46,13.56,16599600,226592128.0
2025-12-05 09:55:00,2025-12-05,20251205095500000,000070,5,13.54,13.76,13.48,13.52,8626200,117195648.0
2025-12-05 10:00:00,2025-12-05,20251205100000000,000070,5,13.52,13.6,13.43,13.56,6250700,84410119.0
2025-12-05 10:05:00,2025-12-05,20251205100500000,000070,5,13.56,13.56,13.41,13.42,4056300,54641663.0
2025-12-05 10:10:00,2025-12-05,20251205101000000,000070,5,13.42,13.5,13.36,13.49,4729200,63496960.0
2025-12-05 10:15:00,2025-12-05,20251205101500000,000070,5,13.5,13.55,13.38,13.38,3807400,51311870.0
2025-12-05 10:20:00,2025-12-05,20251205102000000,000070,5,13.38,13.44,13.27,13.37,3750400,50095102.0
2025-12-05 10:25:00,2025-12-05,20251205102500000,000070,5,13.37,13.47,13.37,13.45,2697000,36202881.0
2025-12-05 10:30:00,2025-12-05,20251205103000000,000070,5,13.44,13.44,13.3,13.3,2112800,28211972.0
2025-12-05 10:35:00,2025-12-05,20251205103500000,000070,5,13.32,13.39,13.3,13.36,2599700,34665081.0
2025-12-05 10:40:00,2025-12-05,20251205104000000,000070,5,13.36,13.48,13.36,13.43,1956600,26237688.0
2025-12-05 10:45:00,2025-12-05,20251205104500000,000070,5,13.45,13.48,13.4,13.46,2024100,27237512.0
2025-12-05 10:50:00,2025-12-05,20251205105000000,000070,5,13.46,13.7,13.42,13.64,4776800,64850048.0
2025-12-05 10:55:00,2025-12-05,20251205105500000,000070,5,13.63,14.38,13.63,14.38,30175600,423242112.0
2025-12-05 11:00:00,2025-12-05,20251205110000000,000070,5,14.38,14.38,14.38,14.38,11217300,161305984.0
2025-12-05 11:05:00,2025-12-05,20251205110500000,000070,5,14.38,14.38,14.38,14.38,1372100,19730688.0
2025-12-05 11:10:00,2025-12-05,20251205111000000,000070,5,14.38,14.38,14.38,14.38,827900,11905280.0
2025-12-05 11:15:00,2025-12-05,20251205111500000,000070,5,14.38,14.38,14.38,14.38,638100,9175808.0
2025-12-05 11:20:00,2025-12-05,20251205112000000,000070,5,14.38,14.38,14.38,14.38,628200,9033472.0
2025-12-05 11:25:00,2025-12-05,20251205112500000,000070,5,14.38,14.38,14.38,14.38,410600,5904384.0
2025-12-05 11:30:00,2025-12-05,20251205113000000,000070,5,14.38,14.38,14.38,14.38,326700,4698112.0
2025-12-05 13:05:00,2025-12-05,20251205130500000,000070,5,14.38,14.38,14.38,14.38,697500,10029824.0
2025-12-05 13:10:00,2025-12-05,20251205131000000,000070,5,14.38,14.38,14.38,14.38,279900,4025088.0
2025-12-05 13:15:00,2025-12-05,20251205131500000,000070,5,14.38,14.38,14.38,14.38,171700,2469120.0
2025-12-05 13:20:00,2025-12-05,20251205132000000,000070,5,14.38,14.38,14.38,14.38,107000,1538560.0
2025-12-05 13:25:00,2025-12-05,20251205132500000,000070,5,14.38,14.38,14.38,14.38,108400,1558784.0
2025-12-05 13:30:00,2025-12-05,20251205133000000,000070,5,14.38,14.38,14.38,14.38,199600,2870272.0
2025-12-05 13:35:00,2025-12-05,20251205133500000,000070,5,14.38,14.38,14.38,14.38,216700,3116032.0
2025-12-05 13:40:00,2025-12-05,20251205134000000,000070,5,14.38,14.38,14.38,14.38,120500,1732864.0
2025-12-05 13:45:00,2025-12-05,20251205134500000,000070,5,14.38,14.38,14.38,14.38,137100,1971456.0
2025-12-05 13:50:00,2025-12-05,20251205135000000,000070,5,14.38,14.38,14.38,14.38,92500,1330176.0
2025-12-05 13:55:00,2025-12-05,20251205135500000,000070,5,14.38,14.38,14.38,14.38,161900,2327552.0
2025-12-05 14:00:00,2025-12-05,20251205140000000,000070,5,14.38,14.38,14.38,14.38,106300,1528576.0
2025-12-05 14:05:00,2025-12-05,20251205140500000,000070,5,14.38,14.38,14.38,14.38,184700,2656000.0
2025-12-05 14:10:00,2025-12-05,20251205141000000,000070,5,14.38,14.38,14.38,14.38,119100,1712640.0
2025-12-05 14:15:00,2025-12-05,20251205141500000,000070,5,14.38,14.38,14.38,14.38,111400,1602560.0
2025-12-05 14:20:00,2025-12-05,20251205142000000,000070,5,14.38,14.38,14.38,14.38,72000,1035264.0
2025-12-05 14:25:00,2025-12-05,20251205142500000,000070,5,14.38,14.38,14.38,14.38,84000,1208064.0
2025-12-05 14:30:00,2025-12-05,20251205143000000,000070,5,14.38,14.38,14.38,14.38,101900,1465344.0
2025-12-05 14:35:00,2025-12-05,20251205143500000,000070,5,14.38,14.38,14.38,14.38,89900,1292544.0
2025-12-05 14:40:00,2025-12-05,20251205144000000,000070,5,14.38,14.38,14.38,14.38,338000,4860416.0
2025-12-05 14:45:00,2025-12-05,20251205144500000,000070,5,14.38,14.38,14.38,14.38,350400,5038848.0
2025-12-05 14:50:00,2025-12-05,20251205145000000,000070,5,14.38,14.38,14.38,14.38,172700,2482432.0
2025-12-05 14:55:00,2025-12-05,20251205145500000,000070,5,14.38,14.38,14.38,14.38,308400,4434688.0
2025-12-05 15:00:00,2025-12-05,20251205150000000,000070,5,14.38,14.38,14.38,14.38,264000,3796224.0
2025-12-08 09:35:00,2025-12-08,20251208093500000,000070,5,15.41,15.57,14.61,14.61,65997700,1002907072.0
2025-12-08 09:40:00,2025-12-08,20251208094000000,000070,5,14.61,14.97,14.61,14.8,18128300,268540096.0
2025-12-08 09:45:00,2025-12-08,20251208094500000,000070,5,14.78,14.9,14.61,14.82,12856800,189796352.0
2025-12-08 09:50:00,2025-12-08,20251208095000000,000070,5,14.82,15.13,14.75,14.92,12712600,190534144.0
2025-12-08 09:55:00,2025-12-08,20251208095500000,000070,5,14.92,14.99,14.78,14.78,6430100,95609984.0
2025-12-08 10:00:00,2025-12-08,20251208100000000,000070,5,14.79,15.0,14.79,14.94,6770700,100852352.0
2025-12-08 10:05:00,2025-12-08,20251208100500000,000070,5,14.94,15.07,14.93,15.01,6309700,94675334.0
2025-12-08 10:10:00,2025-12-08,20251208101000000,000070,5,15.03,15.82,15.03,15.82,23513000,365682938.0
2025-12-08 10:15:00,2025-12-08,20251208101500000,000070,5,15.82,15.82,15.82,15.82,1710200,27055616.0
2025-12-08 10:20:00,2025-12-08,20251208102000000,000070,5,15.82,15.82,15.82,15.82,652500,10321664.0
2025-12-08 10:25:00,2025-12-08,20251208102500000,000070,5,15.82,15.82,15.82,15.82,656500,10385664.0
2025-12-08 10:30:00,2025-12-08,20251208103000000,000070,5,15.82,15.82,15.82,15.82,381500,6035456.0
2025-12-08 10:35:00,2025-12-08,20251208103500000,000070,5,15.82,15.82,15.58,15.82,22672000,358328064.0
2025-12-08 10:40:00,2025-12-08,20251208104000000,000070,5,15.82,15.82,15.82,15.82,540000,8542976.0
2025-12-08 10:45:00,2025-12-08,20251208104500000,000070,5,15.82,15.82,15.82,15.82,266500,4216064.0
2025-12-08 10:50:00,2025-12-08,20251208105000000,000070,5,15.82,15.82,15.82,15.82,228100,3608576.0
2025-12-08 10:55:00,2025-12-08,20251208105500000,000070,5,15.82,15.82,15.82,15.82,177300,2803968.0
2025-12-08 11:00:00,2025-12-08,20251208110000000,000070,5,15.82,15.82,15.82,15.82,138800,2195712.0
2025-12-08 11:05:00,2025-12-08,20251208110500000,000070,5,15.82,15.82,15.82,15.82,121400,1920512.0
2025-12-08 11:10:00,2025-12-08,20251208111000000,000070,5,15.82,15.82,15.82,15.82,115700,1830400.0
2025-12-08 11:15:00,2025-12-08,20251208111500000,000070,5,15.82,15.82,15.82,15.82,104300,1649920.0
2025-12-08 11:20:00,2025-12-08,20251208112000000,000070,5,15.82,15.82,15.82,15.82,85300,1349376.0
2025-12-08 11:25:00,2025-12-08,20251208112500000,000070,5,15.82,15.82,15.82,15.82,68300,1080576.0
2025-12-08 11:30:00,2025-12-08,20251208113000000,000070,5,15.82,15.82,15.82,15.82,76000,1202432.0
2025-12-08 13:05:00,2025-12-08,20251208130500000,000070,5,15.82,15.82,15.82,15.82,274900,4349696.0
2025-12-08 13:10:00,2025-12-08,20251208131000000,000070,5,15.82,15.82,15.82,15.82,51100,808448.0
2025-12-08 13:15:00,2025-12-08,20251208131500000,000070,5,15.82,15.82,15.82,15.82,50900,804352.0
2025-12-08 13:20:00,2025-12-08,20251208132000000,000070,5,15.82,15.82,15.82,15.82,67200,1063168.0
2025-12-08 13:25:00,2025-12-08,20251208132500000,000070,5,15.82,15.82,15.82,15.82,67700,1070848.0
2025-12-08 13:30:00,2025-12-08,20251208133000000,000070,5,15.82,15.82,15.82,15.82,59800,946176.0
2025-12-08 13:35:00,2025-12-08,20251208133500000,000070,5,15.82,15.82,15.82,15.82,50100,793856.0
2025-12-08 13:40:00,2025-12-08,20251208134000000,000070,5,15.82,15.82,15.82,15.82,77300,1222912.0
2025-12-08 13:45:00,2025-12-08,20251208134500000,000070,5,15.82,15.82,15.82,15.82,47600,752896.0
2025-12-08 13:50:00,2025-12-08,20251208135000000,000070,5,15.82,15.82,15.82,15.82,30800,487424.0
2025-12-08 13:55:00,2025-12-08,20251208135500000,000070,5,15.82,15.82,15.82,15.82,32300,509696.0
2025-12-08 14:00:00,2025-12-08,20251208140000000,000070,5,15.82,15.82,15.31,15.42,13962600,218629888.0
2025-12-08 14:05:00,2025-12-08,20251208140500000,000070,5,15.41,15.54,15.25,15.35,15471500,238004736.0
2025-12-08 14:10:00,2025-12-08,20251208141000000,000070,5,15.35,15.39,14.82,15.0,13647500,205992960.0
2025-12-08 14:15:00,2025-12-08,20251208141500000,000070,5,15.0,15.22,14.87,14.99,9843600,148174080.0
2025-12-08 14:20:00,2025-12-08,20251208142000000,000070,5,14.86,15.06,14.78,14.99,9676200,144369408.0
2025-12-08 14:25:00,2025-12-08,20251208142500000,000070,5,14.99,14.99,14.78,14.82,5195100,77260544.0
2025-12-08 14:30:00,2025-12-08,20251208143000000,000070,5,14.82,14.97,14.74,14.74,4244800,63095040.0
2025-12-08 14:35:00,2025-12-08,20251208143500000,000070,5,14.74,14.91,14.73,14.87,5660700,83872256.0
2025-12-08 14:40:00,2025-12-08,20251208144000000,000070,5,14.87,14.87,14.75,14.8,4579300,67797504.0
2025-12-08 14:45:00,2025-12-08,20251208144500000,000070,5,14.79,14.85,14.69,14.74,7268400,107222016.0
2025-12-08 14:50:00,2025-12-08,20251208145000000,000070,5,14.75,14.81,14.72,14.72,6880000,101586944.0
2025-12-08 14:55:00,2025-12-08,20251208145500000,000070,5,14.76,14.8,14.63,14.66,13087700,192344832.0
2025-12-08 15:00:00,2025-12-08,20251208150000000,000070,5,14.71,14.73,14.61,14.61,14246300,208752128.0
2025-12-09 09:35:00,2025-12-09,20251209093500000,000070,5,14.56,14.62,13.54,13.59,50084200,702597248.0
2025-12-09 09:40:00,2025-12-09,20251209094000000,000070,5,13.62,13.68,13.46,13.55,22150300,300652352.0
2025-12-09 09:45:00,2025-12-09,20251209094500000,000070,5,13.56,14.1,13.55,13.98,19959700,275348544.0
2025-12-09 09:50:00,2025-12-09,20251209095000000,000070,5,14.08,14.14,13.78,13.79,12723200,177729158.0
2025-12-09 09:55:00,2025-12-09,20251209095500000,000070,5,13.72,13.84,13.66,13.79,6245400,85638138.0
2025-12-09 10:00:00,2025-12-09,20251209100000000,000070,5,13.77,13.77,13.66,13.68,4435000,60842752.0
2025-12-09 10:05:00,2025-12-09,20251209100500000,000070,5,13.67,13.79,13.56,13.79,6255200,85211136.0
2025-12-09 10:10:00,2025-12-09,20251209101000000,000070,5,13.79,14.15,13.68,14.07,9980600,138861056.0
2025-12-09 10:15:00,2025-12-09,20251209101500000,000070,5,14.09,14.17,13.9,13.93,5847100,82357376.0
2025-12-09 10:20:00,2025-12-09,20251209102000000,000070,5,13.92,13.97,13.87,13.9,2133300,29670136.0
2025-12-09 10:25:00,2025-12-09,20251209102500000,000070,5,13.91,13.91,13.71,13.73,2509100,34674824.0
2025-12-09 10:30:00,2025-12-09,20251209103000000,000070,5,13.72,13.73,13.66,13.67,2705900,37063552.0
2025-12-09 10:35:00,2025-12-09,20251209103500000,000070,5,13.68,13.76,13.63,13.63,3359600,46045312.0
2025-12-09 10:40:00,2025-12-09,20251209104000000,000070,5,13.63,13.74,13.6,13.72,2852700,38957312.0
2025-12-09 10:45:00,2025-12-09,20251209104500000,000070,5,13.69,13.79,13.67,13.72,1882100,25833216.0
2025-12-09 10:50:00,2025-12-09,20251209105000000,000070,5,13.7,13.92,13.62,13.87,3041900,41723520.0
2025-12-09 10:55:00,2025-12-09,20251209105500000,000070,5,13.83,14.02,13.82,13.82,3203300,44635388.0
2025-12-09 11:00:00,2025-12-09,20251209110000000,000070,5,13.81,13.85,13.75,13.79,1161900,16043012.0
2025-12-09 11:05:00,2025-12-09,20251209110500000,000070,5,13.72,13.77,13.7,13.72,1288000,17687552.0
2025-12-09 11:10:00,2025-12-09,20251209111000000,000070,5,13.74,13.83,13.68,13.83,1717900,23608064.0
2025-12-09 11:15:00,2025-12-09,20251209111500000,000070,5,13.83,13.92,13.77,13.81,1644200,22735872.0
2025-12-09 11:20:00,2025-12-09,20251209112000000,000070,5,13.82,14.03,13.81,13.9,2312000,32189952.0
2025-12-09 11:25:00,2025-12-09,20251209112500000,000070,5,13.9,13.91,13.81,13.82,1009300,13987843.0
2025-12-09 11:30:00,2025-12-09,20251209113000000,000070,5,13.82,13.82,13.74,13.82,1673600,23062013.0
2025-12-09 13:05:00,2025-12-09,20251209130500000,000070,5,13.82,13.82,13.7,13.71,2451900,33719040.0
2025-12-09 13:10:00,2025-12-09,20251209131000000,000070,5,13.71,13.86,13.66,13.72,1856000,25459968.0
2025-12-09 13:15:00,2025-12-09,20251209131500000,000070,5,13.71,13.76,13.66,13.67,2360100,32353536.0
2025-12-09 13:20:00,2025-12-09,20251209132000000,000070,5,13.67,13.68,13.58,13.6,3727300,50791680.0
2025-12-09 13:25:00,2025-12-09,20251209132500000,000070,5,13.58,13.63,13.55,13.55,3313900,45020160.0
2025-12-09 13:30:00,2025-12-09,20251209133000000,000070,5,13.55,13.63,13.49,13.59,5694100,77060608.0
2025-12-09 13:35:00,2025-12-09,20251209133500000,000070,5,13.6,13.63,13.56,13.59,2338500,31788544.0
2025-12-09 13:40:00,2025-12-09,20251209134000000,000070,5,13.6,13.61,13.56,13.57,1616400,21954304.0
2025-12-09 13:45:00,2025-12-09,20251209134500000,000070,5,13.57,13.63,13.51,13.62,2168000,29403136.0
2025-12-09 13:50:00,2025-12-09,20251209135000000,000070,5,13.62,13.67,13.57,13.59,1666900,22689280.0
2025-12-09 13:55:00,2025-12-09,20251209135500000,000070,5,13.6,13.6,13.55,13.55,1564200,21226752.0
2025-12-09 14:00:00,2025-12-09,20251209140000000,000070,5,13.56,13.65,13.55,13.62,1152100,15675904.0
2025-12-09 14:05:00,2025-12-09,20251209140500000,000070,5,13.62,13.64,13.58,13.62,1317200,17919488.0
2025-12-09 14:10:00,2025-12-09,20251209141000000,000070,5,13.62,13.75,13.61,13.72,1996400,27295232.0
2025-12-09 14:15:00,2025-12-09,20251209141500000,000070,5,13.72,13.72,13.58,13.59,1642100,22392832.0
2025-12-09 14:20:00,2025-12-09,20251209142000000,000070,5,13.6,13.65,13.55,13.64,2168200,29438720.0
2025-12-09 14:25:00,2025-12-09,20251209142500000,000070,5,13.64,13.71,13.6,13.63,1649000,22511104.0
2025-12-09 14:30:00,2025-12-09,20251209143000000,000070,5,13.63,13.71,13.61,13.61,1871900,25563136.0
2025-12-09 14:35:00,2025-12-09,20251209143500000,000070,5,13.61,13.64,13.56,13.56,2457500,33386240.0
2025-12-09 14:40:00,2025-12-09,20251209144000000,000070,5,13.57,13.6,13.55,13.58,3491600,47374592.0
2025-12-09 14:45:00,2025-12-09,20251209144500000,000070,5,13.56,13.61,13.56,13.59,2696500,36635904.0
2025-12-09 14:50:00,2025-12-09,20251209145000000,000070,5,13.59,13.59,13.53,13.56,4820800,65338368.0
2025-12-09 14:55:00,2025-12-09,20251209145500000,000070,5,13.59,13.6,13.5,13.52,8684700,117626624.0
2025-12-09 15:00:00,2025-12-09,20251209150000000,000070,5,13.51,13.55,13.5,13.5,8880400,120048128.0
2025-12-10 09:35:00,2025-12-10,20251210093500000,000070,5,13.66,14.5,13.66,14.04,57018600,801077880.0
2025-12-10 09:40:00,2025-12-10,20251210094000000,000070,5,14.03,14.22,14.01,14.18,16434900,231681352.0
2025-12-10 09:45:00,2025-12-10,20251210094500000,000070,5,14.14,14.43,14.06,14.2,14726300,209377984.0
2025-12-10 09:50:00,2025-12-10,20251210095000000,000070,5,14.2,14.2,13.91,14.09,8690900,122182656.0
2025-12-10 09:55:00,2025-12-10,20251210095500000,000070,5,14.07,14.09,13.95,13.98,6089300,85452160.0
2025-12-10 10:00:00,2025-12-10,20251210100000000,000070,5,13.99,14.03,13.88,13.88,4788700,66846976.0
2025-12-10 10:05:00,2025-12-10,20251210100500000,000070,5,13.86,13.95,13.81,13.9,4662500,64807552.0
2025-12-10 10:10:00,2025-12-10,20251210101000000,000070,5,13.9,14.06,13.88,13.96,3346800,46769024.0
2025-12-10 10:15:00,2025-12-10,20251210101500000,000070,5,13.96,13.96,13.87,13.9,2163000,30092032.0
2025-12-10 10:20:00,2025-12-10,20251210102000000,000070,5,13.9,13.98,13.9,13.95,1477600,20599424.0
2025-12-10 10:25:00,2025-12-10,20251210102500000,000070,5,13.95,14.07,13.92,13.92,2564200,35944320.0
2025-12-10 10:30:00,2025-12-10,20251210103000000,000070,5,13.91,13.99,13.9,13.91,1465400,20401920.0
2025-12-10 10:35:00,2025-12-10,20251210103500000,000070,5,13.91,13.93,13.87,13.91,1769500,24589056.0
2025-12-10 10:40:00,2025-12-10,20251210104000000,000070,5,13.95,13.98,13.91,13.93,1273000,17759232.0
2025-12-10 10:45:00,2025-12-10,20251210104500000,000070,5,13.93,13.94,13.88,13.9,1066700,14836224.0
2025-12-10 10:50:00,2025-12-10,20251210105000000,000070,5,13.9,13.94,13.85,13.9,2099400,29150720.0
2025-12-10 10:55:00,2025-12-10,20251210105500000,000070,5,13.9,14.02,13.89,13.96,2030700,28338432.0
2025-12-10 11:00:00,2025-12-10,20251210110000000,000070,5,13.95,13.98,13.9,13.9,1047400,14604160.0
2025-12-10 11:05:00,2025-12-10,20251210110500000,000070,5,13.91,13.92,13.82,13.82,1873500,25994624.0
2025-12-10 11:10:00,2025-12-10,20251210111000000,000070,5,13.83,13.86,13.81,13.82,1800900,24892416.0
2025-12-10 11:15:00,2025-12-10,20251210111500000,000070,5,13.82,13.82,13.7,13.73,2903100,39917824.0
2025-12-10 11:20:00,2025-12-10,20251210112000000,000070,5,13.73,13.8,13.7,13.76,1547100,21281024.0
2025-12-10 11:25:00,2025-12-10,20251210112500000,000070,5,13.77,13.8,13.72,13.72,1407600,19337856.0
2025-12-10 11:30:00,2025-12-10,20251210113000000,000070,5,13.71,13.72,13.65,13.71,2463200,33719936.0
2025-12-10 13:05:00,2025-12-10,20251210130500000,000070,5,13.7,13.75,13.7,13.71,1692700,23215872.0
2025-12-10 13:10:00,2025-12-10,20251210131000000,000070,5,13.72,13.74,13.71,13.72,1031600,14157056.0
2025-12-10 13:15:00,2025-12-10,20251210131500000,000070,5,13.72,13.73,13.62,13.63,2233200,30503808.0
2025-12-10 13:20:00,2025-12-10,20251210132000000,000070,5,13.63,13.7,13.63,13.68,1611500,22033408.0
2025-12-10 13:25:00,2025-12-10,20251210132500000,000070,5,13.68,13.68,13.59,13.59,2372900,32318848.0
2025-12-10 13:30:00,2025-12-10,20251210133000000,000070,5,13.59,13.67,13.59,13.66,1647900,22458112.0
2025-12-10 13:35:00,2025-12-10,20251210133500000,000070,5,13.65,13.7,13.61,13.7,1696600,23158784.0
2025-12-10 13:40:00,2025-12-10,20251210134000000,000070,5,13.71,13.74,13.67,13.7,1723900,23630080.0
2025-12-10 13:45:00,2025-12-10,20251210134500000,000070,5,13.69,13.76,13.69,13.74,1425400,19567872.0
2025-12-10 13:50:00,2025-12-10,20251210135000000,000070,5,13.73,13.8,13.72,13.77,1784800,24554496.0
2025-12-10 13:55:00,2025-12-10,20251210135500000,000070,5,13.78,13.84,13.77,13.79,1753900,24206848.0
2025-12-10 14:00:00,2025-12-10,20251210140000000,000070,5,13.81,14.19,13.81,13.99,6769600,95032064.0
2025-12-10 14:05:00,2025-12-10,20251210140500000,000070,5,14.0,14.03,13.86,13.92,2514300,35052803.0
2025-12-10 14:10:00,2025-12-10,20251210141000000,000070,5,13.92,14.85,13.91,14.85,34008700,496884477.0
2025-12-10 14:15:00,2025-12-10,20251210141500000,000070,5,14.85,14.85,14.85,14.85,3297900,48973824.0
2025-12-10 14:20:00,2025-12-10,20251210142000000,000070,5,14.85,14.85,14.85,14.85,1775500,26366464.0
2025-12-10 14:25:00,2025-12-10,20251210142500000,000070,5,14.85,14.85,14.85,14.85,1121100,16648192.0
2025-12-10 14:30:00,2025-12-10,20251210143000000,000070,5,14.85,14.85,14.85,14.85,658900,9784576.0
2025-12-10 14:35:00,2025-12-10,20251210143500000,000070,5,14.85,14.85,14.85,14.85,489100,7263232.0
2025-12-10 14:40:00,2025-12-10,20251210144000000,000070,5,14.85,14.85,14.85,14.85,440600,6542848.0
2025-12-10 14:45:00,2025-12-10,20251210144500000,000070,5,14.85,14.85,14.85,14.85,415700,6173184.0
2025-12-10 14:50:00,2025-12-10,20251210145000000,000070,5,14.85,14.85,14.85,14.85,350100,5199872.0
2025-12-10 14:55:00,2025-12-10,20251210145500000,000070,5,14.85,14.85,14.85,14.85,350200,5200640.0
2025-12-10 15:00:00,2025-12-10,20251210150000000,000070,5,14.85,14.85,14.85,14.85,1511400,22444288.0
2025-12-11 09:35:00,2025-12-11,20251211093500000,000070,5,15.55,15.75,14.37,14.45,59863300,910346880.0
2025-12-11 09:40:00,2025-12-11,20251211094000000,000070,5,14.5,14.5,14.2,14.23,15300700,219407488.0
2025-12-11 09:45:00,2025-12-11,20251211094500000,000070,5,14.23,14.42,14.11,14.33,10018300,142746624.0
2025-12-11 09:50:00,2025-12-11,20251211095000000,000070,5,14.35,14.87,14.35,14.55,14231800,207721856.0
2025-12-11 09:55:00,2025-12-11,20251211095500000,000070,5,14.55,14.56,14.3,14.38,4112000,59274880.0
2025-12-11 10:00:00,2025-12-11,20251211100000000,000070,5,14.38,14.5,14.35,14.43,3073600,44296576.0
2025-12-11 10:05:00,2025-12-11,20251211100500000,000070,5,14.42,14.42,14.29,14.3,3123700,44827392.0
2025-12-11 10:10:00,2025-12-11,20251211101000000,000070,5,14.22,14.26,14.12,14.26,5006400,71060736.0
2025-12-11 10:15:00,2025-12-11,20251211101500000,000070,5,14.27,14.39,14.19,14.34,3095700,44188160.0
2025-12-11 10:20:00,2025-12-11,20251211102000000,000070,5,14.27,14.33,14.26,14.31,1646700,23530496.0
2025-12-11 10:25:00,2025-12-11,20251211102500000,000070,5,14.31,14.4,14.2,14.22,3464000,49442816.0
2025-12-11 10:30:00,2025-12-11,20251211103000000,000070,5,14.23,14.28,14.12,14.18,3392500,48170880.0
2025-12-11 10:35:00,2025-12-11,20251211103500000,000070,5,14.19,14.23,14.17,14.2,2667200,37847168.0
2025-12-11 10:40:00,2025-12-11,20251211104000000,000070,5,14.12,14.2,14.09,14.18,3983400,56291200.0
2025-12-11 10:45:00,2025-12-11,20251211104500000,000070,5,14.18,14.23,14.14,14.18,1688200,23942912.0
2025-12-11 10:50:00,2025-12-11,20251211105000000,000070,5,14.18,14.2,14.1,14.2,2512100,35528704.0
2025-12-11 10:55:00,2025-12-11,20251211105500000,000070,5,14.2,14.2,14.13,14.15,1084000,15352448.0
2025-12-11 11:00:00,2025-12-11,20251211110000000,000070,5,14.13,14.13,13.94,13.94,6588700,92539264.0
2025-12-11 11:05:00,2025-12-11,20251211110500000,000070,5,13.94,14.04,13.93,13.99,2135400,29885440.0
2025-12-11 11:10:00,2025-12-11,20251211111000000,000070,5,13.98,14.06,13.96,14.05,2608500,36548096.0
2025-12-11 11:15:00,2025-12-11,20251211111500000,000070,5,14.05,14.05,14.0,14.01,1532500,21483520.0
2025-12-11 11:20:00,2025-12-11,20251211112000000,000070,5,14.03,14.07,14.02,14.03,1469200,20625920.0
2025-12-11 11:25:00,2025-12-11,20251211112500000,000070,5,14.03,14.06,13.97,13.97,2016900,28258304.0
2025-12-11 11:30:00,2025-12-11,20251211113000000,000070,5,13.98,13.99,13.93,13.96,1878400,26217728.0
2025-12-11 13:05:00,2025-12-11,20251211130500000,000070,5,13.95,13.97,13.86,13.88,3458300,48102912.0
2025-12-11 13:10:00,2025-12-11,20251211131000000,000070,5,13.89,13.91,13.82,13.82,2240700,31059456.0
2025-12-11 13:15:00,2025-12-11,20251211131500000,000070,5,13.82,13.88,13.8,13.88,2013000,27834624.0
2025-12-11 13:20:00,2025-12-11,20251211132000000,000070,5,13.88,13.9,13.74,13.8,3485000,48124672.0
2025-12-11 13:25:00,2025-12-11,20251211132500000,000070,5,13.79,13.81,13.73,13.74,1942000,26727936.0
2025-12-11 13:30:00,2025-12-11,20251211133000000,000070,5,13.74,13.78,13.6,13.68,3734300,51096576.0
2025-12-11 13:35:00,2025-12-11,20251211133500000,000070,5,13.69,13.73,13.61,13.7,2711400,37065472.0
2025-12-11 13:40:00,2025-12-11,20251211134000000,000070,5,13.72,13.73,13.58,13.59,3767600,51430144.0
2025-12-11 13:45:00,2025-12-11,20251211134500000,000070,5,13.59,13.62,13.51,13.51,3014000,40930304.0
2025-12-11 13:50:00,2025-12-11,20251211135000000,000070,5,13.53,13.6,13.5,13.59,2329100,31540992.0
2025-12-11 13:55:00,2025-12-11,20251211135500000,000070,5,13.59,13.61,13.52,13.52,3178700,43115520.0
2025-12-11 14:00:00,2025-12-11,20251211140000000,000070,5,13.54,13.56,13.5,13.54,2681800,36262144.0
2025-12-11 14:05:00,2025-12-11,20251211140500000,000070,5,13.54,13.59,13.52,13.56,1624700,22000128.0
2025-12-11 14:10:00,2025-12-11,20251211141000000,000070,5,13.57,13.62,13.49,13.61,4870000,65863168.0
2025-12-11 14:15:00,2025-12-11,20251211141500000,000070,5,13.63,13.72,13.56,13.56,3209700,43776256.0
2025-12-11 14:20:00,2025-12-11,20251211142000000,000070,5,13.56,13.56,13.44,13.47,4302200,57994496.0
2025-12-11 14:25:00,2025-12-11,20251211142500000,000070,5,13.47,13.47,13.38,13.38,5650100,75748352.0
2025-12-11 14:30:00,2025-12-11,20251211143000000,000070,5,13.39,13.45,13.37,13.42,9302100,124440320.0
2025-12-11 14:35:00,2025-12-11,20251211143500000,000070,5,13.43,13.47,13.37,13.44,4563300,61139712.0
2025-12-11 14:40:00,2025-12-11,20251211144000000,000070,5,13.42,13.44,13.37,13.37,3615200,48400384.0
2025-12-11 14:45:00,2025-12-11,20251211144500000,000070,5,13.37,13.38,13.37,13.37,3684100,49261056.0
2025-12-11 14:50:00,2025-12-11,20251211145000000,000070,5,13.37,13.39,13.37,13.37,4714300,63043584.0
2025-12-11 14:55:00,2025-12-11,20251211145500000,000070,5,13.37,13.37,13.37,13.37,3127300,41812224.0
2025-12-11 15:00:00,2025-12-11,20251211150000000,000070,5,13.37,13.38,13.37,13.37,3578600,47852800.0
2025-12-12 09:35:00,2025-12-12,20251212093500000,000070,5,12.84,13.54,12.84,13.02,28791900,377207296.0
2025-12-12 09:40:00,2025-12-12,20251212094000000,000070,5,13.03,13.07,12.68,12.68,13093400,168796096.0
2025-12-12 09:45:00,2025-12-12,20251212094500000,000070,5,12.71,12.88,12.61,12.78,11481200,145885376.0
2025-12-12 09:50:00,2025-12-12,20251212095000000,000070,5,12.77,12.83,12.52,12.52,7510300,95314563.0
2025-12-12 09:55:00,2025-12-12,20251212095500000,000070,5,12.51,12.8,12.51,12.72,5764500,72811453.0
2025-12-12 10:00:00,2025-12-12,20251212100000000,000070,5,12.72,12.8,12.69,12.78,3167500,40327939.0
2025-12-12 10:05:00,2025-12-12,20251212100500000,000070,5,12.78,12.79,12.65,12.65,5188600,65943286.0
2025-12-12 10:10:00,2025-12-12,20251212101000000,000070,5,12.65,12.8,12.63,12.71,3623600,46082634.0
2025-12-12 10:15:00,2025-12-12,20251212101500000,000070,5,12.71,12.87,12.71,12.81,3235500,41440192.0
2025-12-12 10:20:00,2025-12-12,20251212102000000,000070,5,12.82,12.95,12.82,12.9,3679100,47422527.0
2025-12-12 10:25:00,2025-12-12,20251212102500000,000070,5,12.89,12.89,12.79,12.8,1977300,25378433.0
2025-12-12 10:30:00,2025-12-12,20251212103000000,000070,5,12.79,13.01,12.79,12.97,2837000,36727549.0
2025-12-12 10:35:00,2025-12-12,20251212103500000,000070,5,12.96,13.02,12.92,12.92,2339400,30318979.0
2025-12-12 10:40:00,2025-12-12,20251212104000000,000070,5,12.93,13.1,12.88,13.1,2272100,29498621.0
2025-12-12 10:45:00,2025-12-12,20251212104500000,000070,5,13.09,13.12,12.96,13.12,3157000,41128064.0
2025-12-12 10:50:00,2025-12-12,20251212105000000,000070,5,13.12,13.25,13.09,13.17,4032100,53100672.0
2025-12-12 10:55:00,2025-12-12,20251212105500000,000070,5,13.2,13.37,13.15,13.18,3608300,47798912.0
2025-12-12 11:00:00,2025-12-12,20251212110000000,000070,5,13.21,13.3,13.19,13.21,1786100,23635456.0
2025-12-12 11:05:00,2025-12-12,20251212110500000,000070,5,13.2,13.22,13.16,13.19,1481600,19540992.0
2025-12-12 11:10:00,2025-12-12,20251212111000000,000070,5,13.19,13.19,12.95,13.07,2709600,35336960.0
2025-12-12 11:15:00,2025-12-12,20251212111500000,000070,5,13.06,13.06,12.94,13.01,1717500,22292612.0
2025-12-12 11:20:00,2025-12-12,20251212112000000,000070,5,13.02,13.02,12.97,12.97,944900,12273013.0
2025-12-12 11:25:00,2025-12-12,20251212112500000,000070,5,12.97,13.04,12.97,12.97,906400,11777921.0
2025-12-12 11:30:00,2025-12-12,20251212113000000,000070,5,12.96,13.09,12.95,13.08,968900,12593544.0
2025-12-12 13:05:00,2025-12-12,20251212130500000,000070,5,13.09,13.1,13.0,13.03,1428900,18658430.0
2025-12-12 13:10:00,2025-12-12,20251212131000000,000070,5,13.04,13.04,12.91,12.92,1773400,22960632.0
2025-12-12 13:15:00,2025-12-12,20251212131500000,000070,5,12.9,12.94,12.85,12.85,1982700,25553542.0
2025-12-12 13:20:00,2025-12-12,20251212132000000,000070,5,12.85,12.92,12.81,12.89,1805300,23192574.0
2025-12-12 13:25:00,2025-12-12,20251212132500000,000070,5,12.89,12.93,12.84,12.86,1157900,14916228.0
2025-12-12 13:30:00,2025-12-12,20251212133000000,000070,5,12.84,12.93,12.83,12.93,1070400,13787904.0
2025-12-12 13:35:00,2025-12-12,20251212133500000,000070,5,12.93,12.96,12.87,12.93,1124000,14512390.0
2025-12-12 13:40:00,2025-12-12,20251212134000000,000070,5,12.94,12.95,12.87,12.88,1105300,14242036.0
2025-12-12 13:45:00,2025-12-12,20251212134500000,000070,5,12.88,13.03,12.88,12.97,1244500,16128392.0
2025-12-12 13:50:00,2025-12-12,20251212135000000,000070,5,12.97,12.99,12.93,12.97,1040100,13467773.0
2025-12-12 13:55:00,2025-12-12,20251212135500000,000070,5,12.96,13.05,12.95,13.04,1171500,15226119.0
2025-12-12 14:00:00,2025-12-12,20251212140000000,000070,5,13.04,13.07,13.0,13.03,1691400,22032122.0
2025-12-12 14:05:00,2025-12-12,20251212140500000,000070,5,13.03,13.04,12.99,13.03,1341000,17457152.0
2025-12-12 14:10:00,2025-12-12,20251212141000000,000070,5,13.03,13.04,13.0,13.0,1373600,17876736.0
2025-12-12 14:15:00,2025-12-12,20251212141500000,000070,5,13.01,13.06,12.98,13.04,1479500,19255296.0
2025-12-12 14:20:00,2025-12-12,20251212142000000,000070,5,13.05,13.05,13.0,13.05,1230400,16023552.0
2025-12-12 14:25:00,2025-12-12,20251212142500000,000070,5,13.04,13.05,12.99,13.01,1505900,19588480.0
2025-12-12 14:30:00,2025-12-12,20251212143000000,000070,5,13.01,13.08,13.0,13.08,1809500,23602816.0
2025-12-12 14:35:00,2025-12-12,20251212143500000,000070,5,13.11,13.11,12.96,12.98,2752900,35828222.0
2025-12-12 14:40:00,2025-12-12,20251212144000000,000070,5,12.99,13.0,12.95,12.99,1627600,21124220.0
2025-12-12 14:45:00,2025-12-12,20251212144500000,000070,5,12.99,13.0,12.96,12.98,2822200,36628992.0
2025-12-12 14:50:00,2025-12-12,20251212145000000,000070,5,12.98,13.02,12.97,13.01,3233800,42051974.0
2025-12-12 14:55:00,2025-12-12,20251212145500000,000070,5,13.01,13.01,12.96,12.96,4817300,62551428.0
2025-12-12 15:00:00,2025-12-12,20251212150000000,000070,5,12.96,13.03,12.96,13.02,6153200,80003452.0
2025-12-15 09:35:00,2025-12-15,20251215093500000,000070,5,12.56,12.56,11.9,11.99,28386400,346370080.0
2025-12-15 09:40:00,2025-12-15,20251215094000000,000070,5,11.97,11.99,11.74,11.84,16291200,193104352.0
2025-12-15 09:45:00,2025-12-15,20251215094500000,000070,5,11.84,11.96,11.84,11.84,5964300,70823365.0
2025-12-15 09:50:00,2025-12-15,20251215095000000,000070,5,11.84,12.14,11.77,12.11,7544900,89568763.0
2025-12-15 09:55:00,2025-12-15,20251215095500000,000070,5,12.11,12.13,12.0,12.0,4399100,53088697.0
2025-12-15 10:00:00,2025-12-15,20251215100000000,000070,5,12.0,12.0,11.87,11.89,3153500,37549959.0
2025-12-15 10:05:00,2025-12-15,20251215100500000,000070,5,11.89,11.97,11.82,11.92,3745700,44512572.0
2025-12-15 10:10:00,2025-12-15,20251215101000000,000070,5,11.92,12.11,11.91,12.11,3505300,42060038.0
2025-12-15 10:15:00,2025-12-15,20251215101500000,000070,5,12.1,12.11,12.04,12.1,2349100,28384312.0
2025-12-15 10:20:00,2025-12-15,20251215102000000,000070,5,12.09,12.15,12.04,12.07,2739500,33179405.0
2025-12-15 10:25:00,2025-12-15,20251215102500000,000070,5,12.06,12.21,12.02,12.19,2407300,29161585.0
2025-12-15 10:30:00,2025-12-15,20251215103000000,000070,5,12.19,12.32,12.19,12.31,3274600,40163144.0
2025-12-15 10:35:00,2025-12-15,20251215103500000,000070,5,12.3,12.46,12.29,12.41,3615100,44677312.0
2025-12-15 10:40:00,2025-12-15,20251215104000000,000070,5,12.41,12.41,12.28,12.31,2518800,31122432.0
2025-12-15 10:45:00,2025-12-15,20251215104500000,000070,5,12.31,12.38,12.31,12.33,1943400,23993600.0
2025-12-15 10:50:00,2025-12-15,20251215105000000,000070,5,12.33,12.36,12.29,12.33,2237500,27562496.0
2025-12-15 10:55:00,2025-12-15,20251215105500000,000070,5,12.33,12.38,12.32,12.34,1191900,14715520.0
2025-12-15 11:00:00,2025-12-15,20251215110000000,000070,5,12.33,12.34,12.28,12.29,1564200,19254784.0
2025-12-15 11:05:00,2025-12-15,20251215110500000,000070,5,12.3,12.3,12.19,12.2,1997000,24447232.0
2025-12-15 11:10:00,2025-12-15,20251215111000000,000070,5,12.21,12.26,12.17,12.26,1411900,17216128.0
2025-12-15 11:15:00,2025-12-15,20251215111500000,000070,5,12.25,12.27,12.2,12.2,692600,8464128.0
2025-12-15 11:20:00,2025-12-15,20251215112000000,000070,5,12.2,12.26,12.18,12.25,1000400,12216576.0
2025-12-15 11:25:00,2025-12-15,20251215112500000,000070,5,12.25,12.26,12.23,12.23,606900,7428864.0
2025-12-15 11:30:00,2025-12-15,20251215113000000,000070,5,12.24,12.3,12.24,12.28,776400,9524224.0
2025-12-15 13:05:00,2025-12-15,20251215130500000,000070,5,12.26,12.28,12.23,12.24,915200,11217408.0
2025-12-15 13:10:00,2025-12-15,20251215131000000,000070,5,12.23,12.3,12.23,12.27,840400,10304512.0
2025-12-15 13:15:00,2025-12-15,20251215131500000,000070,5,12.27,12.29,12.25,12.28,754200,9253632.0
2025-12-15 13:20:00,2025-12-15,20251215132000000,000070,5,12.28,12.28,12.16,12.17,1335200,16300032.0
2025-12-15 13:25:00,2025-12-15,20251215132500000,000070,5,12.18,12.26,12.18,12.22,1255900,15339136.0
2025-12-15 13:30:00,2025-12-15,20251215133000000,000070,5,12.24,12.24,12.17,12.18,877600,10699904.0
2025-12-15 13:35:00,2025-12-15,20251215133500000,000070,5,12.17,12.21,12.16,12.16,870800,10614784.0
2025-12-15 13:40:00,2025-12-15,20251215134000000,000070,5,12.17,12.19,12.16,12.16,880500,10713601.0
2025-12-15 13:45:00,2025-12-15,20251215134500000,000070,5,12.19,12.22,12.18,12.22,1487600,18146175.0
2025-12-15 13:50:00,2025-12-15,20251215135000000,000070,5,12.22,12.26,12.22,12.24,940800,11516544.0
2025-12-15 13:55:00,2025-12-15,20251215135500000,000070,5,12.25,12.28,12.24,12.24,1039400,12748544.0
2025-12-15 14:00:00,2025-12-15,20251215140000000,000070,5,12.25,12.28,12.24,12.25,998800,12243072.0
2025-12-15 14:05:00,2025-12-15,20251215140500000,000070,5,12.25,12.36,12.24,12.24,2047000,25198720.0
2025-12-15 14:10:00,2025-12-15,20251215141000000,000070,5,12.24,12.25,12.17,12.21,1620700,19787392.0
2025-12-15 14:15:00,2025-12-15,20251215141500000,000070,5,12.21,12.29,12.21,12.28,1135500,13913728.0
2025-12-15 14:20:00,2025-12-15,20251215142000000,000070,5,12.28,12.4,12.26,12.39,2330500,28728064.0
2025-12-15 14:25:00,2025-12-15,20251215142500000,000070,5,12.39,12.39,12.32,12.34,1527200,18873856.0
2025-12-15 14:30:00,2025-12-15,20251215143000000,000070,5,12.34,12.37,12.32,12.35,1307600,16147456.0
2025-12-15 14:35:00,2025-12-15,20251215143500000,000070,5,12.34,12.41,12.33,12.39,2256300,27925760.0
2025-12-15 14:40:00,2025-12-15,20251215144000000,000070,5,12.38,12.43,12.36,12.36,2361600,29285248.0
2025-12-15 14:45:00,2025-12-15,20251215144500000,000070,5,12.36,12.36,12.25,12.27,3665900,45048448.0
2025-12-15 14:50:00,2025-12-15,20251215145000000,000070,5,12.26,12.29,12.24,12.26,3983500,48837248.0
2025-12-15 14:55:00,2025-12-15,20251215145500000,000070,5,12.26,12.28,12.24,12.24,4258800,52205824.0
2025-12-15 15:00:00,2025-12-15,20251215150000000,000070,5,12.24,12.26,12.22,12.22,5349100,65431424.0
2025-12-16 09:35:00,2025-12-16,20251216093500000,000070,5,12.12,12.12,11.78,11.87,12082500,143994288.0
2025-12-16 09:40:00,2025-12-16,20251216094000000,000070,5,11.86,11.86,11.63,11.64,9831300,115067392.0
2025-12-16 09:45:00,2025-12-16,20251216094500000,000070,5,11.63,11.77,11.61,11.68,5824800,68083984.0
2025-12-16 09:50:00,2025-12-16,20251216095000000,000070,5,11.68,11.75,11.59,11.61,7146800,83148544.0
2025-12-16 09:55:00,2025-12-16,20251216095500000,000070,5,11.61,11.65,11.51,11.51,5649800,65437248.0
2025-12-16 10:00:00,2025-12-16,20251216100000000,000070,5,11.52,11.56,11.41,11.42,7088300,81469120.0
2025-12-16 10:05:00,2025-12-16,20251216100500000,000070,5,11.41,11.46,11.35,11.35,6089500,69493824.0
2025-12-16 10:10:00,2025-12-16,20251216101000000,000070,5,11.35,11.45,11.35,11.43,5296800,60289984.0
2025-12-16 10:15:00,2025-12-16,20251216101500000,000070,5,11.42,11.42,11.37,11.4,2164000,24661952.0
2025-12-16 10:20:00,2025-12-16,20251216102000000,000070,5,11.4,11.42,11.32,11.33,3611600,41031232.0
2025-12-16 10:25:00,2025-12-16,20251216102500000,000070,5,11.32,11.4,11.32,11.39,2194700,24921792.0
2025-12-16 10:30:00,2025-12-16,20251216103000000,000070,5,11.39,11.42,11.33,11.37,2132400,24261632.0
2025-12-16 10:35:00,2025-12-16,20251216103500000,000070,5,11.37,11.37,11.31,11.33,2038000,23095424.0
2025-12-16 10:40:00,2025-12-16,20251216104000000,000070,5,11.33,11.33,11.28,11.3,2574300,29092736.0
2025-12-16 10:45:00,2025-12-16,20251216104500000,000070,5,11.31,11.36,11.29,11.33,1292800,14643328.0
2025-12-16 10:50:00,2025-12-16,20251216105000000,000070,5,11.33,11.33,11.24,11.26,1608400,18148096.0
2025-12-16 10:55:00,2025-12-16,20251216105500000,000070,5,11.27,11.28,11.21,11.22,1938700,21796288.0
2025-12-16 11:00:00,2025-12-16,20251216110000000,000070,5,11.21,11.28,11.2,11.25,2377800,26692224.0
2025-12-16 11:05:00,2025-12-16,20251216110500000,000070,5,11.25,11.27,11.21,11.21,1209400,13602944.0
2025-12-16 11:10:00,2025-12-16,20251216111000000,000070,5,11.22,11.24,11.2,11.21,1331000,14925824.0
2025-12-16 11:15:00,2025-12-16,20251216111500000,000070,5,11.21,11.25,11.2,11.24,1164300,13071936.0
2025-12-16 11:20:00,2025-12-16,20251216112000000,000070,5,11.25,11.3,11.24,11.27,1025800,11573632.0
2025-12-16 11:25:00,2025-12-16,20251216112500000,000070,5,11.27,11.3,11.24,11.25,1029600,11604608.0
2025-12-16 11:30:00,2025-12-16,20251216113000000,000070,5,11.25,11.3,11.22,11.27,1192900,13426368.0
2025-12-16 13:05:00,2025-12-16,20251216130500000,000070,5,11.29,11.3,11.22,11.29,1590300,17890880.0
2025-12-16 13:10:00,2025-12-16,20251216131000000,000070,5,11.29,11.3,11.22,11.22,1304400,14670720.0
2025-12-16 13:15:00,2025-12-16,20251216131500000,000070,5,11.23,11.25,11.21,11.21,1475900,16564608.0
2025-12-16 13:20:00,2025-12-16,20251216132000000,000070,5,11.22,11.22,11.14,11.15,1935800,21645312.0
2025-12-16 13:25:00,2025-12-16,20251216132500000,000070,5,11.15,11.15,11.11,11.14,2176900,24232832.0
2025-12-16 13:30:00,2025-12-16,20251216133000000,000070,5,11.14,11.14,11.1,11.11,1915600,21279744.0
2025-12-16 13:35:00,2025-12-16,20251216133500000,000070,5,11.12,11.21,11.12,11.2,1168000,13032960.0
2025-12-16 13:40:00,2025-12-16,20251216134000000,000070,5,11.19,11.24,11.18,11.21,1325900,14842752.0
2025-12-16 13:45:00,2025-12-16,20251216134500000,000070,5,11.22,11.29,11.2,11.29,986200,11089792.0
2025-12-16 13:50:00,2025-12-16,20251216135000000,000070,5,11.28,11.28,11.24,11.27,1139700,12835456.0
2025-12-16 13:55:00,2025-12-16,20251216135500000,000070,5,11.27,11.27,11.23,11.25,1022600,11501056.0
2025-12-16 14:00:00,2025-12-16,20251216140000000,000070,5,11.25,11.3,11.22,11.23,1244700,14018816.0
2025-12-16 14:05:00,2025-12-16,20251216140500000,000070,5,11.23,11.25,11.19,11.19,1083700,12144640.0
2025-12-16 14:10:00,2025-12-16,20251216141000000,000070,5,11.2,11.25,11.19,11.25,796900,8934656.0
2025-12-16 14:15:00,2025-12-16,20251216141500000,000070,5,11.24,11.27,11.24,11.26,975200,10977920.0
2025-12-16 14:20:00,2025-12-16,20251216142000000,000070,5,11.25,11.29,11.21,11.21,1392900,15674112.0
2025-12-16 14:25:00,2025-12-16,20251216142500000,000070,5,11.21,11.25,11.19,11.2,1286900,14433792.0
2025-12-16 14:30:00,2025-12-16,20251216143000000,000070,5,11.19,11.22,11.19,11.21,1519900,17026432.0
2025-12-16 14:35:00,2025-12-16,20251216143500000,000070,5,11.21,11.23,11.18,11.22,2247500,25178368.0
2025-12-16 14:40:00,2025-12-16,20251216144000000,000070,5,11.23,11.24,11.2,11.22,1405400,15765248.0
2025-12-16 14:45:00,2025-12-16,20251216144500000,000070,5,11.22,11.24,11.21,11.22,2058600,23101952.0
2025-12-16 14:50:00,2025-12-16,20251216145000000,000070,5,11.21,11.23,11.19,11.2,2569300,28776448.0
2025-12-16 14:55:00,2025-12-16,20251216145500000,000070,5,11.2,11.21,11.18,11.2,3944300,44165376.0
2025-12-16 15:00:00,2025-12-16,20251216150000000,000070,5,11.2,11.21,11.19,11.2,4116200,46094080.0
2025-12-17 09:35:00,2025-12-17,20251217093500000,000070,5,11.03,11.3,11.03,11.07,11297900,126309904.0
2025-12-17 09:40:00,2025-12-17,20251217094000000,000070,5,11.06,11.14,10.99,11.11,5770600,63815280.0
2025-12-17 09:45:00,2025-12-17,20251217094500000,000070,5,11.12,11.36,11.08,11.36,7307400,82029504.0
2025-12-17 09:50:00,2025-12-17,20251217095000000,000070,5,11.33,11.33,11.23,11.25,4942000,55802112.0
2025-12-17 09:55:00,2025-12-17,20251217095500000,000070,5,11.27,11.28,11.18,11.22,3039800,34133440.0
2025-12-17 10:00:00,2025-12-17,20251217100000000,000070,5,11.23,11.24,11.15,11.16,2569300,28744928.0
2025-12-17 10:05:00,2025-12-17,20251217100500000,000070,5,11.16,11.17,11.08,11.1,2468400,27442112.0
2025-12-17 10:10:00,2025-12-17,20251217101000000,000070,5,11.09,11.1,11.04,11.1,2383500,26379040.0
2025-12-17 10:15:00,2025-12-17,20251217101500000,000070,5,11.09,11.14,11.07,11.1,1345600,14934528.0
2025-12-17 10:20:00,2025-12-17,20251217102000000,000070,5,11.1,11.26,11.08,11.25,1958800,21898400.0
2025-12-17 10:25:00,2025-12-17,20251217102500000,000070,5,11.24,11.32,11.2,11.29,2838700,31995456.0
2025-12-17 10:30:00,2025-12-17,20251217103000000,000070,5,11.29,11.47,11.27,11.4,7215500,82191392.0
2025-12-17 10:35:00,2025-12-17,20251217103500000,000070,5,11.39,11.41,11.27,11.31,2406800,27242680.0
2025-12-17 10:40:00,2025-12-17,20251217104000000,000070,5,11.3,11.32,11.26,11.26,1550800,17513224.0
2025-12-17 10:45:00,2025-12-17,20251217104500000,000070,5,11.27,11.28,11.23,11.26,1156000,13004540.0
2025-12-17 10:50:00,2025-12-17,20251217105000000,000070,5,11.25,11.31,11.25,11.29,777700,8771204.0
2025-12-17 10:55:00,2025-12-17,20251217105500000,000070,5,11.29,11.36,11.27,11.32,1182300,13384384.0
2025-12-17 11:00:00,2025-12-17,20251217110000000,000070,5,11.32,11.33,11.27,11.3,594200,6715960.0
2025-12-17 11:05:00,2025-12-17,20251217110500000,000070,5,11.29,11.39,11.29,11.38,1089600,12348489.0
2025-12-17 11:10:00,2025-12-17,20251217111000000,000070,5,11.37,11.57,11.35,11.4,5762200,66090047.0
2025-12-17 11:15:00,2025-12-17,20251217111500000,000070,5,11.4,11.41,11.36,11.38,1493000,17008960.0
2025-12-17 11:20:00,2025-12-17,20251217112000000,000070,5,11.37,11.38,11.34,11.35,978200,11106881.0
2025-12-17 11:25:00,2025-12-17,20251217112500000,000070,5,11.34,11.41,11.34,11.39,742300,8448255.0
2025-12-17 11:30:00,2025-12-17,20251217113000000,000070,5,11.39,11.41,11.36,11.4,673800,7665920.0
2025-12-17 13:05:00,2025-12-17,20251217130500000,000070,5,11.4,11.45,11.3,11.45,2802400,31899456.0
2025-12-17 13:10:00,2025-12-17,20251217131000000,000070,5,11.45,11.53,11.42,11.53,2654400,30486272.0
2025-12-17 13:15:00,2025-12-17,20251217131500000,000070,5,11.53,11.58,11.48,11.57,3511600,40524800.0
2025-12-17 13:20:00,2025-12-17,20251217132000000,000070,5,11.56,11.56,11.46,11.5,2163500,24914048.0
2025-12-17 13:25:00,2025-12-17,20251217132500000,000070,5,11.49,11.53,11.45,11.45,1477200,16963776.0
2025-12-17 13:30:00,2025-12-17,20251217133000000,000070,5,11.46,11.51,11.45,11.51,823500,9450112.0
2025-12-17 13:35:00,2025-12-17,20251217133500000,000070,5,11.5,11.51,11.45,11.5,974300,11190144.0
2025-12-17 13:40:00,2025-12-17,20251217134000000,000070,5,11.5,11.56,11.49,11.55,1745100,20118976.0
2025-12-17 13:45:00,2025-12-17,20251217134500000,000070,5,11.6,11.67,11.59,11.61,5897100,68540480.0
2025-12-17 13:50:00,2025-12-17,20251217135000000,000070,5,11.61,11.69,11.61,11.69,3418300,39850112.0
2025-12-17 13:55:00,2025-12-17,20251217135500000,000070,5,11.68,11.69,11.64,11.64,2020100,23568640.0
2025-12-17 14:00:00,2025-12-17,20251217140000000,000070,5,11.64,11.69,11.63,11.69,2290700,26712832.0
2025-12-17 14:05:00,2025-12-17,20251217140500000,000070,5,11.69,11.79,11.68,11.79,3707100,43537280.0
2025-12-17 14:10:00,2025-12-17,20251217141000000,000070,5,11.79,11.85,11.75,11.85,3753900,44315776.0
2025-12-17 14:15:00,2025-12-17,20251217141500000,000070,5,11.85,11.95,11.84,11.93,4468900,53154944.0
2025-12-17 14:20:00,2025-12-17,20251217142000000,000070,5,11.93,12.07,11.91,11.94,6374100,76530304.0
2025-12-17 14:25:00,2025-12-17,20251217142500000,000070,5,11.94,11.99,11.89,11.94,2916800,34808704.0
2025-12-17 14:30:00,2025-12-17,20251217143000000,000070,5,11.94,11.95,11.88,11.9,1682200,20034048.0
2025-12-17 14:35:00,2025-12-17,20251217143500000,000070,5,11.9,11.95,11.89,11.94,1436800,17125248.0
2025-12-17 14:40:00,2025-12-17,20251217144000000,000070,5,11.93,11.97,11.92,11.92,1817100,21697280.0
2025-12-17 14:45:00,2025-12-17,20251217144500000,000070,5,11.92,11.92,11.83,11.84,3460700,41073664.0
2025-12-17 14:50:00,2025-12-17,20251217145000000,000070,5,11.85,11.88,11.84,11.85,2482200,29432192.0
2025-12-17 14:55:00,2025-12-17,20251217145500000,000070,5,11.85,11.85,11.81,11.84,3864800,45729664.0
2025-12-17 15:00:00,2025-12-17,20251217150000000,000070,5,11.84,11.84,11.81,11.81,3871900,45751424.0
2025-12-18 09:35:00,2025-12-18,20251218093500000,000070,5,11.59,11.78,11.52,11.76,14874200,172772736.0
2025-12-18 09:40:00,2025-12-18,20251218094000000,000070,5,11.76,11.8,11.71,11.78,4608700,54172768.0
2025-12-18 09:45:00,2025-12-18,20251218094500000,000070,5,11.78,11.85,11.76,11.79,4193700,49505504.0
2025-12-18 09:50:00,2025-12-18,20251218095000000,000070,5,11.78,11.81,11.7,11.74,4215400,49561568.0
2025-12-18 09:55:00,2025-12-18,20251218095500000,000070,5,11.74,11.86,11.73,11.84,5498300,64977216.0
2025-12-18 10:00:00,2025-12-18,20251218100000000,000070,5,11.83,11.88,11.79,11.87,2884900,34131008.0
2025-12-18 10:05:00,2025-12-18,20251218100500000,000070,5,11.85,11.86,11.79,11.85,2399000,28362368.0
2025-12-18 10:10:00,2025-12-18,20251218101000000,000070,5,11.86,11.86,11.82,11.85,1944900,23038112.0
2025-12-18 10:15:00,2025-12-18,20251218101500000,000070,5,11.85,11.85,11.75,11.76,2040400,24073792.0
2025-12-18 10:20:00,2025-12-18,20251218102000000,000070,5,11.75,11.79,11.74,11.79,2598500,30554720.0
2025-12-18 10:25:00,2025-12-18,20251218102500000,000070,5,11.78,11.81,11.75,11.79,1773900,20886106.0
2025-12-18 10:30:00,2025-12-18,20251218103000000,000070,5,11.8,11.88,11.8,11.86,2257400,26758526.0
2025-12-18 10:35:00,2025-12-18,20251218103500000,000070,5,11.86,11.95,11.85,11.93,2242500,26682824.0
2025-12-18 10:40:00,2025-12-18,20251218104000000,000070,5,11.94,11.97,11.89,11.91,1810600,21590974.0
2025-12-18 10:45:00,2025-12-18,20251218104500000,000070,5,11.92,11.92,11.86,11.87,1176100,13968584.0
2025-12-18 10:50:00,2025-12-18,20251218105000000,000070,5,11.86,11.87,11.81,11.82,1729700,20467260.0
2025-12-18 10:55:00,2025-12-18,20251218105500000,000070,5,11.82,11.83,11.8,11.81,1116500,13191041.0
2025-12-18 11:00:00,2025-12-18,20251218110000000,000070,5,11.81,11.82,11.78,11.79,1074600,12681597.0
2025-12-18 11:05:00,2025-12-18,20251218110500000,000070,5,11.79,11.84,11.79,11.81,871700,10292932.0
2025-12-18 11:10:00,2025-12-18,20251218111000000,000070,5,11.81,11.82,11.79,11.81,1001000,11813632.0
2025-12-18 11:15:00,2025-12-18,20251218111500000,000070,5,11.81,11.86,11.8,11.84,823300,9743990.0
2025-12-18 11:20:00,2025-12-18,20251218112000000,000070,5,11.84,11.85,11.81,11.82,559400,6621638.0
2025-12-18 11:25:00,2025-12-18,20251218112500000,000070,5,11.82,11.84,11.8,11.81,658800,7784506.0
2025-12-18 11:30:00,2025-12-18,20251218113000000,000070,5,11.81,11.82,11.8,11.8,530100,6259655.0
2025-12-18 13:05:00,2025-12-18,20251218130500000,000070,5,11.8,11.84,11.77,11.78,1262800,14905280.0
2025-12-18 13:10:00,2025-12-18,20251218131000000,000070,5,11.78,11.81,11.76,11.77,1037000,12210111.0
2025-12-18 13:15:00,2025-12-18,20251218131500000,000070,5,11.77,11.83,11.77,11.83,1233100,14550009.0
2025-12-18 13:20:00,2025-12-18,20251218132000000,000070,5,11.82,11.85,11.8,11.81,1170900,13843455.0
2025-12-18 13:25:00,2025-12-18,20251218132500000,000070,5,11.82,11.83,11.8,11.81,1136100,13425291.0
2025-12-18 13:30:00,2025-12-18,20251218133000000,000070,5,11.8,11.82,11.79,11.81,784000,9254458.0
2025-12-18 13:35:00,2025-12-18,20251218133500000,000070,5,11.81,11.81,11.76,11.77,1184900,13962186.0
2025-12-18 13:40:00,2025-12-18,20251218134000000,000070,5,11.77,11.78,11.72,11.72,1990200,23367481.0
2025-12-18 13:45:00,2025-12-18,20251218134500000,000070,5,11.72,11.75,11.72,11.73,1198900,14071110.0
2025-12-18 13:50:00,2025-12-18,20251218135000000,000070,5,11.73,11.74,11.69,11.7,2277300,26663482.0
2025-12-18 13:55:00,2025-12-18,20251218135500000,000070,5,11.7,11.71,11.66,11.68,2369700,27684990.0
2025-12-18 14:00:00,2025-12-18,20251218140000000,000070,5,11.68,11.68,11.66,11.67,1839100,21452740.0
2025-12-18 14:05:00,2025-12-18,20251218140500000,000070,5,11.66,11.7,11.66,11.69,1374600,16055158.0
2025-12-18 14:10:00,2025-12-18,20251218141000000,000070,5,11.7,11.7,11.66,11.68,928200,10835274.0
2025-12-18 14:15:00,2025-12-18,20251218141500000,000070,5,11.68,11.7,11.66,11.67,868200,10136900.0
2025-12-18 14:20:00,2025-12-18,20251218142000000,000070,5,11.66,11.67,11.63,11.65,1470900,17125626.0
2025-12-18 14:25:00,2025-12-18,20251218142500000,000070,5,11.65,11.66,11.62,11.63,1225600,14257600.0
2025-12-18 14:30:00,2025-12-18,20251218143000000,000070,5,11.63,11.66,11.62,11.64,1246000,14496064.0
2025-12-18 14:35:00,2025-12-18,20251218143500000,000070,5,11.66,11.7,11.65,11.69,1360300,15865980.0
2025-12-18 14:40:00,2025-12-18,20251218144000000,000070,5,11.7,11.7,11.65,11.67,1324100,15453064.0
2025-12-18 14:45:00,2025-12-18,20251218144500000,000070,5,11.68,11.7,11.67,11.69,1390000,16239676.0
2025-12-18 14:50:00,2025-12-18,20251218145000000,000070,5,11.7,11.7,11.64,11.64,2191900,25548160.0
2025-12-18 14:55:00,2025-12-18,20251218145500000,000070,5,11.65,11.68,11.64,11.64,3319700,38695936.0
2025-12-18 15:00:00,2025-12-18,20251218150000000,000070,5,11.65,11.65,11.63,11.63,2881700,33531392.0
2025-12-19 09:35:00,2025-12-19,20251219093500000,000070,5,11.65,11.86,11.65,11.74,5319100,62539956.0
2025-12-19 09:40:00,2025-12-19,20251219094000000,000070,5,11.74,11.8,11.65,11.66,3071700,35992588.0
2025-12-19 09:45:00,2025-12-19,20251219094500000,000070,5,11.66,11.7,11.61,11.61,3462700,40392304.0
2025-12-19 09:50:00,2025-12-19,20251219095000000,000070,5,11.6,11.76,11.6,11.76,3606500,42071936.0
2025-12-19 09:55:00,2025-12-19,20251219095500000,000070,5,11.76,11.76,11.66,11.68,1314000,15393968.0
2025-12-19 10:00:00,2025-12-19,20251219100000000,000070,5,11.68,11.68,11.62,11.63,1378100,16045536.0
2025-12-19 10:05:00,2025-12-19,20251219100500000,000070,5,11.63,11.63,11.57,11.58,2081200,24146976.0
2025-12-19 10:10:00,2025-12-19,20251219101000000,000070,5,11.58,11.63,11.53,11.63,2557500,29623792.0
2025-12-19 10:15:00,2025-12-19,20251219101500000,000070,5,11.63,11.7,11.61,11.69,1038600,12112368.0
2025-12-19 10:20:00,2025-12-19,20251219102000000,000070,5,11.69,11.72,11.67,11.69,1359500,15896736.0
2025-12-19 10:25:00,2025-12-19,20251219102500000,000070,5,11.69,11.7,11.66,11.67,794100,9271136.0
2025-12-19 10:30:00,2025-12-19,20251219103000000,000070,5,11.67,11.69,11.64,11.67,682200,7954944.0
2025-12-19 10:35:00,2025-12-19,20251219103500000,000070,5,11.67,11.73,11.66,11.71,1212000,14171264.0
2025-12-19 10:40:00,2025-12-19,20251219104000000,000070,5,11.71,11.9,11.71,11.79,3637700,43006336.0
2025-12-19 10:45:00,2025-12-19,20251219104500000,000070,5,11.78,11.8,11.75,11.77,1131500,13322304.0
2025-12-19 10:50:00,2025-12-19,20251219105000000,000070,5,11.77,11.83,11.75,11.75,1161800,13702144.0
2025-12-19 10:55:00,2025-12-19,20251219105500000,000070,5,11.75,11.75,11.73,11.75,624200,7329056.0
2025-12-19 11:00:00,2025-12-19,20251219110000000,000070,5,11.74,11.77,11.74,11.75,484400,5693184.0
2025-12-19 11:05:00,2025-12-19,20251219110500000,000070,5,11.75,11.75,11.71,11.75,546700,6413856.0
2025-12-19 11:10:00,2025-12-19,20251219111000000,000070,5,11.74,11.77,11.73,11.74,526500,6186176.0
2025-12-19 11:15:00,2025-12-19,20251219111500000,000070,5,11.74,11.78,11.73,11.78,670400,7883104.0
2025-12-19 11:20:00,2025-12-19,20251219112000000,000070,5,11.78,11.8,11.76,11.77,469400,5529472.0
2025-12-19 11:25:00,2025-12-19,20251219112500000,000070,5,11.77,11.77,11.74,11.76,445300,5233856.0
2025-12-19 11:30:00,2025-12-19,20251219113000000,000070,5,11.76,11.79,11.75,11.77,550400,6479328.0
2025-12-19 13:05:00,2025-12-19,20251219130500000,000070,5,11.76,11.94,11.76,11.91,3476600,41297376.0
2025-12-19 13:10:00,2025-12-19,20251219131000000,000070,5,11.9,12.0,11.88,11.94,3402100,40643552.0
2025-12-19 13:15:00,2025-12-19,20251219131500000,000070,5,11.94,11.94,11.88,11.88,1388200,16527559.0
2025-12-19 13:20:00,2025-12-19,20251219132000000,000070,5,11.88,11.89,11.85,11.89,886700,10525041.0
2025-12-19 13:25:00,2025-12-19,20251219132500000,000070,5,11.88,11.89,11.87,11.88,631800,7503500.0
2025-12-19 13:30:00,2025-12-19,20251219133000000,000070,5,11.88,11.89,11.86,11.86,822400,9767868.0
2025-12-19 13:35:00,2025-12-19,20251219133500000,000070,5,11.86,11.87,11.84,11.85,710800,8426426.0
2025-12-19 13:40:00,2025-12-19,20251219134000000,000070,5,11.85,11.86,11.83,11.85,530400,6282123.0
2025-12-19 13:45:00,2025-12-19,20251219134500000,000070,5,11.84,11.85,11.8,11.82,861200,10180861.0
2025-12-19 13:50:00,2025-12-19,20251219135000000,000070,5,11.82,11.84,11.8,11.8,686800,8117112.0
2025-12-19 13:55:00,2025-12-19,20251219135500000,000070,5,11.81,11.84,11.8,11.83,1020900,12068098.0
2025-12-19 14:00:00,2025-12-19,20251219140000000,000070,5,11.83,11.84,11.8,11.8,817100,9657852.0
2025-12-19 14:05:00,2025-12-19,20251219140500000,000070,5,11.8,11.81,11.77,11.77,1326700,15640068.0
2025-12-19 14:10:00,2025-12-19,20251219141000000,000070,5,11.77,11.81,11.77,11.81,740800,8731327.0
2025-12-19 14:15:00,2025-12-19,20251219141500000,000070,5,11.81,11.81,11.78,11.78,477800,5633533.0
2025-12-19 14:20:00,2025-12-19,20251219142000000,000070,5,11.79,11.81,11.78,11.8,590000,6961224.0
2025-12-19 14:25:00,2025-12-19,20251219142500000,000070,5,11.8,11.81,11.77,11.79,715800,8435968.0
2025-12-19 14:30:00,2025-12-19,20251219143000000,000070,5,11.78,11.8,11.76,11.77,1511600,17796416.0
2025-12-19 14:35:00,2025-12-19,20251219143500000,000070,5,11.76,11.78,11.74,11.74,1251500,14721856.0
2025-12-19 14:40:00,2025-12-19,20251219144000000,000070,5,11.74,11.75,11.72,11.72,1412000,16567170.0
2025-12-19 14:45:00,2025-12-19,20251219144500000,000070,5,11.72,11.75,11.72,11.73,1062700,12470076.0
2025-12-19 14:50:00,2025-12-19,20251219145000000,000070,5,11.74,11.74,11.72,11.73,1453600,17041086.0
2025-12-19 14:55:00,2025-12-19,20251219145500000,000070,5,11.73,11.75,11.72,11.75,2687100,31548031.0
2025-12-19 15:00:00,2025-12-19,20251219150000000,000070,5,11.75,11.77,11.74,11.76,2182200,25657088.0
2025-12-22 09:35:00,2025-12-22,20251222093500000,000070,5,12.4,12.94,12.38,12.72,51805600,659442429.0
2025-12-22 09:40:00,2025-12-22,20251222094000000,000070,5,12.68,12.94,12.68,12.94,30110800,388516227.0
2025-12-22 09:45:00,2025-12-22,20251222094500000,000070,5,12.94,12.94,12.94,12.94,1737300,22480704.0
2025-12-22 09:50:00,2025-12-22,20251222095000000,000070,5,12.94,12.94,12.94,12.94,1359500,17591872.0
2025-12-22 09:55:00,2025-12-22,20251222095500000,000070,5,12.94,12.94,12.94,12.94,1069600,13840640.0
2025-12-22 10:00:00,2025-12-22,20251222100000000,000070,5,12.94,12.94,12.94,12.94,729300,9437184.0
2025-12-22 10:05:00,2025-12-22,20251222100500000,000070,5,12.94,12.94,12.94,12.94,427600,5533184.0
2025-12-22 10:10:00,2025-12-22,20251222101000000,000070,5,12.94,12.94,12.94,12.94,378500,4897792.0
2025-12-22 10:15:00,2025-12-22,20251222101500000,000070,5,12.94,12.94,12.94,12.94,462700,5987328.0
2025-12-22 10:20:00,2025-12-22,20251222102000000,000070,5,12.94,12.94,12.94,12.94,206900,2677248.0
2025-12-22 10:25:00,2025-12-22,20251222102500000,000070,5,12.94,12.94,12.94,12.94,195400,2528512.0
2025-12-22 10:30:00,2025-12-22,20251222103000000,000070,5,12.94,12.94,12.94,12.94,157100,2032896.0
2025-12-22 10:35:00,2025-12-22,20251222103500000,000070,5,12.94,12.94,12.94,12.94,192300,2488320.0
2025-12-22 10:40:00,2025-12-22,20251222104000000,000070,5,12.94,12.94,12.94,12.94,258700,3347584.0
2025-12-22 10:45:00,2025-12-22,20251222104500000,000070,5,12.94,12.94,12.94,12.94,157600,2039296.0
2025-12-22 10:50:00,2025-12-22,20251222105000000,000070,5,12.94,12.94,12.94,12.94,198300,2566016.0
2025-12-22 10:55:00,2025-12-22,20251222105500000,000070,5,12.94,12.94,12.94,12.94,200000,2588032.0
2025-12-22 11:00:00,2025-12-22,20251222110000000,000070,5,12.94,12.94,12.94,12.94,249400,3227264.0
2025-12-22 11:05:00,2025-12-22,20251222110500000,000070,5,12.94,12.94,12.94,12.94,122100,1579904.0
2025-12-22 11:10:00,2025-12-22,20251222111000000,000070,5,12.94,12.94,12.94,12.94,171000,2212736.0
2025-12-22 11:15:00,2025-12-22,20251222111500000,000070,5,12.94,12.94,12.94,12.94,65600,848896.0
2025-12-22 11:20:00,2025-12-22,20251222112000000,000070,5,12.94,12.94,12.94,12.94,36500,472320.0
2025-12-22 11:25:00,2025-12-22,20251222112500000,000070,5,12.94,12.94,12.94,12.94,73800,954880.0
2025-12-22 11:30:00,2025-12-22,20251222113000000,000070,5,12.94,12.94,12.94,12.94,101900,1318656.0
2025-12-22 13:05:00,2025-12-22,20251222130500000,000070,5,12.94,12.94,12.94,12.94,437300,5658624.0
2025-12-22 13:10:00,2025-12-22,20251222131000000,000070,5,12.94,12.94,12.94,12.94,197800,2559616.0
2025-12-22 13:15:00,2025-12-22,20251222131500000,000070,5,12.94,12.94,12.94,12.94,160400,2075520.0
2025-12-22 13:20:00,2025-12-22,20251222132000000,000070,5,12.94,12.94,12.94,12.94,315200,4078720.0
2025-12-22 13:25:00,2025-12-22,20251222132500000,000070,5,12.94,12.94,12.94,12.94,97400,1260288.0
2025-12-22 13:30:00,2025-12-22,20251222133000000,000070,5,12.94,12.94,12.94,12.94,43900,569088.0
2025-12-22 13:35:00,2025-12-22,20251222133500000,000070,5,12.94,12.94,12.94,12.94,35200,455552.0
2025-12-22 13:40:00,2025-12-22,20251222134000000,000070,5,12.94,12.94,12.94,12.94,89200,1154304.0
2025-12-22 13:45:00,2025-12-22,20251222134500000,000070,5,12.94,12.94,12.94,12.94,96100,1243520.0
2025-12-22 13:50:00,2025-12-22,20251222135000000,000070,5,12.94,12.94,12.94,12.94,123200,1594112.0
2025-12-22 13:55:00,2025-12-22,20251222135500000,000070,5,12.94,12.94,12.94,12.94,134600,1741696.0
2025-12-22 14:00:00,2025-12-22,20251222140000000,000070,5,12.94,12.94,12.94,12.94,36800,476288.0
2025-12-22 14:05:00,2025-12-22,20251222140500000,000070,5,12.94,12.94,12.94,12.94,121100,1566976.0
2025-12-22 14:10:00,2025-12-22,20251222141000000,000070,5,12.94,12.94,12.94,12.94,165600,2142848.0
2025-12-22 14:15:00,2025-12-22,20251222141500000,000070,5,12.94,12.94,12.94,12.94,311500,4030848.0
2025-12-22 14:20:00,2025-12-22,20251222142000000,000070,5,12.94,12.94,12.94,12.94,114300,1479040.0
2025-12-22 14:25:00,2025-12-22,20251222142500000,000070,5,12.94,12.94,12.94,12.94,105300,1362560.0
2025-12-22 14:30:00,2025-12-22,20251222143000000,000070,5,12.94,12.94,12.94,12.94,64600,835968.0
2025-12-22 14:35:00,2025-12-22,20251222143500000,000070,5,12.94,12.94,12.94,12.94,96200,1244800.0
2025-12-22 14:40:00,2025-12-22,20251222144000000,000070,5,12.94,12.94,12.94,12.94,278000,3597312.0
2025-12-22 14:45:00,2025-12-22,20251222144500000,000070,5,12.94,12.94,12.94,12.94,199600,2582912.0
2025-12-22 14:50:00,2025-12-22,20251222145000000,000070,5,12.94,12.94,12.94,12.94,233500,3021440.0
2025-12-22 14:55:00,2025-12-22,20251222145500000,000070,5,12.94,12.94,12.94,12.94,260000,3364352.0
2025-12-22 15:00:00,2025-12-22,20251222150000000,000070,5,12.94,12.94,12.94,12.94,532400,6889344.0
2025-12-23 09:35:00,2025-12-23,20251223093500000,000070,5,12.86,12.86,12.4,12.43,28355900,358355680.0
2025-12-23 09:40:00,2025-12-23,20251223094000000,000070,5,12.42,12.55,12.39,12.49,9945800,124041856.0
2025-12-23 09:45:00,2025-12-23,20251223094500000,000070,5,12.49,12.56,12.4,12.43,8598900,107078048.0
2025-12-23 09:50:00,2025-12-23,20251223095000000,000070,5,12.42,12.48,12.35,12.4,6920200,85837760.0
2025-12-23 09:55:00,2025-12-23,20251223095500000,000070,5,12.41,12.5,12.41,12.48,3604200,44889853.0
2025-12-23 10:00:00,2025-12-23,20251223100000000,000070,5,12.49,12.51,12.46,12.46,4160500,51944003.0
2025-12-23 10:05:00,2025-12-23,20251223100500000,000070,5,12.46,12.48,12.41,12.46,3598400,44805820.0
2025-12-23 10:10:00,2025-12-23,20251223101000000,000070,5,12.45,12.48,12.39,12.41,3935400,48917060.0
2025-12-23 10:15:00,2025-12-23,20251223101500000,000070,5,12.4,12.44,12.39,12.42,2683500,33308345.0
2025-12-23 10:20:00,2025-12-23,20251223102000000,000070,5,12.43,12.44,12.34,12.34,3002600,37169479.0
2025-12-23 10:25:00,2025-12-23,20251223102500000,000070,5,12.35,12.35,12.27,12.3,5022100,61765184.0
2025-12-23 10:30:00,2025-12-23,20251223103000000,000070,5,12.3,12.34,12.29,12.33,2305700,28400640.0
2025-12-23 10:35:00,2025-12-23,20251223103500000,000070,5,12.34,12.36,12.29,12.32,2748700,33873088.0
2025-12-23 10:40:00,2025-12-23,20251223104000000,000070,5,12.32,12.32,12.24,12.25,3095500,38003200.0
2025-12-23 10:45:00,2025-12-23,20251223104500000,000070,5,12.25,12.32,12.25,12.31,2345400,28809984.0
2025-12-23 10:50:00,2025-12-23,20251223105000000,000070,5,12.3,12.32,12.27,12.29,1191700,14647424.0
2025-12-23 10:55:00,2025-12-23,20251223105500000,000070,5,12.28,12.35,12.27,12.31,1424800,17544832.0
2025-12-23 11:00:00,2025-12-23,20251223110000000,000070,5,12.31,12.36,12.3,12.31,2076000,25590016.0
2025-12-23 11:05:00,2025-12-23,20251223110500000,000070,5,12.31,12.38,12.31,12.31,1730100,21358080.0
2025-12-23 11:10:00,2025-12-23,20251223111000000,000070,5,12.31,12.37,12.3,12.36,1516700,18710912.0
2025-12-23 11:15:00,2025-12-23,20251223111500000,000070,5,12.36,12.38,12.33,12.34,1781900,22008576.0
2025-12-23 11:20:00,2025-12-23,20251223112000000,000070,5,12.35,12.39,12.34,12.36,1021100,12625280.0
2025-12-23 11:25:00,2025-12-23,20251223112500000,000070,5,12.36,12.38,12.34,12.34,1079500,13342720.0
2025-12-23 11:30:00,2025-12-23,20251223113000000,000070,5,12.35,12.35,12.33,12.34,543700,6707584.0
2025-12-23 13:05:00,2025-12-23,20251223130500000,000070,5,12.33,12.33,12.28,12.29,1649100,20288896.0
2025-12-23 13:10:00,2025-12-23,20251223131000000,000070,5,12.29,12.31,12.28,12.3,1188700,14613888.0
2025-12-23 13:15:00,2025-12-23,20251223131500000,000070,5,12.3,12.31,12.27,12.28,1151700,14149760.0
2025-12-23 13:20:00,2025-12-23,20251223132000000,000070,5,12.27,12.28,12.26,12.26,1298000,15921920.0
2025-12-23 13:25:00,2025-12-23,20251223132500000,000070,5,12.27,12.28,12.25,12.25,1040700,12759168.0
2025-12-23 13:30:00,2025-12-23,20251223133000000,000070,5,12.26,12.27,12.2,12.2,2824700,34531456.0
2025-12-23 13:35:00,2025-12-23,20251223133500000,000070,5,12.21,12.26,12.21,12.25,1505700,18424064.0
2025-12-23 13:40:00,2025-12-23,20251223134000000,000070,5,12.25,12.28,12.24,12.26,891700,10933504.0
2025-12-23 13:45:00,2025-12-23,20251223134500000,000070,5,12.26,12.29,12.23,12.23,1432500,17560064.0
2025-12-23 13:50:00,2025-12-23,20251223135000000,000070,5,12.24,12.25,12.22,12.24,943500,11544320.0
2025-12-23 13:55:00,2025-12-23,20251223135500000,000070,5,12.24,12.24,12.22,12.23,968800,11845504.0
2025-12-23 14:00:00,2025-12-23,20251223140000000,000070,5,12.23,12.24,12.21,12.22,893100,10913920.0
2025-12-23 14:05:00,2025-12-23,20251223140500000,000070,5,12.23,12.26,12.22,12.25,943400,11546112.0
2025-12-23 14:10:00,2025-12-23,20251223141000000,000070,5,12.26,12.29,12.25,12.27,1352400,16588032.0
2025-12-23 14:15:00,2025-12-23,20251223141500000,000070,5,12.25,12.3,12.25,12.29,1021700,12548352.0
2025-12-23 14:20:00,2025-12-23,20251223142000000,000070,5,12.28,12.29,12.25,12.27,817300,10025728.0
2025-12-23 14:25:00,2025-12-23,20251223142500000,000070,5,12.26,12.27,12.23,12.23,1034900,12673536.0
2025-12-23 14:30:00,2025-12-23,20251223143000000,000070,5,12.23,12.25,12.22,12.22,1545300,18900608.0
2025-12-23 14:35:00,2025-12-23,20251223143500000,000070,5,12.23,12.24,12.2,12.21,2358500,28801536.0
2025-12-23 14:40:00,2025-12-23,20251223144000000,000070,5,12.2,12.22,12.19,12.21,1893400,23110272.0
2025-12-23 14:45:00,2025-12-23,20251223144500000,000070,5,12.2,12.21,12.19,12.2,1850100,22578176.0
2025-12-23 14:50:00,2025-12-23,20251223145000000,000070,5,12.2,12.2,12.16,12.19,4713300,57397248.0
2025-12-23 14:55:00,2025-12-23,20251223145500000,000070,5,12.19,12.25,12.18,12.22,3912900,47795840.0
2025-12-23 15:00:00,2025-12-23,20251223150000000,000070,5,12.23,12.28,12.22,12.27,3179500,38969728.0
2025-12-24 09:35:00,2025-12-24,20251224093500000,000070,5,12.17,12.23,12.07,12.13,8462300,102865080.0
2025-12-24 09:40:00,2025-12-24,20251224094000000,000070,5,12.13,12.25,12.12,12.18,3008700,36601336.0
2025-12-24 09:45:00,2025-12-24,20251224094500000,000070,5,12.2,12.29,12.15,12.29,2671600,32622480.0
2025-12-24 09:50:00,2025-12-24,20251224095000000,000070,5,12.29,12.31,12.25,12.29,3768700,46312208.0
2025-12-24 09:55:00,2025-12-24,20251224095500000,000070,5,12.29,12.29,12.14,12.14,2699400,32910368.0
2025-12-24 10:00:00,2025-12-24,20251224100000000,000070,5,12.15,12.24,12.15,12.23,1279400,15587760.0
2025-12-24 10:05:00,2025-12-24,20251224100500000,000070,5,12.23,12.24,12.2,12.24,876300,10707200.0
2025-12-24 10:10:00,2025-12-24,20251224101000000,000070,5,12.23,12.36,12.22,12.36,2628000,32305632.0
2025-12-24 10:15:00,2025-12-24,20251224101500000,000070,5,12.34,12.43,12.34,12.37,4950100,61316128.0
2025-12-24 10:20:00,2025-12-24,20251224102000000,000070,5,12.36,12.38,12.3,12.33,1873100,23128576.0
2025-12-24 10:25:00,2025-12-24,20251224102500000,000070,5,12.34,12.39,12.34,12.36,1584800,19595008.0
2025-12-24 10:30:00,2025-12-24,20251224103000000,000070,5,12.35,12.36,12.29,12.33,1216200,14986816.0
2025-12-24 10:35:00,2025-12-24,20251224103500000,000070,5,12.34,12.34,12.28,12.31,1069400,13170688.0
2025-12-24 10:40:00,2025-12-24,20251224104000000,000070,5,12.31,12.32,12.28,12.31,802500,9869280.0
2025-12-24 10:45:00,2025-12-24,20251224104500000,000070,5,12.31,12.36,12.31,12.35,1016600,12548800.0
2025-12-24 10:50:00,2025-12-24,20251224105000000,000070,5,12.34,12.36,12.31,12.36,863800,10660448.0
2025-12-24 10:55:00,2025-12-24,20251224105500000,000070,5,12.36,12.36,12.34,12.35,686300,8479776.0
2025-12-24 11:00:00,2025-12-24,20251224110000000,000070,5,12.35,12.36,12.33,12.34,648000,7998208.0
2025-12-24 11:05:00,2025-12-24,20251224110500000,000070,5,12.33,12.37,12.31,12.36,499900,6173344.0
2025-12-24 11:10:00,2025-12-24,20251224111000000,000070,5,12.36,12.36,12.34,12.35,537200,6635200.0
2025-12-24 11:15:00,2025-12-24,20251224111500000,000070,5,12.36,12.36,12.34,12.35,766500,9467232.0
2025-12-24 11:20:00,2025-12-24,20251224112000000,000070,5,12.35,12.36,12.32,12.33,693600,8558112.0
2025-12-24 11:25:00,2025-12-24,20251224112500000,000070,5,12.32,12.34,12.32,12.33,497600,6133952.0
2025-12-24 11:30:00,2025-12-24,20251224113000000,000070,5,12.34,12.37,12.33,12.35,669800,8271200.0
2025-12-24 13:05:00,2025-12-24,20251224130500000,000070,5,12.36,12.38,12.33,12.38,938900,11599362.0
2025-12-24 13:10:00,2025-12-24,20251224131000000,000070,5,12.38,12.38,12.35,12.37,643100,7953986.0
2025-12-24 13:15:00,2025-12-24,20251224131500000,000070,5,12.37,12.4,12.36,12.39,1264900,15661756.0
2025-12-24 13:20:00,2025-12-24,20251224132000000,000070,5,12.38,12.49,12.37,12.48,3140200,39022906.0
2025-12-24 13:25:00,2025-12-24,20251224132500000,000070,5,12.47,12.61,12.47,12.53,7333700,91913030.0
2025-12-24 13:30:00,2025-12-24,20251224133000000,000070,5,12.53,12.63,12.5,12.59,3759900,47243392.0
2025-12-24 13:35:00,2025-12-24,20251224133500000,000070,5,12.59,12.72,12.56,12.65,5124000,64857216.0
2025-12-24 13:40:00,2025-12-24,20251224134000000,000070,5,12.66,12.74,12.61,12.61,3723100,47249472.0
2025-12-24 13:45:00,2025-12-24,20251224134500000,000070,5,12.62,12.66,12.61,12.65,1758900,22225600.0
2025-12-24 13:50:00,2025-12-24,20251224135000000,000070,5,12.64,12.69,12.61,12.62,2020300,25572288.0
2025-12-24 13:55:00,2025-12-24,20251224135500000,000070,5,12.62,12.62,12.55,12.56,1664100,20959360.0
2025-12-24 14:00:00,2025-12-24,20251224140000000,000070,5,12.56,12.66,12.55,12.6,2053500,25891904.0
2025-12-24 14:05:00,2025-12-24,20251224140500000,000070,5,12.6,12.63,12.57,12.61,1117700,14085120.0
2025-12-24 14:10:00,2025-12-24,20251224141000000,000070,5,12.61,12.62,12.59,12.6,881400,11107840.0
2025-12-24 14:15:00,2025-12-24,20251224141500000,000070,5,12.61,12.61,12.58,12.58,943000,11881344.0
2025-12-24 14:20:00,2025-12-24,20251224142000000,000070,5,12.58,12.6,12.56,12.59,1250900,15739392.0
2025-12-24 14:25:00,2025-12-24,20251224142500000,000070,5,12.59,12.6,12.57,12.57,1242400,15629312.0
2025-12-24 14:30:00,2025-12-24,20251224143000000,000070,5,12.57,12.58,12.56,12.58,1550900,19498816.0
2025-12-24 14:35:00,2025-12-24,20251224143500000,000070,5,12.59,12.6,12.56,12.56,1648700,20738752.0
2025-12-24 14:40:00,2025-12-24,20251224144000000,000070,5,12.55,12.59,12.55,12.57,1520600,19105408.0
2025-12-24 14:45:00,2025-12-24,20251224144500000,000070,5,12.57,12.57,12.53,12.55,2551500,32027520.0
2025-12-24 14:50:00,2025-12-24,20251224145000000,000070,5,12.55,12.56,12.54,12.54,1889800,23724160.0
2025-12-24 14:55:00,2025-12-24,20251224145500000,000070,5,12.55,12.59,12.54,12.57,3145400,39548800.0
2025-12-24 15:00:00,2025-12-24,20251224150000000,000070,5,12.57,12.58,12.56,12.58,2940700,36975872.0
2025-12-25 09:35:00,2025-12-25,20251225093500000,000070,5,12.51,12.68,12.46,12.59,7095300,89146968.0
2025-12-25 09:40:00,2025-12-25,20251225094000000,000070,5,12.6,12.65,12.49,12.52,3699300,46522136.0
2025-12-25 09:45:00,2025-12-25,20251225094500000,000070,5,12.52,12.52,12.45,12.45,4290200,53512272.0
2025-12-25 09:50:00,2025-12-25,20251225095000000,000070,5,12.45,12.5,12.4,12.4,3771800,46903808.0
2025-12-25 09:55:00,2025-12-25,20251225095500000,000070,5,12.41,12.46,12.41,12.42,2277100,28321392.0
2025-12-25 10:00:00,2025-12-25,20251225100000000,000070,5,12.42,12.44,12.38,12.39,2131700,26451888.0
2025-12-25 10:05:00,2025-12-25,20251225100500000,000070,5,12.38,12.39,12.3,12.35,3736900,46086624.0
2025-12-25 10:10:00,2025-12-25,20251225101000000,000070,5,12.35,12.39,12.3,12.38,2099300,25876928.0
2025-12-25 10:15:00,2025-12-25,20251225101500000,000070,5,12.38,12.41,12.35,12.36,1168700,14475680.0
2025-12-25 10:20:00,2025-12-25,20251225102000000,000070,5,12.37,12.58,12.37,12.51,1926800,24027360.0
2025-12-25 10:25:00,2025-12-25,20251225102500000,000070,5,12.51,12.55,12.48,12.48,1607200,20114592.0
2025-12-25 10:30:00,2025-12-25,20251225103000000,000070,5,12.48,12.49,12.42,12.44,743600,9269600.0
2025-12-25 10:35:00,2025-12-25,20251225103500000,000070,5,12.43,12.5,12.43,12.44,790700,9855648.0
2025-12-25 10:40:00,2025-12-25,20251225104000000,000070,5,12.43,12.45,12.41,12.42,942800,11718336.0
2025-12-25 10:45:00,2025-12-25,20251225104500000,000070,5,12.43,12.48,12.42,12.48,670800,8342432.0
2025-12-25 10:50:00,2025-12-25,20251225105000000,000070,5,12.47,12.54,12.46,12.54,1016100,12697120.0
2025-12-25 10:55:00,2025-12-25,20251225105500000,000070,5,12.55,12.64,12.51,12.64,1568200,19696608.0
2025-12-25 11:00:00,2025-12-25,20251225110000000,000070,5,12.63,12.64,12.59,12.63,1522500,19207424.0
2025-12-25 11:05:00,2025-12-25,20251225110500000,000070,5,12.63,12.63,12.52,12.53,1432600,18019200.0
2025-12-25 11:10:00,2025-12-25,20251225111000000,000070,5,12.52,12.54,12.51,12.53,582800,7301509.0
2025-12-25 11:15:00,2025-12-25,20251225111500000,000070,5,12.53,12.55,12.5,12.5,621900,7787507.0
2025-12-25 11:20:00,2025-12-25,20251225112000000,000070,5,12.5,12.51,12.45,12.47,844500,10537158.0
2025-12-25 11:25:00,2025-12-25,20251225112500000,000070,5,12.47,12.48,12.43,12.43,568200,7074950.0
2025-12-25 11:30:00,2025-12-25,20251225113000000,000070,5,12.43,12.47,12.42,12.45,522100,6501044.0
2025-12-25 13:05:00,2025-12-25,20251225130500000,000070,5,12.46,12.51,12.44,12.48,695500,8675468.0
2025-12-25 13:10:00,2025-12-25,20251225131000000,000070,5,12.48,12.52,12.47,12.52,484100,6049023.0
2025-12-25 13:15:00,2025-12-25,20251225131500000,000070,5,12.52,12.53,12.48,12.51,607500,7597430.0
2025-12-25 13:20:00,2025-12-25,20251225132000000,000070,5,12.51,12.52,12.49,12.5,678500,8482693.0
2025-12-25 13:25:00,2025-12-25,20251225132500000,000070,5,12.51,12.55,12.49,12.53,823900,10318651.0
2025-12-25 13:30:00,2025-12-25,20251225133000000,000070,5,12.54,12.54,12.49,12.49,1073800,13419595.0
2025-12-25 13:35:00,2025-12-25,20251225133500000,000070,5,12.49,12.5,12.46,12.46,488100,6090876.0
2025-12-25 13:40:00,2025-12-25,20251225134000000,000070,5,12.47,12.47,12.45,12.47,699500,8713921.0
2025-12-25 13:45:00,2025-12-25,20251225134500000,000070,5,12.46,12.47,12.45,12.46,680100,8474049.0
2025-12-25 13:50:00,2025-12-25,20251225135000000,000070,5,12.45,12.46,12.41,12.42,988000,12281590.0
2025-12-25 13:55:00,2025-12-25,20251225135500000,000070,5,12.42,12.45,12.41,12.41,894300,11111756.0
2025-12-25 14:00:00,2025-12-25,20251225140000000,000070,5,12.42,12.44,12.4,12.43,814300,10115325.0
2025-12-25 14:05:00,2025-12-25,20251225140500000,000070,5,12.43,12.47,12.43,12.45,680500,8474886.0
2025-12-25 14:10:00,2025-12-25,20251225141000000,000070,5,12.46,12.46,12.45,12.46,782000,9740415.0
2025-12-25 14:15:00,2025-12-25,20251225141500000,000070,5,12.48,12.51,12.47,12.51,913700,11409663.0
2025-12-25 14:20:00,2025-12-25,20251225142000000,000070,5,12.5,12.51,12.48,12.49,668100,8349560.0
2025-12-25 14:25:00,2025-12-25,20251225142500000,000070,5,12.49,12.53,12.46,12.53,1161800,14518787.0
2025-12-25 14:30:00,2025-12-25,20251225143000000,000070,5,12.53,12.53,12.5,12.51,731000,9148285.0
2025-12-25 14:35:00,2025-12-25,20251225143500000,000070,5,12.51,12.51,12.46,12.46,1315300,16414660.0
2025-12-25 14:40:00,2025-12-25,20251225144000000,000070,5,12.46,12.47,12.44,12.44,1405700,17510393.0
2025-12-25 14:45:00,2025-12-25,20251225144500000,000070,5,12.44,12.48,12.43,12.48,1666800,20760191.0
2025-12-25 14:50:00,2025-12-25,20251225145000000,000070,5,12.48,12.48,12.47,12.48,1635400,20401159.0
2025-12-25 14:55:00,2025-12-25,20251225145500000,000070,5,12.46,12.47,12.45,12.46,2545400,31721277.0
2025-12-25 15:00:00,2025-12-25,20251225150000000,000070,5,12.47,12.48,12.46,12.48,2646800,33017916.0
2025-12-26 09:35:00,2025-12-26,20251226093500000,000070,5,12.48,12.48,12.25,12.27,6176000,75978528.0
2025-12-26 09:40:00,2025-12-26,20251226094000000,000070,5,12.28,12.42,12.28,12.35,2694900,33328832.0
2025-12-26 09:45:00,2025-12-26,20251226094500000,000070,5,12.34,12.37,12.32,12.35,2072700,25566720.0
2025-12-26 09:50:00,2025-12-26,20251226095000000,000070,5,12.35,12.4,12.31,12.31,1584700,19559040.0
2025-12-26 09:55:00,2025-12-26,20251226095500000,000070,5,12.31,12.35,12.29,12.29,1786000,21994048.0
2025-12-26 10:00:00,2025-12-26,20251226100000000,000070,5,12.29,12.34,12.28,12.29,2016200,24786048.0
2025-12-26 10:05:00,2025-12-26,20251226100500000,000070,5,12.29,12.32,12.28,12.28,1441100,17718208.0
2025-12-26 10:10:00,2025-12-26,20251226101000000,000070,5,12.29,12.34,12.28,12.33,1372800,16877072.0
2025-12-26 10:15:00,2025-12-26,20251226101500000,000070,5,12.33,12.33,12.28,12.28,732300,9009024.0
2025-12-26 10:20:00,2025-12-26,20251226102000000,000070,5,12.29,12.36,12.29,12.33,1165500,14372896.0
2025-12-26 10:25:00,2025-12-26,20251226102500000,000070,5,12.33,12.35,12.29,12.34,1002400,12346960.0
2025-12-26 10:30:00,2025-12-26,20251226103000000,000070,5,12.35,12.44,12.32,12.4,1191200,14732384.0
2025-12-26 10:35:00,2025-12-26,20251226103500000,000070,5,12.38,12.39,12.35,12.35,660400,8163936.0
2025-12-26 10:40:00,2025-12-26,20251226104000000,000070,5,12.35,12.39,12.35,12.39,743600,9192672.0
2025-12-26 10:45:00,2025-12-26,20251226104500000,000070,5,12.39,12.4,12.36,12.38,568400,7038304.0
2025-12-26 10:50:00,2025-12-26,20251226105000000,000070,5,12.38,12.39,12.35,12.37,879800,10883360.0
2025-12-26 10:55:00,2025-12-26,20251226105500000,000070,5,12.38,12.38,12.35,12.36,585200,7237440.0
2025-12-26 11:00:00,2025-12-26,20251226110000000,000070,5,12.35,12.36,12.33,12.35,935900,11553408.0
2025-12-26 11:05:00,2025-12-26,20251226110500000,000070,5,12.34,12.38,12.34,12.34,545600,6738272.0
2025-12-26 11:10:00,2025-12-26,20251226111000000,000070,5,12.34,12.36,12.33,12.34,1078700,13311264.0
2025-12-26 11:15:00,2025-12-26,20251226111500000,000070,5,12.33,12.35,12.29,12.3,1149700,14162784.0
2025-12-26 11:20:00,2025-12-26,20251226112000000,000070,5,12.29,12.29,12.17,12.23,4602200,56272896.0
2025-12-26 11:25:00,2025-12-26,20251226112500000,000070,5,12.24,12.25,12.16,12.17,2408700,29359424.0
2025-12-26 11:30:00,2025-12-26,20251226113000000,000070,5,12.17,12.2,12.15,12.19,2112200,25712096.0
2025-12-26 13:05:00,2025-12-26,20251226130500000,000070,5,12.19,12.24,12.19,12.22,1308100,15977472.0
2025-12-26 13:10:00,2025-12-26,20251226131000000,000070,5,12.23,12.3,12.23,12.27,1019700,12509600.0
2025-12-26 13:15:00,2025-12-26,20251226131500000,000070,5,12.27,12.3,12.26,12.3,1028100,12620768.0
2025-12-26 13:20:00,2025-12-26,20251226132000000,000070,5,12.29,12.33,12.29,12.31,889500,10948608.0
2025-12-26 13:25:00,2025-12-26,20251226132500000,000070,5,12.32,12.35,12.3,12.34,1074900,13245056.0
2025-12-26 13:30:00,2025-12-26,20251226133000000,000070,5,12.34,12.36,12.32,12.34,956900,11806650.0
2025-12-26 13:35:00,2025-12-26,20251226133500000,000070,5,12.35,12.35,12.27,12.28,787400,9686270.0
2025-12-26 13:40:00,2025-12-26,20251226134000000,000070,5,12.28,12.3,12.25,12.3,750300,9207108.0
2025-12-26 13:45:00,2025-12-26,20251226134500000,000070,5,12.3,12.34,12.29,12.33,854700,10526401.0
2025-12-26 13:50:00,2025-12-26,20251226135000000,000070,5,12.33,12.35,12.31,12.32,1155700,14256837.0
2025-12-26 13:55:00,2025-12-26,20251226135500000,000070,5,12.32,12.36,12.32,12.36,1189100,14678970.0
2025-12-26 14:00:00,2025-12-26,20251226140000000,000070,5,12.35,12.37,12.34,12.35,742000,9168516.0
2025-12-26 14:05:00,2025-12-26,20251226140500000,000070,5,12.35,12.39,12.33,12.34,1240700,15335748.0
2025-12-26 14:10:00,2025-12-26,20251226141000000,000070,5,12.33,12.34,12.28,12.3,943700,11615932.0
2025-12-26 14:15:00,2025-12-26,20251226141500000,000070,5,12.3,12.32,12.28,12.29,915800,11263617.0
2025-12-26 14:20:00,2025-12-26,20251226142000000,000070,5,12.29,12.31,12.27,12.27,745000,9155583.0
2025-12-26 14:25:00,2025-12-26,20251226142500000,000070,5,12.27,12.28,12.23,12.23,1062500,13021509.0
2025-12-26 14:30:00,2025-12-26,20251226143000000,000070,5,12.23,12.28,12.22,12.28,1017500,12454205.0
2025-12-26 14:35:00,2025-12-26,20251226143500000,000070,5,12.28,12.29,12.25,12.28,735200,9023682.0
2025-12-26 14:40:00,2025-12-26,20251226144000000,000070,5,12.28,12.3,12.27,12.28,1021300,12547834.0
2025-12-26 14:45:00,2025-12-26,20251226144500000,000070,5,12.28,12.29,12.27,12.28,864100,10614522.0
2025-12-26 14:50:00,2025-12-26,20251226145000000,000070,5,12.29,12.31,12.27,12.29,1944500,23897156.0
2025-12-26 14:55:00,2025-12-26,20251226145500000,000070,5,12.28,12.29,12.25,12.27,1903200,23344516.0
2025-12-26 15:00:00,2025-12-26,20251226150000000,000070,5,12.27,12.29,12.26,12.28,1883200,23119420.0
2025-12-29 09:35:00,2025-12-29,20251229093500000,000070,5,12.2,12.32,12.16,12.23,3597100,43958752.0
2025-12-29 09:40:00,2025-12-29,20251229094000000,000070,5,12.21,12.26,12.16,12.19,2238800,27330528.0
2025-12-29 09:45:00,2025-12-29,20251229094500000,000070,5,12.17,12.25,12.17,12.18,1820300,22206208.0
2025-12-29 09:50:00,2025-12-29,20251229095000000,000070,5,12.18,12.2,12.13,12.15,2398500,29166520.0
2025-12-29 09:55:00,2025-12-29,20251229095500000,000070,5,12.15,12.23,12.15,12.19,1841900,22424376.0
2025-12-29 10:00:00,2025-12-29,20251229100000000,000070,5,12.19,12.19,12.15,12.17,1023400,12455808.0
2025-12-29 10:05:00,2025-12-29,20251229100500000,000070,5,12.17,12.25,12.15,12.24,1193500,14556592.0
2025-12-29 10:10:00,2025-12-29,20251229101000000,000070,5,12.24,12.25,12.2,12.21,774300,9469600.0
2025-12-29 10:15:00,2025-12-29,20251229101500000,000070,5,12.22,12.31,12.21,12.25,1657300,20330848.0
2025-12-29 10:20:00,2025-12-29,20251229102000000,000070,5,12.25,12.29,12.22,12.26,785500,9620592.0
2025-12-29 10:25:00,2025-12-29,20251229102500000,000070,5,12.26,12.27,12.21,12.21,768000,9403616.0
2025-12-29 10:30:00,2025-12-29,20251229103000000,000070,5,12.22,12.22,12.16,12.17,1661700,20241296.0
2025-12-29 10:35:00,2025-12-29,20251229103500000,000070,5,12.17,12.17,12.11,12.15,2029900,24624672.0
2025-12-29 10:40:00,2025-12-29,20251229104000000,000070,5,12.15,12.17,12.12,12.15,598400,7268832.0
2025-12-29 10:45:00,2025-12-29,20251229104500000,000070,5,12.15,12.19,12.15,12.18,697500,8488096.0
2025-12-29 10:50:00,2025-12-29,20251229105000000,000070,5,12.17,12.2,12.15,12.17,502600,6116864.0
2025-12-29 10:55:00,2025-12-29,20251229105500000,000070,5,12.16,12.19,12.15,12.18,808600,9837632.0
2025-12-29 11:00:00,2025-12-29,20251229110000000,000070,5,12.18,12.2,12.17,12.2,498400,6070784.0
2025-12-29 11:05:00,2025-12-29,20251229110500000,000070,5,12.2,12.24,12.2,12.23,735600,8988000.0
2025-12-29 11:10:00,2025-12-29,20251229111000000,000070,5,12.23,12.23,12.18,12.19,562000,6858688.0
2025-12-29 11:15:00,2025-12-29,20251229111500000,000070,5,12.19,12.2,12.18,12.19,424700,5175552.0
2025-12-29 11:20:00,2025-12-29,20251229112000000,000070,5,12.18,12.2,12.16,12.17,429200,5227168.0
2025-12-29 11:25:00,2025-12-29,20251229112500000,000070,5,12.17,12.28,12.17,12.28,1675700,20499360.0
2025-12-29 11:30:00,2025-12-29,20251229113000000,000070,5,12.27,12.27,12.2,12.21,1740900,21286976.0
2025-12-29 13:05:00,2025-12-29,20251229130500000,000070,5,12.21,12.22,12.14,12.14,980500,11936896.0
2025-12-29 13:10:00,2025-12-29,20251229131000000,000070,5,12.15,12.15,12.13,12.13,942600,11442016.0
2025-12-29 13:15:00,2025-12-29,20251229131500000,000070,5,12.12,12.14,12.11,12.13,927400,11244736.0
2025-12-29 13:20:00,2025-12-29,20251229132000000,000070,5,12.13,12.16,12.12,12.15,680800,8261312.0
2025-12-29 13:25:00,2025-12-29,20251229132500000,000070,5,12.16,12.17,12.14,12.14,429700,5223936.0
2025-12-29 13:30:00,2025-12-29,20251229133000000,000070,5,12.15,12.21,12.14,12.21,629500,7658752.0
2025-12-29 13:35:00,2025-12-29,20251229133500000,000070,5,12.21,12.24,12.15,12.15,819200,10001664.0
2025-12-29 13:40:00,2025-12-29,20251229134000000,000070,5,12.16,12.16,12.14,12.16,355800,4323360.0
2025-12-29 13:45:00,2025-12-29,20251229134500000,000070,5,12.15,12.17,12.14,12.15,388700,4723552.0
2025-12-29 13:50:00,2025-12-29,20251229135000000,000070,5,12.15,12.19,12.14,12.17,599100,7282240.0
2025-12-29 13:55:00,2025-12-29,20251229135500000,000070,5,12.17,12.2,12.16,12.18,489500,5961696.0
2025-12-29 14:00:00,2025-12-29,20251229140000000,000070,5,12.18,12.19,12.15,12.15,518100,6305984.0
2025-12-29 14:05:00,2025-12-29,20251229140500000,000070,5,12.16,12.16,12.13,12.14,559800,6795968.0
2025-12-29 14:10:00,2025-12-29,20251229141000000,000070,5,12.14,12.16,12.13,12.14,480700,5837184.0
2025-12-29 14:15:00,2025-12-29,20251229141500000,000070,5,12.14,12.16,12.13,12.15,430500,5228736.0
2025-12-29 14:20:00,2025-12-29,20251229142000000,000070,5,12.15,12.16,12.14,12.15,403700,4905664.0
2025-12-29 14:25:00,2025-12-29,20251229142500000,000070,5,12.16,12.16,12.14,12.15,506900,6157472.0
2025-12-29 14:30:00,2025-12-29,20251229143000000,000070,5,12.15,12.15,12.12,12.13,930400,11287808.0
2025-12-29 14:35:00,2025-12-29,20251229143500000,000070,5,12.14,12.14,12.11,12.11,1233500,14946528.0
2025-12-29 14:40:00,2025-12-29,20251229144000000,000070,5,12.11,12.14,12.11,12.13,843900,10227488.0
2025-12-29 14:45:00,2025-12-29,20251229144500000,000070,5,12.13,12.14,12.1,12.12,1073900,13011354.0
2025-12-29 14:50:00,2025-12-29,20251229145000000,000070,5,12.13,12.14,12.12,12.14,771700,9359750.0
2025-12-29 14:55:00,2025-12-29,20251229145500000,000070,5,12.14,12.15,12.12,12.13,1776100,21557304.0
2025-12-29 15:00:00,2025-12-29,20251229150000000,000070,5,12.13,12.14,12.12,12.14,1368100,16598027.0
2025-12-30 09:35:00,2025-12-30,20251230093500000,000070,5,12.13,12.16,12.02,12.1,3136200,37947868.0
2025-12-30 09:40:00,2025-12-30,20251230094000000,000070,5,12.12,12.29,12.11,12.24,4234700,51847156.0
2025-12-30 09:45:00,2025-12-30,20251230094500000,000070,5,12.24,12.34,12.22,12.27,4141100,50859264.0
2025-12-30 09:50:00,2025-12-30,20251230095000000,000070,5,12.26,12.26,12.16,12.17,1932200,23599424.0
2025-12-30 09:55:00,2025-12-30,20251230095500000,000070,5,12.17,12.29,12.16,12.22,1937400,23717488.0
2025-12-30 10:00:00,2025-12-30,20251230100000000,000070,5,12.22,12.22,12.17,12.2,1251800,15257888.0
2025-12-30 10:05:00,2025-12-30,20251230100500000,000070,5,12.19,12.19,12.14,12.18,1727100,21010592.0
2025-12-30 10:10:00,2025-12-30,20251230101000000,000070,5,12.18,12.23,12.17,12.19,1150900,14033648.0
2025-12-30 10:15:00,2025-12-30,20251230101500000,000070,5,12.18,12.2,12.14,12.15,1144400,13929408.0
2025-12-30 10:20:00,2025-12-30,20251230102000000,000070,5,12.15,12.19,12.13,12.14,1110800,13499936.0
2025-12-30 10:25:00,2025-12-30,20251230102500000,000070,5,12.15,12.16,12.13,12.14,989800,12017200.0
2025-12-30 10:30:00,2025-12-30,20251230103000000,000070,5,12.14,12.15,12.12,12.12,671500,8146816.0
2025-12-30 10:35:00,2025-12-30,20251230103500000,000070,5,12.12,12.17,12.12,12.17,836500,10157600.0
2025-12-30 10:40:00,2025-12-30,20251230104000000,000070,5,12.16,12.21,12.16,12.16,758800,9245952.0
2025-12-30 10:45:00,2025-12-30,20251230104500000,000070,5,12.17,12.17,12.13,12.17,653100,7936928.0
2025-12-30 10:50:00,2025-12-30,20251230105000000,000070,5,12.16,12.19,12.15,12.18,834600,10160512.0
2025-12-30 10:55:00,2025-12-30,20251230105500000,000070,5,12.18,12.21,12.17,12.19,797000,9716032.0
2025-12-30 11:00:00,2025-12-30,20251230110000000,000070,5,12.19,12.21,12.17,12.19,553600,6748704.0
2025-12-30 11:05:00,2025-12-30,20251230110500000,000070,5,12.19,12.27,12.19,12.26,1127000,13796672.0
2025-12-30 11:10:00,2025-12-30,20251230111000000,000070,5,12.27,12.38,12.25,12.26,4065500,50096128.0
2025-12-30 11:15:00,2025-12-30,20251230111500000,000070,5,12.25,12.25,12.2,12.23,1068200,13058432.0
2025-12-30 11:20:00,2025-12-30,20251230112000000,000070,5,12.22,12.22,12.17,12.18,810400,9885760.0
2025-12-30 11:25:00,2025-12-30,20251230112500000,000070,5,12.18,12.19,12.17,12.17,575000,7003648.0
2025-12-30 11:30:00,2025-12-30,20251230113000000,000070,5,12.17,12.18,12.16,12.17,472700,5752320.0
2025-12-30 13:05:00,2025-12-30,20251230130500000,000070,5,12.17,12.17,12.11,12.12,1308300,15881568.0
2025-12-30 13:10:00,2025-12-30,20251230131000000,000070,5,12.12,12.13,12.08,12.09,1470400,17789504.0
2025-12-30 13:15:00,2025-12-30,20251230131500000,000070,5,12.07,12.11,12.06,12.08,1305600,15776384.0
2025-12-30 13:20:00,2025-12-30,20251230132000000,000070,5,12.08,12.08,12.03,12.06,1088900,13122560.0
2025-12-30 13:25:00,2025-12-30,20251230132500000,000070,5,12.07,12.11,12.06,12.1,722100,8721920.0
2025-12-30 13:30:00,2025-12-30,20251230133000000,000070,5,12.1,12.14,12.09,12.09,646300,7827840.0
2025-12-30 13:35:00,2025-12-30,20251230133500000,000070,5,12.09,12.12,12.05,12.05,979300,11826720.0
2025-12-30 13:40:00,2025-12-30,20251230134000000,000070,5,12.05,12.07,12.04,12.06,618600,7452704.0
2025-12-30 13:45:00,2025-12-30,20251230134500000,000070,5,12.06,12.08,12.05,12.06,344000,4150528.0
2025-12-30 13:50:00,2025-12-30,20251230135000000,000070,5,12.06,12.09,12.05,12.06,530700,6403648.0
2025-12-30 13:55:00,2025-12-30,20251230135500000,000070,5,12.06,12.07,12.05,12.06,606300,7313917.0
2025-12-30 14:00:00,2025-12-30,20251230140000000,000070,5,12.06,12.07,12.03,12.03,1387100,16699841.0
2025-12-30 14:05:00,2025-12-30,20251230140500000,000070,5,12.02,12.04,11.99,12.04,2134200,25618370.0
2025-12-30 14:10:00,2025-12-30,20251230141000000,000070,5,12.03,12.04,12.0,12.02,775700,9318144.0
2025-12-30 14:15:00,2025-12-30,20251230141500000,000070,5,12.01,12.04,12.01,12.02,572300,6883258.0
2025-12-30 14:20:00,2025-12-30,20251230142000000,000070,5,12.02,12.06,12.02,12.03,638400,7687681.0
2025-12-30 14:25:00,2025-12-30,20251230142500000,000070,5,12.04,12.07,12.03,12.03,488800,5886601.0
2025-12-30 14:30:00,2025-12-30,20251230143000000,000070,5,12.03,12.03,12.01,12.01,490900,5899512.0
2025-12-30 14:35:00,2025-12-30,20251230143500000,000070,5,12.01,12.03,12.0,12.0,976300,11723524.0
2025-12-30 14:40:00,2025-12-30,20251230144000000,000070,5,11.99,12.0,11.96,11.98,1823600,21847616.0
2025-12-30 14:45:00,2025-12-30,20251230144500000,000070,5,11.98,11.99,11.96,11.97,1416300,16956160.0
2025-12-30 14:50:00,2025-12-30,20251230145000000,000070,5,11.96,11.99,11.96,11.98,1551100,18573824.0
2025-12-30 14:55:00,2025-12-30,20251230145500000,000070,5,11.99,12.0,11.95,11.95,2633300,31505088.0
2025-12-30 15:00:00,2025-12-30,20251230150000000,000070,5,11.95,12.0,11.93,11.98,1704900,20400192.0
2025-12-31 09:35:00,2025-12-31,20251231093500000,000070,5,11.88,11.96,11.83,11.86,4037900,47934736.0
2025-12-31 09:40:00,2025-12-31,20251231094000000,000070,5,11.86,11.9,11.75,11.75,3267800,38603272.0
2025-12-31 09:45:00,2025-12-31,20251231094500000,000070,5,11.75,11.8,11.72,11.73,2793900,32843560.0
2025-12-31 09:50:00,2025-12-31,20251231095000000,000070,5,11.73,11.78,11.7,11.72,5263700,61633184.0
2025-12-31 09:55:00,2025-12-31,20251231095500000,000070,5,11.72,11.8,11.71,11.74,1832400,21539920.0
2025-12-31 10:00:00,2025-12-31,20251231100000000,000070,5,11.74,11.75,11.64,11.66,3701400,43244944.0
2025-12-31 10:05:00,2025-12-31,20251231100500000,000070,5,11.65,11.75,11.65,11.75,1678300,19652720.0
2025-12-31 10:10:00,2025-12-31,20251231101000000,000070,5,11.75,11.81,11.72,11.81,1239400,14573360.0
2025-12-31 10:15:00,2025-12-31,20251231101500000,000070,5,11.81,11.82,11.72,11.75,1267000,14904096.0
2025-12-31 10:20:00,2025-12-31,20251231102000000,000070,5,11.75,11.76,11.71,11.74,1037300,12165952.0
2025-12-31 10:25:00,2025-12-31,20251231102500000,000070,5,11.75,11.79,11.74,11.77,661500,7783552.0
2025-12-31 10:30:00,2025-12-31,20251231103000000,000070,5,11.76,11.77,11.74,11.74,694800,8165440.0
2025-12-31 10:35:00,2025-12-31,20251231103500000,000070,5,11.74,11.78,11.73,11.77,824500,9687424.0
2025-12-31 10:40:00,2025-12-31,20251231104000000,000070,5,11.77,11.77,11.7,11.71,767900,9013856.0
2025-12-31 10:45:00,2025-12-31,20251231104500000,000070,5,11.71,11.74,11.7,11.7,792900,9287104.0
2025-12-31 10:50:00,2025-12-31,20251231105000000,000070,5,11.71,11.75,11.7,11.74,645400,7564384.0
2025-12-31 10:55:00,2025-12-31,20251231105500000,000070,5,11.73,11.75,11.7,11.71,860600,10085312.0
2025-12-31 11:00:00,2025-12-31,20251231110000000,000070,5,11.7,11.74,11.7,11.74,649300,7605504.0
2025-12-31 11:05:00,2025-12-31,20251231110500000,000070,5,11.74,11.76,11.73,11.76,615800,7234272.0
2025-12-31 11:10:00,2025-12-31,20251231111000000,000070,5,11.76,11.76,11.71,11.72,374900,4397696.0
2025-12-31 11:15:00,2025-12-31,20251231111500000,000070,5,11.71,11.73,11.7,11.72,515600,6039328.0
2025-12-31 11:20:00,2025-12-31,20251231112000000,000070,5,11.72,11.77,11.72,11.74,423000,4968096.0
2025-12-31 11:25:00,2025-12-31,20251231112500000,000070,5,11.74,11.76,11.73,11.73,345900,4063424.0
2025-12-31 11:30:00,2025-12-31,20251231113000000,000070,5,11.73,11.74,11.71,11.72,420000,4925184.0
2025-12-31 13:05:00,2025-12-31,20251231130500000,000070,5,11.72,11.74,11.7,11.72,983000,11517184.0
2025-12-31 13:10:00,2025-12-31,20251231131000000,000070,5,11.72,11.74,11.7,11.73,523900,6138560.0
2025-12-31 13:15:00,2025-12-31,20251231131500000,000070,5,11.74,11.77,11.73,11.76,697100,8192256.0
2025-12-31 13:20:00,2025-12-31,20251231132000000,000070,5,11.76,11.83,11.76,11.8,1241500,14651328.0
2025-12-31 13:25:00,2025-12-31,20251231132500000,000070,5,11.81,11.81,11.78,11.79,723700,8535296.0
2025-12-31 13:30:00,2025-12-31,20251231133000000,000070,5,11.79,11.82,11.78,11.81,619700,7313952.0
2025-12-31 13:35:00,2025-12-31,20251231133500000,000070,5,11.82,11.82,11.78,11.8,945000,11141344.0
2025-12-31 13:40:00,2025-12-31,20251231134000000,000070,5,11.79,11.8,11.77,11.79,710400,8372064.0
2025-12-31 13:45:00,2025-12-31,20251231134500000,000070,5,11.78,11.8,11.78,11.78,339400,4000480.0
2025-12-31 13:50:00,2025-12-31,20251231135000000,000070,5,11.78,11.8,11.78,11.8,567800,6692608.0
2025-12-31 13:55:00,2025-12-31,20251231135500000,000070,5,11.8,11.82,11.79,11.8,621000,7333120.0
2025-12-31 14:00:00,2025-12-31,20251231140000000,000070,5,11.81,11.81,11.78,11.8,444300,5236800.0
2025-12-31 14:05:00,2025-12-31,20251231140500000,000070,5,11.79,11.81,11.78,11.8,663300,7826432.0
2025-12-31 14:10:00,2025-12-31,20251231141000000,000070,5,11.8,11.83,11.8,11.8,613900,7251872.0
2025-12-31 14:15:00,2025-12-31,20251231141500000,000070,5,11.8,11.84,11.79,11.84,666500,7878400.0
2025-12-31 14:20:00,2025-12-31,20251231142000000,000070,5,11.84,11.85,11.82,11.84,431700,5108768.0
2025-12-31 14:25:00,2025-12-31,20251231142500000,000070,5,11.84,11.84,11.81,11.82,453300,5360934.0
2025-12-31 14:30:00,2025-12-31,20251231143000000,000070,5,11.82,11.84,11.81,11.82,754000,8916090.0
2025-12-31 14:35:00,2025-12-31,20251231143500000,000070,5,11.82,11.82,11.76,11.77,1031300,12153596.0
2025-12-31 14:40:00,2025-12-31,20251231144000000,000070,5,11.77,11.78,11.74,11.74,1020900,12004220.0
2025-12-31 14:45:00,2025-12-31,20251231144500000,000070,5,11.74,11.77,11.74,11.75,914900,10752896.0
2025-12-31 14:50:00,2025-12-31,20251231145000000,000070,5,11.76,11.76,11.74,11.76,1124000,13212233.0
2025-12-31 14:55:00,2025-12-31,20251231145500000,000070,5,11.76,11.76,11.73,11.73,2267700,26626809.0
2025-12-31 15:00:00,2025-12-31,20251231150000000,000070,5,11.73,11.74,11.72,11.74,1379200,16185024.0
2026-01-05 09:35:00,2026-01-05,20260105093500000,000070,5,11.95,11.97,11.77,11.8,4096840,48644990.4
2026-01-05 09:40:00,2026-01-05,20260105094000000,000070,5,11.82,11.93,11.82,11.85,2707300,32183712.0
2026-01-05 09:45:00,2026-01-05,20260105094500000,000070,5,11.85,11.94,11.84,11.9,1516110,18025367.7
2026-01-05 09:50:00,2026-01-05,20260105095000000,000070,5,11.9,11.9,11.86,11.88,987200,11729301.0
2026-01-05 09:55:00,2026-01-05,20260105095500000,000070,5,11.88,11.9,11.86,11.87,1191600,14162959.0
2026-01-05 10:00:00,2026-01-05,20260105100000000,000070,5,11.86,11.87,11.81,11.82,958700,11350995.0
2026-01-05 10:05:00,2026-01-05,20260105100500000,000070,5,11.84,11.87,11.82,11.84,924000,10938701.0
2026-01-05 10:10:00,2026-01-05,20260105101000000,000070,5,11.84,11.9,11.84,11.88,989000,11742994.0
2026-01-05 10:15:00,2026-01-05,20260105101500000,000070,5,11.88,11.88,11.85,11.85,636700,7555457.0
2026-01-05 10:20:00,2026-01-05,20260105102000000,000070,5,11.86,11.88,11.83,11.85,804900,9540402.0
2026-01-05 10:25:00,2026-01-05,20260105102500000,000070,5,11.85,11.89,11.85,11.88,668700,7941610.0
2026-01-05 10:30:00,2026-01-05,20260105103000000,000070,5,11.88,11.95,11.88,11.93,1607478,19166153.54
2026-01-05 10:35:00,2026-01-05,20260105103500000,000070,5,11.92,11.93,11.86,11.87,808800,9613901.0
2026-01-05 10:40:00,2026-01-05,20260105104000000,000070,5,11.87,11.91,11.86,11.9,642600,7637713.0
2026-01-05 10:45:00,2026-01-05,20260105104500000,000070,5,11.9,11.9,11.87,11.88,382000,4540400.0
2026-01-05 10:50:00,2026-01-05,20260105105000000,000070,5,11.89,11.9,11.87,11.87,447500,5319236.0
2026-01-05 10:55:00,2026-01-05,20260105105500000,000070,5,11.88,11.96,11.87,11.91,2012000,23993823.0
2026-01-05 11:00:00,2026-01-05,20260105110000000,000070,5,11.9,11.91,11.85,11.86,1023900,12164059.0
2026-01-05 11:05:00,2026-01-05,20260105110500000,000070,5,11.86,11.87,11.85,11.86,558900,6627666.0
2026-01-05 11:10:00,2026-01-05,20260105111000000,000070,5,11.86,11.87,11.84,11.85,453800,5378420.0
2026-01-05 11:15:00,2026-01-05,20260105111500000,000070,5,11.85,11.88,11.85,11.87,224900,2668186.0
2026-01-05 11:20:00,2026-01-05,20260105112000000,000070,5,11.87,11.87,11.85,11.86,336200,3985578.0
2026-01-05 11:25:00,2026-01-05,20260105112500000,000070,5,11.86,11.88,11.85,11.86,501300,5947295.0
2026-01-05 11:30:00,2026-01-05,20260105113000000,000070,5,11.86,11.89,11.85,11.88,438900,5209676.0
2026-01-05 13:05:00,2026-01-05,20260105130500000,000070,5,11.88,11.88,11.85,11.86,954700,11330201.0
2026-01-05 13:10:00,2026-01-05,20260105131000000,000070,5,11.85,11.92,11.85,11.9,720600,8562970.0
2026-01-05 13:15:00,2026-01-05,20260105131500000,000070,5,11.89,11.93,11.88,11.92,671800,7994743.0
2026-01-05 13:20:00,2026-01-05,20260105132000000,000070,5,11.92,11.92,11.88,11.9,686400,8165063.0
2026-01-05 13:25:00,2026-01-05,20260105132500000,000070,5,11.89,11.89,11.86,11.88,935000,11101165.0
2026-01-05 13:30:00,2026-01-05,20260105133000000,000070,5,11.88,11.92,11.87,11.92,492000,5854544.0
2026-01-05 13:35:00,2026-01-05,20260105133500000,000070,5,11.91,11.92,11.89,11.9,713400,8495512.0
2026-01-05 13:40:00,2026-01-05,20260105134000000,000070,5,11.91,11.92,11.9,11.91,317100,3777796.0
2026-01-05 13:45:00,2026-01-05,20260105134500000,000070,5,11.91,11.92,11.9,11.91,438600,5223643.0
2026-01-05 13:50:00,2026-01-05,20260105135000000,000070,5,11.92,11.92,11.9,11.91,762400,9082320.0
2026-01-05 13:55:00,2026-01-05,20260105135500000,000070,5,11.91,12.06,11.9,12.03,4740300,56915229.0
2026-01-05 14:00:00,2026-01-05,20260105140000000,000070,5,12.04,12.04,11.98,12.01,2874600,34541549.0
2026-01-05 14:05:00,2026-01-05,20260105140500000,000070,5,12.02,12.02,11.96,11.96,1392200,16683217.0
2026-01-05 14:10:00,2026-01-05,20260105141000000,000070,5,11.96,11.98,11.95,11.97,716900,8576295.0
2026-01-05 14:15:00,2026-01-05,20260105141500000,000070,5,11.98,12.0,11.97,11.99,611000,7322405.0
2026-01-05 14:20:00,2026-01-05,20260105142000000,000070,5,11.99,11.99,11.97,11.97,572300,6858376.0
2026-01-05 14:25:00,2026-01-05,20260105142500000,000070,5,11.98,12.0,11.97,12.0,485900,5825130.0
2026-01-05 14:30:00,2026-01-05,20260105143000000,000070,5,11.99,12.0,11.98,11.98,687200,8237935.0
2026-01-05 14:35:00,2026-01-05,20260105143500000,000070,5,11.98,11.99,11.97,11.98,486700,5829649.0
2026-01-05 14:40:00,2026-01-05,20260105144000000,000070,5,11.98,11.99,11.97,11.99,658400,7889411.0
2026-01-05 14:45:00,2026-01-05,20260105144500000,000070,5,11.98,12.0,11.98,12.0,1296200,15545628.0
2026-01-05 14:50:00,2026-01-05,20260105145000000,000070,5,11.99,12.0,11.98,11.98,1218700,14606896.0
2026-01-05 14:55:00,2026-01-05,20260105145500000,000070,5,11.98,12.0,11.97,11.99,1837140,22015535.2
2026-01-05 15:00:00,2026-01-05,20260105150000000,000070,5,11.99,12.0,11.98,12.0,1662100,19939242.0
2026-01-06 09:35:00,2026-01-06,20260106093500000,000070,5,12.07,12.07,11.83,11.89,3288500,39136217.0
2026-01-06 09:40:00,2026-01-06,20260106094000000,000070,5,11.89,11.95,11.89,11.91,1654400,19707639.0
2026-01-06 09:45:00,2026-01-06,20260106094500000,000070,5,11.91,11.93,11.87,11.9,1748600,20794956.0
2026-01-06 09:50:00,2026-01-06,20260106095000000,000070,5,11.9,11.9,11.85,11.86,1886600,22389704.0
2026-01-06 09:55:00,2026-01-06,20260106095500000,000070,5,11.86,11.92,11.85,11.91,1518100,18030696.0
2026-01-06 10:00:00,2026-01-06,20260106100000000,000070,5,11.91,11.92,11.87,11.87,866600,10298499.0
2026-01-06 10:05:00,2026-01-06,20260106100500000,000070,5,11.87,11.87,11.82,11.86,2483900,29409830.0
2026-01-06 10:10:00,2026-01-06,20260106101000000,000070,5,11.86,11.88,11.84,11.86,1001800,11883082.0
2026-01-06 10:15:00,2026-01-06,20260106101500000,000070,5,11.87,11.88,11.85,11.85,872900,10357350.0
2026-01-06 10:20:00,2026-01-06,20260106102000000,000070,5,11.85,11.86,11.84,11.86,943700,11180740.0
2026-01-06 10:25:00,2026-01-06,20260106102500000,000070,5,11.85,11.9,11.85,11.88,936830,11133614.1
2026-01-06 10:30:00,2026-01-06,20260106103000000,000070,5,11.88,11.88,11.84,11.84,628770,7455018.9
2026-01-06 10:35:00,2026-01-06,20260106103500000,000070,5,11.85,11.86,11.84,11.85,637400,7553478.0
2026-01-06 10:40:00,2026-01-06,20260106104000000,000070,5,11.85,11.86,11.78,11.8,2957100,34942563.0
2026-01-06 10:45:00,2026-01-06,20260106104500000,000070,5,11.8,11.82,11.79,11.8,1117800,13191048.0
2026-01-06 10:50:00,2026-01-06,20260106105000000,000070,5,11.79,11.8,11.76,11.76,1347600,15866099.0
2026-01-06 10:55:00,2026-01-06,20260106105500000,000070,5,11.76,11.81,11.76,11.81,933300,10997421.0
2026-01-06 11:00:00,2026-01-06,20260106110000000,000070,5,11.8,11.83,11.8,11.82,409400,4837940.0
2026-01-06 11:05:00,2026-01-06,20260106110500000,000070,5,11.82,11.85,11.81,11.83,481000,5689619.0
2026-01-06 11:10:00,2026-01-06,20260106111000000,000070,5,11.84,11.84,11.8,11.81,370000,4372189.0
2026-01-06 11:15:00,2026-01-06,20260106111500000,000070,5,11.81,11.84,11.8,11.83,539200,6374311.0
2026-01-06 11:20:00,2026-01-06,20260106112000000,000070,5,11.82,11.84,11.81,11.83,389000,4599611.0
2026-01-06 11:25:00,2026-01-06,20260106112500000,000070,5,11.83,11.84,11.81,11.83,379900,4494216.0
2026-01-06 11:30:00,2026-01-06,20260106113000000,000070,5,11.83,11.86,11.83,11.85,537100,6363770.0
2026-01-06 13:05:00,2026-01-06,20260106130500000,000070,5,11.86,11.86,11.8,11.81,863500,10209695.0
2026-01-06 13:10:00,2026-01-06,20260106131000000,000070,5,11.81,11.86,11.81,11.85,503600,5962941.0
2026-01-06 13:15:00,2026-01-06,20260106131500000,000070,5,11.85,11.86,11.82,11.84,596920,7066119.8
2026-01-06 13:20:00,2026-01-06,20260106132000000,000070,5,11.84,11.86,11.83,11.83,542200,6423965.0
2026-01-06 13:25:00,2026-01-06,20260106132500000,000070,5,11.84,11.85,11.82,11.83,936600,11082515.0
2026-01-06 13:30:00,2026-01-06,20260106133000000,000070,5,11.83,11.92,11.83,11.89,1781340,21185463.2
2026-01-06 13:35:00,2026-01-06,20260106133500000,000070,5,11.9,11.9,11.85,11.87,507960,6029149.4
2026-01-06 13:40:00,2026-01-06,20260106134000000,000070,5,11.87,11.88,11.84,11.84,676700,8027648.0
2026-01-06 13:45:00,2026-01-06,20260106134500000,000070,5,11.84,11.86,11.82,11.82,523400,6194436.0
2026-01-06 13:50:00,2026-01-06,20260106135000000,000070,5,11.82,11.85,11.8,11.85,1043700,12332732.0
2026-01-06 13:55:00,2026-01-06,20260106135500000,000070,5,11.85,11.88,11.84,11.86,508302,6026143.7
2026-01-06 14:00:00,2026-01-06,20260106140000000,000070,5,11.87,11.91,11.86,11.89,629100,7479363.0
2026-01-06 14:05:00,2026-01-06,20260106140500000,000070,5,11.88,11.89,11.87,11.89,622000,7390438.0
2026-01-06 14:10:00,2026-01-06,20260106141000000,000070,5,11.88,11.96,11.88,11.96,1534900,18295120.0
2026-01-06 14:15:00,2026-01-06,20260106141500000,000070,5,11.96,11.96,11.92,11.93,574900,6861413.0
2026-01-06 14:20:00,2026-01-06,20260106142000000,000070,5,11.93,11.94,11.92,11.92,466500,5566014.0
2026-01-06 14:25:00,2026-01-06,20260106142500000,000070,5,11.92,11.94,11.91,11.93,523600,6243647.0
2026-01-06 14:30:00,2026-01-06,20260106143000000,000070,5,11.93,11.94,11.92,11.93,574600,6856920.0
2026-01-06 14:35:00,2026-01-06,20260106143500000,000070,5,11.93,11.95,11.93,11.95,825000,9848915.0
2026-01-06 14:40:00,2026-01-06,20260106144000000,000070,5,11.95,11.97,11.94,11.97,1000963,11963161.85
2026-01-06 14:45:00,2026-01-06,20260106144500000,000070,5,11.97,11.97,11.95,11.96,1372000,16410435.0
2026-01-06 14:50:00,2026-01-06,20260106145000000,000070,5,11.96,11.96,11.94,11.94,1139237,13617525.15
2026-01-06 14:55:00,2026-01-06,20260106145500000,000070,5,11.95,11.95,11.93,11.95,1488100,17773980.0
2026-01-06 15:00:00,2026-01-06,20260106150000000,000070,5,11.94,11.95,11.94,11.95,1613063,19271135.22
2026-01-07 09:35:00,2026-01-07,20260107093500000,000070,5,11.86,11.98,11.86,11.94,3646200,43495272.0
2026-01-07 09:40:00,2026-01-07,20260107094000000,000070,5,11.94,12.02,11.93,11.99,3143700,37691623.0
2026-01-07 09:45:00,2026-01-07,20260107094500000,000070,5,12.01,12.06,11.99,12.03,2415800,29057712.0
2026-01-07 09:50:00,2026-01-07,20260107095000000,000070,5,12.02,12.02,11.97,12.0,1314200,15768902.0
2026-01-07 09:55:00,2026-01-07,20260107095500000,000070,5,12.01,12.11,12.0,12.05,2557700,30869437.0
2026-01-07 10:00:00,2026-01-07,20260107100000000,000070,5,12.05,12.05,12.01,12.02,1548600,18629354.0
2026-01-07 10:05:00,2026-01-07,20260107100500000,000070,5,12.02,12.07,12.02,12.04,952700,11473752.0
2026-01-07 10:10:00,2026-01-07,20260107101000000,000070,5,12.05,12.05,12.02,12.03,764900,9203729.0
2026-01-07 10:15:00,2026-01-07,20260107101500000,000070,5,12.03,12.1,12.02,12.08,1935700,23347782.0
2026-01-07 10:20:00,2026-01-07,20260107102000000,000070,5,12.08,12.08,12.01,12.04,1773100,21360611.0
2026-01-07 10:25:00,2026-01-07,20260107102500000,000070,5,12.04,12.06,12.0,12.0,1716100,20641389.0
2026-01-07 10:30:00,2026-01-07,20260107103000000,000070,5,12.01,12.01,11.97,12.01,1543840,18510616.0
2026-01-07 10:35:00,2026-01-07,20260107103500000,000070,5,12.01,12.03,11.98,12.02,623000,7474816.0
2026-01-07 10:40:00,2026-01-07,20260107104000000,000070,5,12.02,12.03,11.99,12.0,533700,6407828.0
2026-01-07 10:45:00,2026-01-07,20260107104500000,000070,5,12.0,12.0,11.98,11.99,500700,6001427.0
2026-01-07 10:50:00,2026-01-07,20260107105000000,000070,5,11.98,11.99,11.96,11.96,575800,6895112.8
2026-01-07 10:55:00,2026-01-07,20260107105500000,000070,5,11.96,11.98,11.96,11.97,388500,4650272.0
2026-01-07 11:00:00,2026-01-07,20260107110000000,000070,5,11.96,11.96,11.91,11.93,1340500,15995832.0
2026-01-07 11:05:00,2026-01-07,20260107110500000,000070,5,11.93,11.97,11.93,11.97,409700,4895129.0
2026-01-07 11:10:00,2026-01-07,20260107111000000,000070,5,11.97,11.98,11.95,11.98,345700,4136540.0
2026-01-07 11:15:00,2026-01-07,20260107111500000,000070,5,11.98,12.03,11.97,12.03,1063900,12769618.0
2026-01-07 11:20:00,2026-01-07,20260107112000000,000070,5,12.03,12.06,12.02,12.04,944300,11370077.0
2026-01-07 11:25:00,2026-01-07,20260107112500000,000070,5,12.04,12.07,12.03,12.06,662100,7977155.0
2026-01-07 11:30:00,2026-01-07,20260107113000000,000070,5,12.05,12.06,12.02,12.03,335400,4036930.0
2026-01-07 13:05:00,2026-01-07,20260107130500000,000070,5,12.03,12.03,11.96,11.96,1063400,12748267.0
2026-01-07 13:10:00,2026-01-07,20260107131000000,000070,5,11.97,11.99,11.95,11.96,642100,7681449.0
2026-01-07 13:15:00,2026-01-07,20260107131500000,000070,5,11.96,11.99,11.93,11.98,780000,9325878.0
2026-01-07 13:20:00,2026-01-07,20260107132000000,000070,5,11.98,12.0,11.96,11.97,511600,6131779.0
2026-01-07 13:25:00,2026-01-07,20260107132500000,000070,5,11.97,11.99,11.94,11.95,707100,8462081.0
2026-01-07 13:30:00,2026-01-07,20260107133000000,000070,5,11.94,11.94,11.88,11.89,1707000,20323941.0
2026-01-07 13:35:00,2026-01-07,20260107133500000,000070,5,11.89,11.92,11.87,11.9,1158600,13776531.0
2026-01-07 13:40:00,2026-01-07,20260107134000000,000070,5,11.9,11.92,11.9,11.9,764800,9104761.0
2026-01-07 13:45:00,2026-01-07,20260107134500000,000070,5,11.9,11.9,11.87,11.88,1134500,13478459.0
2026-01-07 13:50:00,2026-01-07,20260107135000000,000070,5,11.87,11.9,11.87,11.87,634800,7540803.0
2026-01-07 13:55:00,2026-01-07,20260107135500000,000070,5,11.88,11.9,11.87,11.9,449500,5343027.0
2026-01-07 14:00:00,2026-01-07,20260107140000000,000070,5,11.9,11.92,11.89,11.92,604800,7197673.95
2026-01-07 14:05:00,2026-01-07,20260107140500000,000070,5,11.92,11.94,11.91,11.93,386600,4611728.0
2026-01-07 14:10:00,2026-01-07,20260107141000000,000070,5,11.92,11.97,11.92,11.97,550220,6572630.8
2026-01-07 14:15:00,2026-01-07,20260107141500000,000070,5,11.97,12.04,11.96,12.0,1383900,16608309.0
2026-01-07 14:20:00,2026-01-07,20260107142000000,000070,5,12.01,12.02,11.98,11.98,689200,8266998.0
2026-01-07 14:25:00,2026-01-07,20260107142500000,000070,5,11.98,11.98,11.95,11.97,472400,5651788.0
2026-01-07 14:30:00,2026-01-07,20260107143000000,000070,5,11.97,12.0,11.96,11.99,566500,6785722.0
2026-01-07 14:35:00,2026-01-07,20260107143500000,000070,5,11.99,11.99,11.94,11.95,1000800,11977718.0
2026-01-07 14:40:00,2026-01-07,20260107144000000,000070,5,11.95,11.99,11.94,11.97,905863,10838260.11
2026-01-07 14:45:00,2026-01-07,20260107144500000,000070,5,11.97,12.02,11.97,12.01,1821987,21866516.0
2026-01-07 14:50:00,2026-01-07,20260107145000000,000070,5,12.01,12.02,12.0,12.01,1140000,13690340.0
2026-01-07 14:55:00,2026-01-07,20260107145500000,000070,5,12.0,12.01,11.98,12.01,1511039,18122045.22
2026-01-07 15:00:00,2026-01-07,20260107150000000,000070,5,12.0,12.0,11.99,12.0,1624300,19490657.0
2026-01-08 09:35:00,2026-01-08,20260108093500000,000070,5,11.98,11.98,11.89,11.93,2885500,34380277.64
2026-01-08 09:40:00,2026-01-08,20260108094000000,000070,5,11.92,12.0,11.89,11.99,1989500,23731710.0
2026-01-08 09:45:00,2026-01-08,20260108094500000,000070,5,11.99,12.11,11.99,12.1,3417500,41250070.0
2026-01-08 09:50:00,2026-01-08,20260108095000000,000070,5,12.09,12.09,12.0,12.01,1824100,21972739.0
2026-01-08 09:55:00,2026-01-08,20260108095500000,000070,5,12.01,12.08,12.0,12.05,1916100,23041755.0
2026-01-08 10:00:00,2026-01-08,20260108100000000,000070,5,12.05,12.12,12.05,12.12,1732000,20948131.0
2026-01-08 10:05:00,2026-01-08,20260108100500000,000070,5,12.12,12.12,12.09,12.1,1607200,19456598.0
2026-01-08 10:10:00,2026-01-08,20260108101000000,000070,5,12.1,12.19,12.09,12.19,2570200,31187492.0
2026-01-08 10:15:00,2026-01-08,20260108101500000,000070,5,12.19,12.19,12.13,12.15,2197300,26723264.0
2026-01-08 10:20:00,2026-01-08,20260108102000000,000070,5,12.16,12.17,12.13,12.13,1385500,16846279.0
2026-01-08 10:25:00,2026-01-08,20260108102500000,000070,5,12.13,12.14,12.1,12.12,1310300,15884607.0
2026-01-08 10:30:00,2026-01-08,20260108103000000,000070,5,12.13,12.18,12.13,12.17,1165900,14184705.0
2026-01-08 10:35:00,2026-01-08,20260108103500000,000070,5,12.17,12.18,12.15,12.16,1038800,12639252.0
2026-01-08 10:40:00,2026-01-08,20260108104000000,000070,5,12.16,12.22,12.13,12.22,2474000,30155355.0
2026-01-08 10:45:00,2026-01-08,20260108104500000,000070,5,12.21,12.21,12.16,12.21,1602200,19530873.0
2026-01-08 10:50:00,2026-01-08,20260108105000000,000070,5,12.22,12.27,12.22,12.24,2418400,29616103.0
2026-01-08 10:55:00,2026-01-08,20260108105500000,000070,5,12.23,12.24,12.2,12.21,1224700,14965085.0
2026-01-08 11:00:00,2026-01-08,20260108110000000,000070,5,12.21,12.23,12.19,12.22,983400,12008906.0
2026-01-08 11:05:00,2026-01-08,20260108110500000,000070,5,12.22,12.23,12.2,12.22,1044900,12764063.0
2026-01-08 11:10:00,2026-01-08,20260108111000000,000070,5,12.22,12.27,12.21,12.23,2323100,28423946.0
2026-01-08 11:15:00,2026-01-08,20260108111500000,000070,5,12.23,12.23,12.16,12.16,971000,11843766.0
2026-01-08 11:20:00,2026-01-08,20260108112000000,000070,5,12.17,12.19,12.15,12.19,772900,9397891.0
2026-01-08 11:25:00,2026-01-08,20260108112500000,000070,5,12.19,12.21,12.16,12.18,659500,8038244.0
2026-01-08 11:30:00,2026-01-08,20260108113000000,000070,5,12.19,12.23,12.18,12.22,806100,9840350.0
2026-01-08 13:05:00,2026-01-08,20260108130500000,000070,5,12.22,12.23,12.21,12.23,1275100,15585916.0
2026-01-08 13:10:00,2026-01-08,20260108131000000,000070,5,12.22,12.23,12.2,12.21,613000,7487966.0
2026-01-08 13:15:00,2026-01-08,20260108131500000,000070,5,12.2,12.21,12.18,12.19,537900,6559491.0
2026-01-08 13:20:00,2026-01-08,20260108132000000,000070,5,12.18,12.2,12.18,12.2,574200,6999417.0
2026-01-08 13:25:00,2026-01-08,20260108132500000,000070,5,12.2,12.21,12.17,12.18,1066200,13002040.0
2026-01-08 13:30:00,2026-01-08,20260108133000000,000070,5,12.18,12.19,12.18,12.19,497800,6064414.0
2026-01-08 13:35:00,2026-01-08,20260108133500000,000070,5,12.18,12.19,12.15,12.15,1269800,15445055.0
2026-01-08 13:40:00,2026-01-08,20260108134000000,000070,5,12.15,12.19,12.15,12.17,618900,7529976.0
2026-01-08 13:45:00,2026-01-08,20260108134500000,000070,5,12.18,12.19,12.17,12.19,544800,6636835.0
2026-01-08 13:50:00,2026-01-08,20260108135000000,000070,5,12.19,12.24,12.17,12.21,1584100,19335253.0
2026-01-08 13:55:00,2026-01-08,20260108135500000,000070,5,12.21,12.22,12.18,12.2,821200,10017292.0
2026-01-08 14:00:00,2026-01-08,20260108140000000,000070,5,12.2,12.21,12.19,12.2,884700,10794767.0
2026-01-08 14:05:00,2026-01-08,20260108140500000,000070,5,12.21,12.24,12.2,12.22,1227100,15003267.0
2026-01-08 14:10:00,2026-01-08,20260108141000000,000070,5,12.21,12.22,12.17,12.17,1287700,15704082.0
2026-01-08 14:15:00,2026-01-08,20260108141500000,000070,5,12.17,12.17,12.13,12.13,1449000,17597790.0
2026-01-08 14:20:00,2026-01-08,20260108142000000,000070,5,12.13,12.18,12.13,12.17,1147700,13942565.0
2026-01-08 14:25:00,2026-01-08,20260108142500000,000070,5,12.17,12.18,12.15,12.17,545600,6639316.0
2026-01-08 14:30:00,2026-01-08,20260108143000000,000070,5,12.18,12.18,12.16,12.18,645300,7854762.0
2026-01-08 14:35:00,2026-01-08,20260108143500000,000070,5,12.18,12.19,12.17,12.19,964100,11743264.0
2026-01-08 14:40:00,2026-01-08,20260108144000000,000070,5,12.18,12.19,12.16,12.17,1090700,13277037.0
2026-01-08 14:45:00,2026-01-08,20260108144500000,000070,5,12.17,12.23,12.16,12.22,2737700,33392814.0
2026-01-08 14:50:00,2026-01-08,20260108145000000,000070,5,12.22,12.26,12.21,12.23,5396400,66019093.0
2026-01-08 14:55:00,2026-01-08,20260108145500000,000070,5,12.22,12.22,12.16,12.2,5253680,64038301.6
2026-01-08 15:00:00,2026-01-08,20260108150000000,000070,5,12.21,12.21,12.18,12.2,4154000,50663501.0
2026-01-09 09:35:00,2026-01-09,20260109093500000,000070,5,12.12,12.39,12.08,12.3,8043600,98541586.0
2026-01-09 09:40:00,2026-01-09,20260109094000000,000070,5,12.28,12.34,12.25,12.29,3641600,44734340.0
2026-01-09 09:45:00,2026-01-09,20260109094500000,000070,5,12.3,12.32,12.2,12.25,3467000,42475741.0
2026-01-09 09:50:00,2026-01-09,20260109095000000,000070,5,12.26,12.3,12.25,12.26,1946500,23889480.0
2026-01-09 09:55:00,2026-01-09,20260109095500000,000070,5,12.26,12.34,12.26,12.33,2232700,27467261.0
2026-01-09 10:00:00,2026-01-09,20260109100000000,000070,5,12.34,12.43,12.34,12.4,3906500,48370462.0
2026-01-09 10:05:00,2026-01-09,20260109100500000,000070,5,12.4,12.42,12.36,12.37,2889600,35835284.0
2026-01-09 10:10:00,2026-01-09,20260109101000000,000070,5,12.37,12.44,12.37,12.43,2287889,28381075.82
2026-01-09 10:15:00,2026-01-09,20260109101500000,000070,5,12.43,12.43,12.39,12.42,2096400,26011206.0
2026-01-09 10:20:00,2026-01-09,20260109102000000,000070,5,12.41,12.42,12.4,12.41,1621400,20125450.0
2026-01-09 10:25:00,2026-01-09,20260109102500000,000070,5,12.41,12.46,12.41,12.45,2739400,34082498.0
2026-01-09 10:30:00,2026-01-09,20260109103000000,000070,5,12.45,12.45,12.4,12.41,2251700,27950743.0
2026-01-09 10:35:00,2026-01-09,20260109103500000,000070,5,12.41,12.43,12.39,12.4,1079000,13386518.0
2026-01-09 10:40:00,2026-01-09,20260109104000000,000070,5,12.4,12.41,12.4,12.4,1007940,12502503.0
2026-01-09 10:45:00,2026-01-09,20260109104500000,000070,5,12.4,12.41,12.38,12.38,1498071,18564291.29
2026-01-09 10:50:00,2026-01-09,20260109105000000,000070,5,12.38,12.38,12.34,12.34,1805500,22319982.0
2026-01-09 10:55:00,2026-01-09,20260109105500000,000070,5,12.33,12.39,12.33,12.34,2035900,25170250.97
2026-01-09 11:00:00,2026-01-09,20260109110000000,000070,5,12.34,12.35,12.31,12.33,1493000,18406344.0
2026-01-09 11:05:00,2026-01-09,20260109110500000,000070,5,12.34,12.35,12.27,12.3,2345003,28851604.9
2026-01-09 11:10:00,2026-01-09,20260109111000000,000070,5,12.31,12.31,12.23,12.26,1792200,21977947.79
2026-01-09 11:15:00,2026-01-09,20260109111500000,000070,5,12.26,12.33,12.25,12.31,1112200,13664945.0
2026-01-09 11:20:00,2026-01-09,20260109112000000,000070,5,12.31,12.38,12.3,12.34,1118000,13794753.0
2026-01-09 11:25:00,2026-01-09,20260109112500000,000070,5,12.34,12.35,12.29,12.29,982200,12104210.0
2026-01-09 11:30:00,2026-01-09,20260109113000000,000070,5,12.29,12.35,12.29,12.35,1299400,16017624.0
2026-01-09 13:05:00,2026-01-09,20260109130500000,000070,5,12.35,12.38,12.32,12.33,1662300,20539280.0
2026-01-09 13:10:00,2026-01-09,20260109131000000,000070,5,12.33,12.39,12.33,12.37,884700,10942420.0
2026-01-09 13:15:00,2026-01-09,20260109131500000,000070,5,12.38,12.42,12.37,12.38,1708800,21183233.0
2026-01-09 13:20:00,2026-01-09,20260109132000000,000070,5,12.37,12.38,12.35,12.38,1063300,13146765.0
2026-01-09 13:25:00,2026-01-09,20260109132500000,000070,5,12.38,12.38,12.31,12.32,1698900,20994828.0
2026-01-09 13:30:00,2026-01-09,20260109133000000,000070,5,12.32,12.34,12.3,12.34,966200,11902238.0
2026-01-09 13:35:00,2026-01-09,20260109133500000,000070,5,12.34,12.42,12.33,12.4,2569700,31852844.0
2026-01-09 13:40:00,2026-01-09,20260109134000000,000070,5,12.4,12.42,12.36,12.38,1550300,19223730.0
2026-01-09 13:45:00,2026-01-09,20260109134500000,000070,5,12.38,12.38,12.35,12.35,808700,10003971.0
2026-01-09 13:50:00,2026-01-09,20260109135000000,000070,5,12.35,12.36,12.33,12.35,909400,11230952.0
2026-01-09 13:55:00,2026-01-09,20260109135500000,000070,5,12.35,12.38,12.33,12.38,1021000,12612344.0
2026-01-09 14:00:00,2026-01-09,20260109140000000,000070,5,12.39,12.39,12.36,12.38,1210900,14989676.73
2026-01-09 14:05:00,2026-01-09,20260109140500000,000070,5,12.38,12.39,12.37,12.38,1168900,14466111.0
2026-01-09 14:10:00,2026-01-09,20260109141000000,000070,5,12.39,12.39,12.36,12.39,1272100,15748492.0
2026-01-09 14:15:00,2026-01-09,20260109141500000,000070,5,12.39,12.4,12.38,12.39,1307300,16200245.0
2026-01-09 14:20:00,2026-01-09,20260109142000000,000070,5,12.39,12.4,12.36,12.37,1640500,20309512.0
2026-01-09 14:25:00,2026-01-09,20260109142500000,000070,5,12.37,12.39,12.36,12.39,845500,10464947.0
2026-01-09 14:30:00,2026-01-09,20260109143000000,000070,5,12.38,12.4,12.38,12.39,1509600,18699141.0
2026-01-09 14:35:00,2026-01-09,20260109143500000,000070,5,12.39,12.39,12.37,12.38,1734500,21474172.0
2026-01-09 14:40:00,2026-01-09,20260109144000000,000070,5,12.38,12.58,12.38,12.52,13161180,164588504.4
2026-01-09 14:45:00,2026-01-09,20260109144500000,000070,5,12.51,12.52,12.47,12.49,6233100,77898306.0
2026-01-09 14:50:00,2026-01-09,20260109145000000,000070,5,12.49,12.5,12.46,12.5,5268900,65796825.0
2026-01-09 14:55:00,2026-01-09,20260109145500000,000070,5,12.47,12.52,12.46,12.52,5675340,70880658.4
2026-01-09 15:00:00,2026-01-09,20260109150000000,000070,5,12.52,12.53,12.51,12.53,5536700,69344309.0
2026-01-12 09:35:00,2026-01-12,20260112093500000,000070,5,12.7,12.73,12.56,12.65,16973000,214709870.8
2026-01-12 09:40:00,2026-01-12,20260112094000000,000070,5,12.67,12.83,12.67,12.73,8194500,104569207.0
2026-01-12 09:45:00,2026-01-12,20260112094500000,000070,5,12.73,12.85,12.69,12.74,7528300,96296854.0
2026-01-12 09:50:00,2026-01-12,20260112095000000,000070,5,12.72,12.83,12.69,12.82,6170620,78587164.6
2026-01-12 09:55:00,2026-01-12,20260112095500000,000070,5,12.81,12.92,12.8,12.92,7806419,100502113.5
2026-01-12 10:00:00,2026-01-12,20260112100000000,000070,5,12.91,12.92,12.82,12.83,3642300,46940258.0
2026-01-12 10:05:00,2026-01-12,20260112100500000,000070,5,12.82,12.86,12.8,12.83,2290200,29385835.0
2026-01-12 10:10:00,2026-01-12,20260112101000000,000070,5,12.83,12.83,12.77,12.8,3159083,40420324.31
2026-01-12 10:15:00,2026-01-12,20260112101500000,000070,5,12.83,12.86,12.82,12.82,1916000,24583159.0
2026-01-12 10:20:00,2026-01-12,20260112102000000,000070,5,12.82,12.83,12.78,12.78,2160200,27657777.0
2026-01-12 10:25:00,2026-01-12,20260112102500000,000070,5,12.79,12.79,12.76,12.79,2122100,27116873.57
2026-01-12 10:30:00,2026-01-12,20260112103000000,000070,5,12.8,12.85,12.77,12.77,2925900,37469191.0
2026-01-12 10:35:00,2026-01-12,20260112103500000,000070,5,12.77,12.86,12.76,12.85,2913200,37291415.0
2026-01-12 10:40:00,2026-01-12,20260112104000000,000070,5,12.85,13.07,12.85,13.04,10562397,137211062.91
2026-01-12 10:45:00,2026-01-12,20260112104500000,000070,5,13.04,13.11,12.99,13.08,5731100,74738804.3
2026-01-12 10:50:00,2026-01-12,20260112105000000,000070,5,13.08,13.08,13.01,13.05,2338960,30480256.4
2026-01-12 10:55:00,2026-01-12,20260112105500000,000070,5,13.04,13.04,12.97,13.0,2461340,31992405.4
2026-01-12 11:00:00,2026-01-12,20260112110000000,000070,5,13.0,13.01,12.98,13.0,1224700,15912719.0
2026-01-12 11:05:00,2026-01-12,20260112110500000,000070,5,13.0,13.0,12.91,12.95,1802700,23355209.0
2026-01-12 11:10:00,2026-01-12,20260112111000000,000070,5,12.95,13.0,12.94,13.0,1394860,18105229.4
2026-01-12 11:15:00,2026-01-12,20260112111500000,000070,5,13.0,13.01,12.98,13.01,1308240,17005718.6
2026-01-12 11:20:00,2026-01-12,20260112112000000,000070,5,13.01,13.04,13.01,13.02,1357400,17679462.0
2026-01-12 11:25:00,2026-01-12,20260112112500000,000070,5,13.02,13.03,13.0,13.01,1415500,18420094.0
2026-01-12 11:30:00,2026-01-12,20260112113000000,000070,5,13.01,13.01,13.0,13.01,1337200,17391595.0
2026-01-12 13:05:00,2026-01-12,20260112130500000,000070,5,13.01,13.1,13.01,13.05,2891400,37786912.0
2026-01-12 13:10:00,2026-01-12,20260112131000000,000070,5,13.05,13.09,13.04,13.04,1985100,25937372.0
2026-01-12 13:15:00,2026-01-12,20260112131500000,000070,5,13.04,13.04,12.98,12.98,3649300,47462623.0
2026-01-12 13:20:00,2026-01-12,20260112132000000,000070,5,12.97,12.98,12.9,12.95,2582300,33405524.0
2026-01-12 13:25:00,2026-01-12,20260112132500000,000070,5,12.94,12.97,12.9,12.97,2226020,28768725.0
2026-01-12 13:30:00,2026-01-12,20260112133000000,000070,5,12.97,13.03,12.93,12.99,1939700,25200122.0
2026-01-12 13:35:00,2026-01-12,20260112133500000,000070,5,12.99,13.1,12.97,13.07,2643400,34486789.0
2026-01-12 13:40:00,2026-01-12,20260112134000000,000070,5,13.06,13.07,13.03,13.05,1227900,16028795.0
2026-01-12 13:45:00,2026-01-12,20260112134500000,000070,5,13.06,13.06,13.01,13.03,1461700,19065212.0
2026-01-12 13:50:00,2026-01-12,20260112135000000,000070,5,13.04,13.07,13.04,13.07,1037700,13547114.0
2026-01-12 13:55:00,2026-01-12,20260112135500000,000070,5,13.07,13.08,13.04,13.06,1450500,18946912.0
2026-01-12 14:00:00,2026-01-12,20260112140000000,000070,5,13.06,13.07,13.04,13.07,1259500,16448790.0
2026-01-12 14:05:00,2026-01-12,20260112140500000,000070,5,13.07,13.16,13.07,13.15,3380100,44333331.0
2026-01-12 14:10:00,2026-01-12,20260112141000000,000070,5,13.15,13.24,13.11,13.24,3625200,47707418.0
2026-01-12 14:15:00,2026-01-12,20260112141500000,000070,5,13.24,13.29,13.17,13.17,4529680,59910026.6
2026-01-12 14:20:00,2026-01-12,20260112142000000,000070,5,13.18,13.19,13.12,13.18,1974720,25969757.4
2026-01-12 14:25:00,2026-01-12,20260112142500000,000070,5,13.18,13.19,13.15,13.18,2079400,27390743.0
2026-01-12 14:30:00,2026-01-12,20260112143000000,000070,5,13.18,13.19,13.16,13.17,1863100,24538429.0
2026-01-12 14:35:00,2026-01-12,20260112143500000,000070,5,13.17,13.18,13.15,13.15,2753500,36255139.0
2026-01-12 14:40:00,2026-01-12,20260112144000000,000070,5,13.15,13.15,13.1,13.14,3432500,45072926.0
2026-01-12 14:45:00,2026-01-12,20260112144500000,000070,5,13.15,13.18,13.15,13.18,2108100,27750375.0
2026-01-12 14:50:00,2026-01-12,20260112145000000,000070,5,13.17,13.18,13.14,13.16,4289200,56431166.0
2026-01-12 14:55:00,2026-01-12,20260112145500000,000070,5,13.15,13.15,13.12,13.13,5549439,72864428.15
2026-01-12 15:00:00,2026-01-12,20260112150000000,000070,5,13.13,13.17,13.12,13.17,3477545,45719792.57
2026-01-13 09:35:00,2026-01-13,20260113093500000,000070,5,13.29,13.29,12.42,12.44,18463400,236711992.74
2026-01-13 09:40:00,2026-01-13,20260113094000000,000070,5,12.44,12.53,12.06,12.47,14850400,183163302.4
2026-01-13 09:45:00,2026-01-13,20260113094500000,000070,5,12.48,12.55,12.33,12.33,6711300,83627967.0
2026-01-13 09:50:00,2026-01-13,20260113095000000,000070,5,12.34,12.55,12.33,12.44,3778780,47090966.2
2026-01-13 09:55:00,2026-01-13,20260113095500000,000070,5,12.44,12.45,12.29,12.29,4872320,60187445.2
2026-01-13 10:00:00,2026-01-13,20260113100000000,000070,5,12.29,12.43,12.29,12.42,2969180,36684372.6
2026-01-13 10:05:00,2026-01-13,20260113100500000,000070,5,12.42,12.43,12.35,12.41,2047400,25360341.0
2026-01-13 10:10:00,2026-01-13,20260113101000000,000070,5,12.42,12.42,12.36,12.38,1941600,24030913.0
2026-01-13 10:15:00,2026-01-13,20260113101500000,000070,5,12.38,12.39,12.31,12.31,2305800,28469493.0
2026-01-13 10:20:00,2026-01-13,20260113102000000,000070,5,12.31,12.31,12.22,12.23,4761900,58347034.0
2026-01-13 10:25:00,2026-01-13,20260113102500000,000070,5,12.22,12.23,12.18,12.2,2857800,34872707.0
2026-01-13 10:30:00,2026-01-13,20260113103000000,000070,5,12.2,12.28,12.2,12.26,1879800,23000778.0
2026-01-13 10:35:00,2026-01-13,20260113103500000,000070,5,12.27,12.27,12.16,12.17,2697200,32909725.0
2026-01-13 10:40:00,2026-01-13,20260113104000000,000070,5,12.17,12.2,12.15,12.16,1770700,21554768.0
2026-01-13 10:45:00,2026-01-13,20260113104500000,000070,5,12.16,12.24,12.16,12.24,1132800,13806840.0
2026-01-13 10:50:00,2026-01-13,20260113105000000,000070,5,12.23,12.28,12.23,12.25,1023820,12553897.8
2026-01-13 10:55:00,2026-01-13,20260113105500000,000070,5,12.25,12.27,12.21,12.22,903400,11059324.0
2026-01-13 11:00:00,2026-01-13,20260113110000000,000070,5,12.23,12.24,12.21,12.21,775400,9481352.0
2026-01-13 11:05:00,2026-01-13,20260113110500000,000070,5,12.21,12.23,12.21,12.23,684800,8369161.0
2026-01-13 11:10:00,2026-01-13,20260113111000000,000070,5,12.23,12.32,12.21,12.31,1190200,14595195.0
2026-01-13 11:15:00,2026-01-13,20260113111500000,000070,5,12.31,12.33,12.27,12.27,815400,10029865.0
2026-01-13 11:20:00,2026-01-13,20260113112000000,000070,5,12.28,12.29,12.26,12.27,1008100,12370313.0
2026-01-13 11:25:00,2026-01-13,20260113112500000,000070,5,12.27,12.28,12.25,12.26,838300,10282376.0
2026-01-13 11:30:00,2026-01-13,20260113113000000,000070,5,12.25,12.26,12.22,12.23,932500,11413118.0
2026-01-13 13:05:00,2026-01-13,20260113130500000,000070,5,12.23,12.28,12.23,12.27,936960,11472370.8
2026-01-13 13:10:00,2026-01-13,20260113131000000,000070,5,12.27,12.27,12.2,12.21,1079540,13198037.2
2026-01-13 13:15:00,2026-01-13,20260113131500000,000070,5,12.21,12.21,12.17,12.17,1533500,18698914.0
2026-01-13 13:20:00,2026-01-13,20260113132000000,000070,5,12.17,12.21,12.16,12.19,1280800,15600310.0
2026-01-13 13:25:00,2026-01-13,20260113132500000,000070,5,12.19,12.19,12.11,12.11,2793200,33901819.0
2026-01-13 13:30:00,2026-01-13,20260113133000000,000070,5,12.12,12.12,12.07,12.1,2384200,28837075.0
2026-01-13 13:35:00,2026-01-13,20260113133500000,000070,5,12.11,12.11,12.02,12.02,2389200,28809290.0
2026-01-13 13:40:00,2026-01-13,20260113134000000,000070,5,12.02,12.09,12.02,12.09,1434900,17280888.0
2026-01-13 13:45:00,2026-01-13,20260113134500000,000070,5,12.09,12.15,12.08,12.15,888600,10749690.0
2026-01-13 13:50:00,2026-01-13,20260113135000000,000070,5,12.13,12.13,12.08,12.09,956300,11578557.0
2026-01-13 13:55:00,2026-01-13,20260113135500000,000070,5,12.1,12.13,12.08,12.12,1121700,13566584.0
2026-01-13 14:00:00,2026-01-13,20260113140000000,000070,5,12.14,12.21,12.12,12.16,1363000,16601119.0
2026-01-13 14:05:00,2026-01-13,20260113140500000,000070,5,12.16,12.16,12.1,12.1,901500,10929072.0
2026-01-13 14:10:00,2026-01-13,20260113141000000,000070,5,12.11,12.11,12.09,12.09,1140300,13793811.0
2026-01-13 14:15:00,2026-01-13,20260113141500000,000070,5,12.09,12.1,12.07,12.08,1355300,16378073.0
2026-01-13 14:20:00,2026-01-13,20260113142000000,000070,5,12.08,12.08,12.04,12.07,1187940,14324128.0
2026-01-13 14:25:00,2026-01-13,20260113142500000,000070,5,12.06,12.1,12.05,12.1,854500,10312493.0
2026-01-13 14:30:00,2026-01-13,20260113143000000,000070,5,12.1,12.11,12.08,12.08,1038924,12559181.92
2026-01-13 14:35:00,2026-01-13,20260113143500000,000070,5,12.09,12.09,12.06,12.07,1088876,13150622.84
2026-01-13 14:40:00,2026-01-13,20260113144000000,000070,5,12.06,12.06,12.01,12.01,1881460,22654566.0
2026-01-13 14:45:00,2026-01-13,20260113144500000,000070,5,12.01,12.02,12.0,12.0,2679500,32175167.74
2026-01-13 14:50:00,2026-01-13,20260113145000000,000070,5,12.0,12.01,11.95,11.95,4221200,50628512.0
2026-01-13 14:55:00,2026-01-13,20260113145500000,000070,5,11.95,12.0,11.92,12.0,3318514,39699900.26
2026-01-13 15:00:00,2026-01-13,20260113150000000,000070,5,12.0,12.01,11.97,11.97,2021386,24229352.34
2026-01-14 09:35:00,2026-01-14,20260114093500000,000070,5,11.98,12.2,11.98,12.14,7202414,87351001.14
2026-01-14 09:40:00,2026-01-14,20260114094000000,000070,5,12.13,12.16,12.03,12.08,4087700,49439326.0
2026-01-14 09:45:00,2026-01-14,20260114094500000,000070,5,12.07,12.18,12.06,12.14,3390200,41060375.0
2026-01-14 09:50:00,2026-01-14,20260114095000000,000070,5,12.14,12.18,12.11,12.11,2879600,34964252.0
2026-01-14 09:55:00,2026-01-14,20260114095500000,000070,5,12.12,12.2,12.11,12.14,3253800,39590680.0
2026-01-14 10:00:00,2026-01-14,20260114100000000,000070,5,12.16,12.26,12.15,12.24,2897100,35389889.0
2026-01-14 10:05:00,2026-01-14,20260114100500000,000070,5,12.23,12.26,12.18,12.19,1722100,21042551.0
2026-01-14 10:10:00,2026-01-14,20260114101000000,000070,5,12.19,12.21,12.17,12.18,1433200,17473625.0
2026-01-14 10:15:00,2026-01-14,20260114101500000,000070,5,12.17,12.23,12.17,12.18,1190200,14518965.0
2026-01-14 10:20:00,2026-01-14,20260114102000000,000070,5,12.18,12.2,12.17,12.18,860900,10487642.0
2026-01-14 10:25:00,2026-01-14,20260114102500000,000070,5,12.19,12.19,12.14,12.16,1669500,20305788.0
2026-01-14 10:30:00,2026-01-14,20260114103000000,000070,5,12.18,12.22,12.18,12.21,1360900,16607159.0
2026-01-14 10:35:00,2026-01-14,20260114103500000,000070,5,12.21,12.24,12.2,12.21,1298500,15867523.0
2026-01-14 10:40:00,2026-01-14,20260114104000000,000070,5,12.21,12.24,12.2,12.22,1157200,14140617.0
2026-01-14 10:45:00,2026-01-14,20260114104500000,000070,5,12.23,12.27,12.22,12.27,1822700,22324626.0
2026-01-14 10:50:00,2026-01-14,20260114105000000,000070,5,12.27,12.27,12.23,12.26,1028700,12607208.0
2026-01-14 10:55:00,2026-01-14,20260114105500000,000070,5,12.25,12.28,12.24,12.28,1395200,17110880.0
2026-01-14 11:00:00,2026-01-14,20260114110000000,000070,5,12.27,12.3,12.27,12.29,1083900,13322034.0
2026-01-14 11:05:00,2026-01-14,20260114110500000,000070,5,12.29,12.29,12.27,12.27,699900,8592682.0
2026-01-14 11:10:00,2026-01-14,20260114111000000,000070,5,12.28,12.3,12.27,12.29,794600,9762477.0
2026-01-14 11:15:00,2026-01-14,20260114111500000,000070,5,12.3,12.3,12.28,12.28,644100,7915033.0
2026-01-14 11:20:00,2026-01-14,20260114112000000,000070,5,12.29,12.29,12.26,12.26,737600,9054533.0
2026-01-14 11:25:00,2026-01-14,20260114112500000,000070,5,12.26,12.3,12.26,12.28,1182500,14527868.0
2026-01-14 11:30:00,2026-01-14,20260114113000000,000070,5,12.29,12.3,12.28,12.29,1326000,16300126.0
2026-01-14 13:05:00,2026-01-14,20260114130500000,000070,5,12.28,12.28,12.16,12.21,4089900,49969634.0
2026-01-14 13:10:00,2026-01-14,20260114131000000,000070,5,12.21,12.21,12.05,12.11,2434300,29472697.0
2026-01-14 13:15:00,2026-01-14,20260114131500000,000070,5,12.12,12.16,12.06,12.06,1763600,21350967.0
2026-01-14 13:20:00,2026-01-14,20260114132000000,000070,5,12.07,12.08,11.98,12.08,3369100,40485123.0
2026-01-14 13:25:00,2026-01-14,20260114132500000,000070,5,12.09,12.15,12.07,12.1,1148000,13897152.0
2026-01-14 13:30:00,2026-01-14,20260114133000000,000070,5,12.11,12.13,12.05,12.13,1018500,12300716.0
2026-01-14 13:35:00,2026-01-14,20260114133500000,000070,5,12.13,12.21,12.13,12.16,1508300,18360155.0
2026-01-14 13:40:00,2026-01-14,20260114134000000,000070,5,12.16,12.75,12.1,12.71,9265400,115334089.0
2026-01-14 13:45:00,2026-01-14,20260114134500000,000070,5,12.72,13.09,12.72,12.81,21870680,282777107.6
2026-01-14 13:50:00,2026-01-14,20260114135000000,000070,5,12.8,12.8,12.62,12.67,5945500,75374711.0
2026-01-14 13:55:00,2026-01-14,20260114135500000,000070,5,12.68,12.76,12.65,12.65,2976000,37791426.0
2026-01-14 14:00:00,2026-01-14,20260114140000000,000070,5,12.65,12.65,12.42,12.48,2983480,37394840.8
2026-01-14 14:05:00,2026-01-14,20260114140500000,000070,5,12.48,12.58,12.4,12.56,3283400,41047009.1
2026-01-14 14:10:00,2026-01-14,20260114141000000,000070,5,12.57,12.57,12.46,12.48,1473200,18425501.0
2026-01-14 14:15:00,2026-01-14,20260114141500000,000070,5,12.47,12.65,12.47,12.64,1575544,19817297.45
2026-01-14 14:20:00,2026-01-14,20260114142000000,000070,5,12.65,12.69,12.62,12.62,1758600,22258408.8
2026-01-14 14:25:00,2026-01-14,20260114142500000,000070,5,12.63,12.63,12.61,12.61,998200,12596373.0
2026-01-14 14:30:00,2026-01-14,20260114143000000,000070,5,12.61,12.61,12.6,12.61,1013744,12778261.4
2026-01-14 14:35:00,2026-01-14,20260114143500000,000070,5,12.61,12.61,12.6,12.6,910000,11469143.0
2026-01-14 14:40:00,2026-01-14,20260114144000000,000070,5,12.61,12.61,12.51,12.53,1657551,20829041.6
2026-01-14 14:45:00,2026-01-14,20260114144500000,000070,5,12.53,12.58,12.53,12.57,1150900,14460733.0
2026-01-14 14:50:00,2026-01-14,20260114145000000,000070,5,12.58,12.58,12.57,12.57,1606000,20194518.0
2026-01-14 14:55:00,2026-01-14,20260114145500000,000070,5,12.57,12.58,12.56,12.57,2964700,37266304.0
2026-01-14 15:00:00,2026-01-14,20260114150000000,000070,5,12.57,12.59,12.57,12.59,2705300,34039274.0
2026-01-15 09:35:00,2026-01-15,20260115093500000,000070,5,12.2,12.28,12.02,12.09,10292940,124707323.0
2026-01-15 09:40:00,2026-01-15,20260115094000000,000070,5,12.1,12.13,12.01,12.01,6707980,80874029.24
2026-01-15 09:45:00,2026-01-15,20260115094500000,000070,5,12.0,12.07,11.9,12.01,5135400,61556096.0
2026-01-15 09:50:00,2026-01-15,20260115095000000,000070,5,12.01,12.01,11.96,11.97,2497802,29946394.92
2026-01-15 09:55:00,2026-01-15,20260115095500000,000070,5,11.96,11.99,11.96,11.99,2529500,30283439.0
2026-01-15 10:00:00,2026-01-15,20260115100000000,000070,5,11.98,12.04,11.98,12.01,1543000,18540864.0
2026-01-15 10:05:00,2026-01-15,20260115100500000,000070,5,12.01,12.01,11.95,11.95,2207700,26455608.98
2026-01-15 10:10:00,2026-01-15,20260115101000000,000070,5,11.95,11.96,11.9,11.92,3577598,42658605.1
2026-01-15 10:15:00,2026-01-15,20260115101500000,000070,5,11.92,11.92,11.81,11.85,4290500,50920273.0
2026-01-15 10:20:00,2026-01-15,20260115102000000,000070,5,11.87,11.9,11.83,11.88,1631000,19347672.0
2026-01-15 10:25:00,2026-01-15,20260115102500000,000070,5,11.88,11.88,11.84,11.84,1131400,13414685.0
2026-01-15 10:30:00,2026-01-15,20260115103000000,000070,5,11.85,11.85,11.8,11.81,2550700,30138466.0
2026-01-15 10:35:00,2026-01-15,20260115103500000,000070,5,11.81,11.85,11.8,11.84,1065400,12601520.0
2026-01-15 10:40:00,2026-01-15,20260115104000000,000070,5,11.85,11.86,11.82,11.85,1205500,14267791.0
2026-01-15 10:45:00,2026-01-15,20260115104500000,000070,5,11.86,11.88,11.84,11.84,879500,10434811.0
2026-01-15 10:50:00,2026-01-15,20260115105000000,000070,5,11.85,11.85,11.81,11.83,1022200,12086091.0
2026-01-15 10:55:00,2026-01-15,20260115105500000,000070,5,11.83,11.85,11.82,11.84,536800,6349185.0
2026-01-15 11:00:00,2026-01-15,20260115110000000,000070,5,11.84,11.84,11.82,11.82,741300,8768996.0
2026-01-15 11:05:00,2026-01-15,20260115110500000,000070,5,11.82,11.82,11.8,11.81,1618800,19118290.0
2026-01-15 11:10:00,2026-01-15,20260115111000000,000070,5,11.81,11.85,11.81,11.82,520300,6155739.0
2026-01-15 11:15:00,2026-01-15,20260115111500000,000070,5,11.83,11.84,11.8,11.8,818300,9667905.0
2026-01-15 11:20:00,2026-01-15,20260115112000000,000070,5,11.8,11.81,11.76,11.76,2402700,28326921.0
2026-01-15 11:25:00,2026-01-15,20260115112500000,000070,5,11.77,11.77,11.7,11.71,1505400,17654324.0
2026-01-15 11:30:00,2026-01-15,20260115113000000,000070,5,11.71,11.76,11.66,11.75,1635100,19130100.0
2026-01-15 13:05:00,2026-01-15,20260115130500000,000070,5,11.75,11.75,11.68,11.72,1197800,14039328.0
2026-01-15 13:10:00,2026-01-15,20260115131000000,000070,5,11.73,11.74,11.7,11.7,704800,8258497.0
2026-01-15 13:15:00,2026-01-15,20260115131500000,000070,5,11.7,11.72,11.7,11.71,1249200,14625426.0
2026-01-15 13:20:00,2026-01-15,20260115132000000,000070,5,11.72,11.74,11.71,11.71,950300,11142136.0
2026-01-15 13:25:00,2026-01-15,20260115132500000,000070,5,11.72,11.72,11.68,11.7,1354800,15847825.0
2026-01-15 13:30:00,2026-01-15,20260115133000000,000070,5,11.7,11.77,11.69,11.77,1014600,11894202.0
2026-01-15 13:35:00,2026-01-15,20260115133500000,000070,5,11.77,11.77,11.71,11.71,745600,8748775.0
2026-01-15 13:40:00,2026-01-15,20260115134000000,000070,5,11.71,11.72,11.7,11.71,695400,8143658.0
2026-01-15 13:45:00,2026-01-15,20260115134500000,000070,5,11.7,11.71,11.69,11.7,844700,9883873.0
2026-01-15 13:50:00,2026-01-15,20260115135000000,000070,5,11.71,11.79,11.7,11.77,879900,10336699.0
2026-01-15 13:55:00,2026-01-15,20260115135500000,000070,5,11.77,11.77,11.72,11.73,693200,8142842.0
2026-01-15 14:00:00,2026-01-15,20260115140000000,000070,5,11.74,11.74,11.72,11.73,591900,6941988.0
2026-01-15 14:05:00,2026-01-15,20260115140500000,000070,5,11.73,11.74,11.72,11.72,800000,9383189.0
2026-01-15 14:10:00,2026-01-15,20260115141000000,000070,5,11.72,11.75,11.72,11.72,857000,10058311.0
2026-01-15 14:15:00,2026-01-15,20260115141500000,000070,5,11.72,11.73,11.7,11.7,1107800,12980327.0
2026-01-15 14:20:00,2026-01-15,20260115142000000,000070,5,11.7,11.72,11.7,11.71,755800,8848243.0
2026-01-15 14:25:00,2026-01-15,20260115142500000,000070,5,11.71,11.73,11.7,11.73,609900,7143608.0
2026-01-15 14:30:00,2026-01-15,20260115143000000,000070,5,11.73,11.8,11.73,11.8,867000,10206901.0
2026-01-15 14:35:00,2026-01-15,20260115143500000,000070,5,11.79,11.8,11.75,11.76,1164700,13709578.0
2026-01-15 14:40:00,2026-01-15,20260115144000000,000070,5,11.76,11.78,11.76,11.77,859543,10116646.11
2026-01-15 14:45:00,2026-01-15,20260115144500000,000070,5,11.76,11.77,11.73,11.73,1205700,14154254.0
2026-01-15 14:50:00,2026-01-15,20260115145000000,000070,5,11.74,11.77,11.73,11.76,1705476,20036149.24
2026-01-15 14:55:00,2026-01-15,20260115145500000,000070,5,11.75,11.86,11.75,11.85,1823500,21552032.0
2026-01-15 15:00:00,2026-01-15,20260115150000000,000070,5,11.85,11.86,11.84,11.86,2103600,24939570.0
2026-01-16 09:35:00,2026-01-16,20260116093500000,000070,5,11.92,12.09,11.92,11.97,4353800,52351825.0
2026-01-16 09:40:00,2026-01-16,20260116094000000,000070,5,11.97,11.97,11.85,11.89,2803000,33377150.0
2026-01-16 09:45:00,2026-01-16,20260116094500000,000070,5,11.89,11.94,11.88,11.91,1494000,17794747.0
2026-01-16 09:50:00,2026-01-16,20260116095000000,000070,5,11.91,11.97,11.9,11.92,1485300,17722248.0
2026-01-16 09:55:00,2026-01-16,20260116095500000,000070,5,11.92,11.96,11.91,11.91,1102200,13154853.0
2026-01-16 10:00:00,2026-01-16,20260116100000000,000070,5,11.91,11.92,11.81,11.82,2375400,28184059.0
2026-01-16 10:05:00,2026-01-16,20260116100500000,000070,5,11.82,11.85,11.76,11.8,2141100,25256933.0
2026-01-16 10:10:00,2026-01-16,20260116101000000,000070,5,11.79,11.82,11.78,11.78,878100,10362033.0
2026-01-16 10:15:00,2026-01-16,20260116101500000,000070,5,11.79,11.8,11.73,11.79,1453900,17093817.0
2026-01-16 10:20:00,2026-01-16,20260116102000000,000070,5,11.8,11.86,11.77,11.86,839100,9902941.0
2026-01-16 10:25:00,2026-01-16,20260116102500000,000070,5,11.86,11.86,11.76,11.76,546100,6451075.0
2026-01-16 10:30:00,2026-01-16,20260116103000000,000070,5,11.77,11.79,11.75,11.75,571700,6725005.0
2026-01-16 10:35:00,2026-01-16,20260116103500000,000070,5,11.76,11.77,11.74,11.74,1002300,11779466.0
2026-01-16 10:40:00,2026-01-16,20260116104000000,000070,5,11.74,11.76,11.73,11.75,619000,7269488.0
2026-01-16 10:45:00,2026-01-16,20260116104500000,000070,5,11.75,11.76,11.73,11.74,577500,6780362.0
2026-01-16 10:50:00,2026-01-16,20260116105000000,000070,5,11.73,11.75,11.71,11.71,990200,11612520.0
2026-01-16 10:55:00,2026-01-16,20260116105500000,000070,5,11.71,11.8,11.71,11.8,613400,7210590.0
2026-01-16 11:00:00,2026-01-16,20260116110000000,000070,5,11.8,11.86,11.79,11.85,598400,7074828.0
2026-01-16 11:05:00,2026-01-16,20260116110500000,000070,5,11.85,11.93,11.85,11.9,1400800,16673159.0
2026-01-16 11:10:00,2026-01-16,20260116111000000,000070,5,11.89,11.95,11.89,11.91,1090300,12998694.0
2026-01-16 11:15:00,2026-01-16,20260116111500000,000070,5,11.9,11.9,11.86,11.86,431800,5129491.0
2026-01-16 11:20:00,2026-01-16,20260116112000000,000070,5,11.86,11.87,11.83,11.87,219700,2604152.0
2026-01-16 11:25:00,2026-01-16,20260116112500000,000070,5,11.87,11.88,11.86,11.86,454600,5395087.0
2026-01-16 11:30:00,2026-01-16,20260116113000000,000070,5,11.86,11.89,11.85,11.89,483800,5743719.0
2026-01-16 13:05:00,2026-01-16,20260116130500000,000070,5,11.88,11.91,11.85,11.85,863800,10259267.0
2026-01-16 13:10:00,2026-01-16,20260116131000000,000070,5,11.85,11.86,11.81,11.84,399000,4721939.0
2026-01-16 13:15:00,2026-01-16,20260116131500000,000070,5,11.85,11.9,11.84,11.88,491700,5833726.0
2026-01-16 13:20:00,2026-01-16,20260116132000000,000070,5,11.88,11.9,11.87,11.88,514460,6114242.2
2026-01-16 13:25:00,2026-01-16,20260116132500000,000070,5,11.88,11.89,11.86,11.87,224540,2665553.2
2026-01-16 13:30:00,2026-01-16,20260116133000000,000070,5,11.87,11.89,11.86,11.89,296860,3525713.2
2026-01-16 13:35:00,2026-01-16,20260116133500000,000070,5,11.89,11.9,11.87,11.88,424600,5047710.0
2026-01-16 13:40:00,2026-01-16,20260116134000000,000070,5,11.89,11.9,11.88,11.9,502100,5969310.0
2026-01-16 13:45:00,2026-01-16,20260116134500000,000070,5,11.9,11.92,11.89,11.91,613200,7303972.0
2026-01-16 13:50:00,2026-01-16,20260116135000000,000070,5,11.9,11.92,11.9,11.92,543100,6468580.0
2026-01-16 13:55:00,2026-01-16,20260116135500000,000070,5,11.91,11.99,11.9,11.95,1936900,23136822.0
2026-01-16 14:00:00,2026-01-16,20260116140000000,000070,5,11.95,11.99,11.94,11.98,996900,11931288.0
2026-01-16 14:05:00,2026-01-16,20260116140500000,000070,5,11.97,11.98,11.92,11.92,517600,6187290.0
2026-01-16 14:10:00,2026-01-16,20260116141000000,000070,5,11.92,11.95,11.92,11.95,379500,4527725.0
2026-01-16 14:15:00,2026-01-16,20260116141500000,000070,5,11.95,11.95,11.93,11.94,512100,6116894.0
2026-01-16 14:20:00,2026-01-16,20260116142000000,000070,5,11.95,11.95,11.93,11.94,450300,5376794.0
2026-01-16 14:25:00,2026-01-16,20260116142500000,000070,5,11.94,11.97,11.94,11.96,581000,6947290.0
2026-01-16 14:30:00,2026-01-16,20260116143000000,000070,5,11.96,11.96,11.95,11.95,615600,7358764.0
2026-01-16 14:35:00,2026-01-16,20260116143500000,000070,5,11.96,11.96,11.93,11.94,576200,6882740.0
2026-01-16 14:40:00,2026-01-16,20260116144000000,000070,5,11.94,11.95,11.92,11.92,840100,10026719.0
2026-01-16 14:45:00,2026-01-16,20260116144500000,000070,5,11.91,11.95,11.91,11.95,868300,10359054.0
2026-01-16 14:50:00,2026-01-16,20260116145000000,000070,5,11.95,11.95,11.94,11.95,996300,11900032.0
2026-01-16 14:55:00,2026-01-16,20260116145500000,000070,5,11.95,11.95,11.94,11.95,1671000,19960379.0
2026-01-16 15:00:00,2026-01-16,20260116150000000,000070,5,11.94,11.96,11.94,11.96,1992500,23821397.0
2026-01-19 09:35:00,2026-01-19,20260119093500000,000070,5,11.8,11.99,11.62,11.62,5075200,60026659.0
2026-01-19 09:40:00,2026-01-19,20260119094000000,000070,5,11.62,11.73,11.62,11.7,3206500,37433895.0
2026-01-19 09:45:00,2026-01-19,20260119094500000,000070,5,11.71,11.87,11.71,11.75,1226000,14423077.0
2026-01-19 09:50:00,2026-01-19,20260119095000000,000070,5,11.75,11.77,11.7,11.7,1261600,14794650.0
2026-01-19 09:55:00,2026-01-19,20260119095500000,000070,5,11.7,11.77,11.7,11.75,1396900,16376717.8
2026-01-19 10:00:00,2026-01-19,20260119100000000,000070,5,11.75,11.77,11.72,11.76,847100,9942823.0
2026-01-19 10:05:00,2026-01-19,20260119100500000,000070,5,11.78,11.82,11.78,11.81,951400,11223410.0
2026-01-19 10:10:00,2026-01-19,20260119101000000,000070,5,11.81,11.81,11.76,11.76,816400,9615766.0
2026-01-19 10:15:00,2026-01-19,20260119101500000,000070,5,11.77,11.8,11.75,11.76,867500,10208165.0
2026-01-19 10:20:00,2026-01-19,20260119102000000,000070,5,11.77,11.8,11.75,11.79,595800,7010935.0
2026-01-19 10:25:00,2026-01-19,20260119102500000,000070,5,11.79,11.82,11.78,11.82,603800,7123090.0
2026-01-19 10:30:00,2026-01-19,20260119103000000,000070,5,11.82,11.82,11.79,11.8,328000,3870442.0
2026-01-19 10:35:00,2026-01-19,20260119103500000,000070,5,11.79,11.85,11.79,11.85,704500,8321440.0
2026-01-19 10:40:00,2026-01-19,20260119104000000,000070,5,11.87,11.9,11.84,11.84,816700,9700210.0
2026-01-19 10:45:00,2026-01-19,20260119104500000,000070,5,11.83,11.85,11.8,11.85,345720,4086153.0
2026-01-19 10:50:00,2026-01-19,20260119105000000,000070,5,11.84,11.87,11.82,11.85,295000,3495258.0
2026-01-19 10:55:00,2026-01-19,20260119105500000,000070,5,11.85,11.87,11.84,11.86,378100,4482588.0
2026-01-19 11:00:00,2026-01-19,20260119110000000,000070,5,11.87,11.87,11.85,11.86,223500,2650367.0
2026-01-19 11:05:00,2026-01-19,20260119110500000,000070,5,11.85,11.86,11.83,11.86,402300,4764496.0
2026-01-19 11:10:00,2026-01-19,20260119111000000,000070,5,11.85,11.87,11.84,11.84,446900,5298540.0
2026-01-19 11:15:00,2026-01-19,20260119111500000,000070,5,11.84,11.86,11.83,11.85,315600,3737339.0
2026-01-19 11:20:00,2026-01-19,20260119112000000,000070,5,11.86,11.86,11.83,11.84,265300,3142412.0
2026-01-19 11:25:00,2026-01-19,20260119112500000,000070,5,11.84,11.85,11.8,11.82,637400,7536072.0
2026-01-19 11:30:00,2026-01-19,20260119113000000,000070,5,11.81,11.82,11.8,11.81,366000,4320378.0
2026-01-19 13:05:00,2026-01-19,20260119130500000,000070,5,11.82,11.82,11.78,11.79,484680,5716188.0
2026-01-19 13:10:00,2026-01-19,20260119131000000,000070,5,11.79,11.82,11.78,11.81,307000,3620790.0
2026-01-19 13:15:00,2026-01-19,20260119131500000,000070,5,11.81,11.82,11.78,11.79,455500,5373325.0
2026-01-19 13:20:00,2026-01-19,20260119132000000,000070,5,11.79,11.83,11.78,11.83,463600,5469158.0
2026-01-19 13:25:00,2026-01-19,20260119132500000,000070,5,11.83,11.83,11.79,11.79,451200,5325664.0
2026-01-19 13:30:00,2026-01-19,20260119133000000,000070,5,11.79,11.8,11.78,11.8,419700,4948967.0
2026-01-19 13:35:00,2026-01-19,20260119133500000,000070,5,11.8,11.8,11.78,11.79,327200,3858254.0
2026-01-19 13:40:00,2026-01-19,20260119134000000,000070,5,11.79,11.8,11.77,11.77,536400,6318888.0
2026-01-19 13:45:00,2026-01-19,20260119134500000,000070,5,11.77,11.78,11.75,11.76,682876,8029522.0
2026-01-19 13:50:00,2026-01-19,20260119135000000,000070,5,11.75,11.77,11.73,11.74,675324,7934034.0
2026-01-19 13:55:00,2026-01-19,20260119135500000,000070,5,11.74,11.75,11.72,11.72,619700,7270962.0
2026-01-19 14:00:00,2026-01-19,20260119140000000,000070,5,11.73,11.75,11.72,11.75,487500,5719528.0
2026-01-19 14:05:00,2026-01-19,20260119140500000,000070,5,11.74,11.74,11.73,11.74,431400,5062295.0
2026-01-19 14:10:00,2026-01-19,20260119141000000,000070,5,11.74,11.75,11.73,11.74,340676,3999498.24
2026-01-19 14:15:00,2026-01-19,20260119141500000,000070,5,11.75,11.77,11.74,11.74,361400,4246354.0
2026-01-19 14:20:00,2026-01-19,20260119142000000,000070,5,11.75,11.75,11.74,11.74,262100,3078409.0
2026-01-19 14:25:00,2026-01-19,20260119142500000,000070,5,11.75,11.77,11.74,11.76,520700,6117527.0
2026-01-19 14:30:00,2026-01-19,20260119143000000,000070,5,11.76,11.77,11.74,11.74,569100,6689855.0
2026-01-19 14:35:00,2026-01-19,20260119143500000,000070,5,11.75,11.75,11.73,11.73,559300,6566477.24
2026-01-19 14:40:00,2026-01-19,20260119144000000,000070,5,11.74,11.74,11.73,11.74,725300,8510077.0
2026-01-19 14:45:00,2026-01-19,20260119144500000,000070,5,11.73,11.78,11.72,11.76,1031924,12115510.52
2026-01-19 14:50:00,2026-01-19,20260119145000000,000070,5,11.76,11.78,11.76,11.77,758700,8927967.0
2026-01-19 14:55:00,2026-01-19,20260119145500000,000070,5,11.78,11.78,11.76,11.76,1405400,16541055.0
2026-01-19 15:00:00,2026-01-19,20260119150000000,000070,5,11.76,11.77,11.75,11.75,1711800,20118931.0
2026-01-20 09:35:00,2026-01-20,20260120093500000,000070,5,11.74,11.75,11.6,11.6,3449500,40219574.0
2026-01-20 09:40:00,2026-01-20,20260120094000000,000070,5,11.6,11.63,11.42,11.46,5872200,67541619.0
2026-01-20 09:45:00,2026-01-20,20260120094500000,000070,5,11.45,11.5,11.44,11.45,2267300,25995520.0
2026-01-20 09:50:00,2026-01-20,20260120095000000,000070,5,11.44,11.44,11.41,11.42,2542900,29058199.0
2026-01-20 09:55:00,2026-01-20,20260120095500000,000070,5,11.42,11.42,11.3,11.33,4611500,52351595.0
2026-01-20 10:00:00,2026-01-20,20260120100000000,000070,5,11.33,11.41,11.31,11.34,2052200,23289115.0
2026-01-20 10:05:00,2026-01-20,20260120100500000,000070,5,11.34,11.36,11.32,11.33,1391100,15760579.0
2026-01-20 10:10:00,2026-01-20,20260120101000000,000070,5,11.33,11.35,11.32,11.33,874900,9916398.0
2026-01-20 10:15:00,2026-01-20,20260120101500000,000070,5,11.33,11.33,11.3,11.3,1335000,15109747.0
2026-01-20 10:20:00,2026-01-20,20260120102000000,000070,5,11.3,11.31,11.18,11.18,3784100,42618845.0
2026-01-20 10:25:00,2026-01-20,20260120102500000,000070,5,11.2,11.23,11.17,11.22,2136000,23920967.0
2026-01-20 10:30:00,2026-01-20,20260120103000000,000070,5,11.21,11.23,11.19,11.21,1262700,14149225.0
2026-01-20 10:35:00,2026-01-20,20260120103500000,000070,5,11.2,11.25,11.2,11.25,839500,9418181.0
2026-01-20 10:40:00,2026-01-20,20260120104000000,000070,5,11.26,11.31,11.26,11.31,629700,7113133.0
2026-01-20 10:45:00,2026-01-20,20260120104500000,000070,5,11.31,11.31,11.26,11.27,596500,6733302.0
2026-01-20 10:50:00,2026-01-20,20260120105000000,000070,5,11.26,11.27,11.24,11.24,568200,6393940.0
2026-01-20 10:55:00,2026-01-20,20260120105500000,000070,5,11.25,11.25,11.21,11.22,528900,5937850.0
2026-01-20 11:00:00,2026-01-20,20260120110000000,000070,5,11.22,11.23,11.2,11.22,633800,7106597.0
2026-01-20 11:05:00,2026-01-20,20260120110500000,000070,5,11.22,11.24,11.22,11.24,242100,2717241.0
2026-01-20 11:10:00,2026-01-20,20260120111000000,000070,5,11.23,11.24,11.2,11.21,753500,8452498.0
2026-01-20 11:15:00,2026-01-20,20260120111500000,000070,5,11.22,11.24,11.21,11.23,321800,3609447.0
2026-01-20 11:20:00,2026-01-20,20260120112000000,000070,5,11.23,11.29,11.23,11.28,325700,3669990.0
2026-01-20 11:25:00,2026-01-20,20260120112500000,000070,5,11.28,11.28,11.24,11.25,327900,3693597.0
2026-01-20 11:30:00,2026-01-20,20260120113000000,000070,5,11.26,11.26,11.24,11.24,235400,2647367.0
2026-01-20 13:05:00,2026-01-20,20260120130500000,000070,5,11.24,11.24,11.2,11.21,587700,6592411.0
2026-01-20 13:10:00,2026-01-20,20260120131000000,000070,5,11.2,11.23,11.2,11.21,340200,3814291.0
2026-01-20 13:15:00,2026-01-20,20260120131500000,000070,5,11.21,11.23,11.21,11.22,266300,2986593.0
2026-01-20 13:20:00,2026-01-20,20260120132000000,000070,5,11.23,11.23,11.21,11.22,369700,4147690.0
2026-01-20 13:25:00,2026-01-20,20260120132500000,000070,5,11.22,11.23,11.21,11.21,369601,4145847.21
2026-01-20 13:30:00,2026-01-20,20260120133000000,000070,5,11.21,11.29,11.21,11.27,421900,4747394.0
2026-01-20 13:35:00,2026-01-20,20260120133500000,000070,5,11.27,11.28,11.23,11.24,288200,3241186.0
2026-01-20 13:40:00,2026-01-20,20260120134000000,000070,5,11.24,11.24,11.21,11.22,425100,4770501.0
2026-01-20 13:45:00,2026-01-20,20260120134500000,000070,5,11.22,11.23,11.21,11.22,558700,6265312.0
2026-01-20 13:50:00,2026-01-20,20260120135000000,000070,5,11.22,11.25,11.22,11.24,231100,2597003.0
2026-01-20 13:55:00,2026-01-20,20260120135500000,000070,5,11.23,11.27,11.23,11.24,338600,3811041.0
2026-01-20 14:00:00,2026-01-20,20260120140000000,000070,5,11.25,11.25,11.23,11.24,268300,3016090.0
2026-01-20 14:05:00,2026-01-20,20260120140500000,000070,5,11.24,11.25,11.22,11.22,513400,5764080.0
2026-01-20 14:10:00,2026-01-20,20260120141000000,000070,5,11.22,11.23,11.22,11.22,311900,3500234.0
2026-01-20 14:15:00,2026-01-20,20260120141500000,000070,5,11.22,11.23,11.21,11.22,442100,4960186.0
2026-01-20 14:20:00,2026-01-20,20260120142000000,000070,5,11.23,11.23,11.21,11.21,440700,4942404.0
2026-01-20 14:25:00,2026-01-20,20260120142500000,000070,5,11.21,11.23,11.21,11.22,489200,5487608.0
2026-01-20 14:30:00,2026-01-20,20260120143000000,000070,5,11.22,11.22,11.21,11.22,319500,3582903.0
2026-01-20 14:35:00,2026-01-20,20260120143500000,000070,5,11.21,11.22,11.2,11.2,666299,7467600.79
2026-01-20 14:40:00,2026-01-20,20260120144000000,000070,5,11.2,11.21,11.2,11.21,548200,6142621.0
2026-01-20 14:45:00,2026-01-20,20260120144500000,000070,5,11.21,11.21,11.2,11.21,848444,9505598.8
2026-01-20 14:50:00,2026-01-20,20260120145000000,000070,5,11.21,11.22,11.21,11.21,806500,9043917.0
2026-01-20 14:55:00,2026-01-20,20260120145500000,000070,5,11.22,11.22,11.2,11.21,1265820,14192052.0
2026-01-20 15:00:00,2026-01-20,20260120150000000,000070,5,11.21,11.23,11.2,11.23,1095042,12284230.4
2026-01-21 09:35:00,2026-01-21,20260121093500000,000070,5,11.15,11.16,11.06,11.14,1868200,20778936.0
2026-01-21 09:40:00,2026-01-21,20260121094000000,000070,5,11.14,11.35,11.13,11.35,2051200,23130108.0
2026-01-21 09:45:00,2026-01-21,20260121094500000,000070,5,11.35,11.4,11.33,11.38,2259800,25695353.0
2026-01-21 09:50:00,2026-01-21,20260121095000000,000070,5,11.37,11.38,11.33,11.35,883000,10022622.0
2026-01-21 09:55:00,2026-01-21,20260121095500000,000070,5,11.35,11.35,11.28,11.28,1288100,14576261.0
2026-01-21 10:00:00,2026-01-21,20260121100000000,000070,5,11.29,11.32,11.28,11.3,537900,6082054.0
2026-01-21 10:05:00,2026-01-21,20260121100500000,000070,5,11.31,11.31,11.29,11.29,566500,6399882.0
2026-01-21 10:10:00,2026-01-21,20260121101000000,000070,5,11.3,11.32,11.3,11.3,508700,5750642.0
2026-01-21 10:15:00,2026-01-21,20260121101500000,000070,5,11.31,11.34,11.3,11.32,450500,5101889.0
2026-01-21 10:20:00,2026-01-21,20260121102000000,000070,5,11.33,11.34,11.32,11.33,342400,3880430.0
2026-01-21 10:25:00,2026-01-21,20260121102500000,000070,5,11.34,11.34,11.3,11.31,344600,3901400.0
2026-01-21 10:30:00,2026-01-21,20260121103000000,000070,5,11.31,11.32,11.3,11.31,368100,4162577.0
2026-01-21 10:35:00,2026-01-21,20260121103500000,000070,5,11.32,11.33,11.3,11.32,485606,5495827.92
2026-01-21 10:40:00,2026-01-21,20260121104000000,000070,5,11.33,11.44,11.31,11.44,2221300,25280033.0
2026-01-21 10:45:00,2026-01-21,20260121104500000,000070,5,11.46,11.48,11.41,11.45,2140000,24536044.0
2026-01-21 10:50:00,2026-01-21,20260121105000000,000070,5,11.44,11.46,11.41,11.42,766100,8762398.0
2026-01-21 10:55:00,2026-01-21,20260121105500000,000070,5,11.42,11.45,11.42,11.42,521800,5967781.0
2026-01-21 11:00:00,2026-01-21,20260121110000000,000070,5,11.42,11.44,11.41,11.42,340500,3889727.0
2026-01-21 11:05:00,2026-01-21,20260121110500000,000070,5,11.41,11.44,11.41,11.43,242800,2774215.0
2026-01-21 11:10:00,2026-01-21,20260121111000000,000070,5,11.43,11.44,11.43,11.44,216900,2480389.0
2026-01-21 11:15:00,2026-01-21,20260121111500000,000070,5,11.43,11.44,11.42,11.43,327500,3743995.0
2026-01-21 11:20:00,2026-01-21,20260121112000000,000070,5,11.44,11.44,11.43,11.44,229200,2621543.0
2026-01-21 11:25:00,2026-01-21,20260121112500000,000070,5,11.44,11.44,11.4,11.41,376300,4299095.0
2026-01-21 11:30:00,2026-01-21,20260121113000000,000070,5,11.4,11.42,11.37,11.38,479600,5464353.0
2026-01-21 13:05:00,2026-01-21,20260121130500000,000070,5,11.38,11.4,11.38,11.4,268200,3052622.0
2026-01-21 13:10:00,2026-01-21,20260121131000000,000070,5,11.4,11.43,11.38,11.43,358856,4093318.64
2026-01-21 13:15:00,2026-01-21,20260121131500000,000070,5,11.43,11.45,11.4,11.41,481500,5505914.0
2026-01-21 13:20:00,2026-01-21,20260121132000000,000070,5,11.4,11.4,11.37,11.39,318300,3624611.0
2026-01-21 13:25:00,2026-01-21,20260121132500000,000070,5,11.39,11.4,11.39,11.39,148500,1692233.0
2026-01-21 13:30:00,2026-01-21,20260121133000000,000070,5,11.4,11.4,11.37,11.38,317700,3615954.0
2026-01-21 13:35:00,2026-01-21,20260121133500000,000070,5,11.39,11.39,11.36,11.36,277700,3159311.0
2026-01-21 13:40:00,2026-01-21,20260121134000000,000070,5,11.36,11.38,11.36,11.38,198900,2261070.0
2026-01-21 13:45:00,2026-01-21,20260121134500000,000070,5,11.38,11.39,11.38,11.38,105100,1196619.0
2026-01-21 13:50:00,2026-01-21,20260121135000000,000070,5,11.38,11.39,11.38,11.38,298100,3394743.0
2026-01-21 13:55:00,2026-01-21,20260121135500000,000070,5,11.39,11.4,11.38,11.4,205300,2338955.0
2026-01-21 14:00:00,2026-01-21,20260121140000000,000070,5,11.4,11.4,11.39,11.4,164800,1878167.0
2026-01-21 14:05:00,2026-01-21,20260121140500000,000070,5,11.39,11.4,11.38,11.39,283900,3233113.0
2026-01-21 14:10:00,2026-01-21,20260121141000000,000070,5,11.38,11.39,11.37,11.39,283000,3221084.0
2026-01-21 14:15:00,2026-01-21,20260121141500000,000070,5,11.38,11.39,11.36,11.36,304000,3458168.0
2026-01-21 14:20:00,2026-01-21,20260121142000000,000070,5,11.36,11.41,11.36,11.38,850506,9680743.6
2026-01-21 14:25:00,2026-01-21,20260121142500000,000070,5,11.38,11.39,11.36,11.38,254860,2898955.8
2026-01-21 14:30:00,2026-01-21,20260121143000000,000070,5,11.38,11.38,11.36,11.36,434000,4933424.0
2026-01-21 14:35:00,2026-01-21,20260121143500000,000070,5,11.36,11.38,11.36,11.37,352400,4005155.0
2026-01-21 14:40:00,2026-01-21,20260121144000000,000070,5,11.37,11.38,11.36,11.37,293700,3339470.0
2026-01-21 14:45:00,2026-01-21,20260121144500000,000070,5,11.38,11.38,11.36,11.37,661700,7519656.0
2026-01-21 14:50:00,2026-01-21,20260121145000000,000070,5,11.36,11.37,11.36,11.36,705600,8020743.0
2026-01-21 14:55:00,2026-01-21,20260121145500000,000070,5,11.37,11.37,11.36,11.37,762039,8660651.04
2026-01-21 15:00:00,2026-01-21,20260121150000000,000070,5,11.37,11.38,11.36,11.37,725000,8244319.0
2026-01-22 09:35:00,2026-01-22,20260122093500000,000070,5,11.7,11.75,11.56,11.59,6286000,73327565.0
2026-01-22 09:40:00,2026-01-22,20260122094000000,000070,5,11.59,11.62,11.54,11.56,1649300,19115021.0
2026-01-22 09:45:00,2026-01-22,20260122094500000,000070,5,11.56,11.58,11.55,11.57,977500,11306359.0
2026-01-22 09:50:00,2026-01-22,20260122095000000,000070,5,11.57,11.62,11.57,11.58,879800,10208194.0
2026-01-22 09:55:00,2026-01-22,20260122095500000,000070,5,11.59,11.64,11.57,11.63,1099539,12758529.57
2026-01-22 10:00:00,2026-01-22,20260122100000000,000070,5,11.64,11.67,11.61,11.62,1164900,13575569.0
2026-01-22 10:05:00,2026-01-22,20260122100500000,000070,5,11.62,11.62,11.59,11.59,425900,4941664.0
2026-01-22 10:10:00,2026-01-22,20260122101000000,000070,5,11.59,11.6,11.58,11.59,456800,5293815.0
2026-01-22 10:15:00,2026-01-22,20260122101500000,000070,5,11.59,11.6,11.58,11.58,496000,5750591.0
2026-01-22 10:20:00,2026-01-22,20260122102000000,000070,5,11.58,11.58,11.52,11.53,1277000,14747378.0
2026-01-22 10:25:00,2026-01-22,20260122102500000,000070,5,11.52,11.55,11.52,11.54,454000,5237700.0
2026-01-22 10:30:00,2026-01-22,20260122103000000,000070,5,11.54,11.57,11.52,11.52,409100,4723046.0
2026-01-22 10:35:00,2026-01-22,20260122103500000,000070,5,11.52,11.54,11.51,11.54,402620,4640808.6
2026-01-22 10:40:00,2026-01-22,20260122104000000,000070,5,11.54,11.56,11.54,11.55,247300,2855821.0
2026-01-22 10:45:00,2026-01-22,20260122104500000,000070,5,11.55,11.56,11.54,11.56,208400,2407291.0
2026-01-22 10:50:00,2026-01-22,20260122105000000,000070,5,11.56,11.56,11.54,11.54,266200,3075419.0
2026-01-22 10:55:00,2026-01-22,20260122105500000,000070,5,11.54,11.56,11.53,11.56,282900,3264226.0
2026-01-22 11:00:00,2026-01-22,20260122110000000,000070,5,11.56,11.59,11.55,11.59,316300,3659535.0
2026-01-22 11:05:00,2026-01-22,20260122110500000,000070,5,11.59,11.59,11.56,11.56,287400,3327252.0
2026-01-22 11:10:00,2026-01-22,20260122111000000,000070,5,11.56,11.56,11.55,11.56,109800,1268673.0
2026-01-22 11:15:00,2026-01-22,20260122111500000,000070,5,11.55,11.57,11.54,11.54,242200,2797553.0
2026-01-22 11:20:00,2026-01-22,20260122112000000,000070,5,11.55,11.55,11.54,11.55,169400,1955550.0
2026-01-22 11:25:00,2026-01-22,20260122112500000,000070,5,11.54,11.55,11.53,11.53,244440,2820196.54
2026-01-22 11:30:00,2026-01-22,20260122113000000,000070,5,11.54,11.54,11.52,11.52,209600,2417119.4
2026-01-22 13:05:00,2026-01-22,20260122130500000,000070,5,11.53,11.53,11.51,11.51,476740,5489999.8
2026-01-22 13:10:00,2026-01-22,20260122131000000,000070,5,11.51,11.52,11.5,11.52,252100,2901217.0
2026-01-22 13:15:00,2026-01-22,20260122131500000,000070,5,11.51,11.52,11.51,11.51,101100,1163990.0
2026-01-22 13:20:00,2026-01-22,20260122132000000,000070,5,11.51,11.56,11.51,11.53,425200,4905546.0
2026-01-22 13:25:00,2026-01-22,20260122132500000,000070,5,11.53,11.55,11.52,11.55,275900,3182415.0
2026-01-22 13:30:00,2026-01-22,20260122133000000,000070,5,11.55,11.55,11.52,11.53,227400,2622687.0
2026-01-22 13:35:00,2026-01-22,20260122133500000,000070,5,11.53,11.54,11.52,11.54,217400,2505627.0
2026-01-22 13:40:00,2026-01-22,20260122134000000,000070,5,11.53,11.56,11.53,11.55,232000,2677849.0
2026-01-22 13:45:00,2026-01-22,20260122134500000,000070,5,11.55,11.56,11.54,11.54,252400,2916404.0
2026-01-22 13:50:00,2026-01-22,20260122135000000,000070,5,11.54,11.55,11.53,11.55,189700,2189390.0
2026-01-22 13:55:00,2026-01-22,20260122135500000,000070,5,11.55,11.55,11.53,11.55,161500,1863310.0
2026-01-22 14:00:00,2026-01-22,20260122140000000,000070,5,11.55,11.55,11.53,11.53,177300,2045341.0
2026-01-22 14:05:00,2026-01-22,20260122140500000,000070,5,11.54,11.57,11.53,11.56,793100,9161125.0
2026-01-22 14:10:00,2026-01-22,20260122141000000,000070,5,11.56,11.58,11.56,11.56,365200,4226610.0
2026-01-22 14:15:00,2026-01-22,20260122141500000,000070,5,11.56,11.58,11.55,11.56,394700,4563794.0
2026-01-22 14:20:00,2026-01-22,20260122142000000,000070,5,11.55,11.56,11.54,11.55,327000,3776951.0
2026-01-22 14:25:00,2026-01-22,20260122142500000,000070,5,11.55,11.67,11.55,11.65,1828949,21258931.44
2026-01-22 14:30:00,2026-01-22,20260122143000000,000070,5,11.66,11.66,11.62,11.62,652140,7586998.8
2026-01-22 14:35:00,2026-01-22,20260122143500000,000070,5,11.63,11.7,11.62,11.69,2030840,23695345.2
2026-01-22 14:40:00,2026-01-22,20260122144000000,000070,5,11.69,11.69,11.66,11.66,670800,7829735.0
2026-01-22 14:45:00,2026-01-22,20260122144500000,000070,5,11.66,11.67,11.65,11.65,592960,6912340.0
2026-01-22 14:50:00,2026-01-22,20260122145000000,000070,5,11.65,11.67,11.65,11.67,932000,10868813.0
2026-01-22 14:55:00,2026-01-22,20260122145500000,000070,5,11.66,11.67,11.65,11.65,1234040,14386677.0
2026-01-22 15:00:00,2026-01-22,20260122150000000,000070,5,11.65,11.67,11.65,11.66,1251600,14591087.0
2026-01-23 09:35:00,2026-01-23,20260123093500000,000070,5,11.62,11.62,11.52,11.57,2302400,26614259.0
2026-01-23 09:40:00,2026-01-23,20260123094000000,000070,5,11.57,11.6,11.55,11.58,1597500,18481920.0
2026-01-23 09:45:00,2026-01-23,20260123094500000,000070,5,11.59,11.66,11.59,11.6,1079300,12542266.0
2026-01-23 09:50:00,2026-01-23,20260123095000000,000070,5,11.61,11.61,11.55,11.58,1416760,16398291.2
2026-01-23 09:55:00,2026-01-23,20260123095500000,000070,5,11.57,11.61,11.57,11.58,893000,10342943.0
2026-01-23 10:00:00,2026-01-23,20260123100000000,000070,5,11.58,11.61,11.57,11.58,748500,8671633.0
2026-01-23 10:05:00,2026-01-23,20260123100500000,000070,5,11.58,11.6,11.56,11.58,912200,10556952.0
2026-01-23 10:10:00,2026-01-23,20260123101000000,000070,5,11.59,11.6,11.57,11.58,935700,10838492.0
2026-01-23 10:15:00,2026-01-23,20260123101500000,000070,5,11.58,11.61,11.58,11.6,727066,8428829.62
2026-01-23 10:20:00,2026-01-23,20260123102000000,000070,5,11.61,11.61,11.58,11.59,856800,9930691.0
2026-01-23 10:25:00,2026-01-23,20260123102500000,000070,5,11.59,11.6,11.58,11.59,809500,9380426.0
2026-01-23 10:30:00,2026-01-23,20260123103000000,000070,5,11.59,11.6,11.58,11.59,746700,8652813.0
2026-01-23 10:35:00,2026-01-23,20260123103500000,000070,5,11.59,11.59,11.55,11.57,976834,11300497.38
2026-01-23 10:40:00,2026-01-23,20260123104000000,000070,5,11.57,11.6,11.57,11.59,772500,8946826.0
2026-01-23 10:45:00,2026-01-23,20260123104500000,000070,5,11.59,11.62,11.59,11.61,802600,9310432.0
2026-01-23 10:50:00,2026-01-23,20260123105000000,000070,5,11.6,11.63,11.6,11.62,675600,7848078.0
2026-01-23 10:55:00,2026-01-23,20260123105500000,000070,5,11.62,11.63,11.6,11.62,644500,7484735.0
2026-01-23 11:00:00,2026-01-23,20260123110000000,000070,5,11.63,11.63,11.6,11.61,528000,6132660.0
2026-01-23 11:05:00,2026-01-23,20260123110500000,000070,5,11.6,11.65,11.6,11.64,658100,7654306.0
2026-01-23 11:10:00,2026-01-23,20260123111000000,000070,5,11.63,11.66,11.63,11.64,626500,7294383.0
2026-01-23 11:15:00,2026-01-23,20260123111500000,000070,5,11.63,11.64,11.6,11.6,521400,6055056.0
2026-01-23 11:20:00,2026-01-23,20260123112000000,000070,5,11.6,11.62,11.58,11.61,610800,7082544.0
2026-01-23 11:25:00,2026-01-23,20260123112500000,000070,5,11.62,11.63,11.59,11.62,799000,9271237.0
2026-01-23 11:30:00,2026-01-23,20260123113000000,000070,5,11.6,11.65,11.6,11.63,597480,6950317.6
2026-01-23 13:05:00,2026-01-23,20260123130500000,000070,5,11.63,11.65,11.63,11.63,697000,8110443.0
2026-01-23 13:10:00,2026-01-23,20260123131000000,000070,5,11.63,11.69,11.62,11.69,866300,10094906.0
2026-01-23 13:15:00,2026-01-23,20260123131500000,000070,5,11.69,11.7,11.65,11.7,1378500,16102646.0
2026-01-23 13:20:00,2026-01-23,20260123132000000,000070,5,11.7,11.71,11.69,11.7,1056900,12366393.0
2026-01-23 13:25:00,2026-01-23,20260123132500000,000070,5,11.7,11.73,11.69,11.71,1079600,12635249.0
2026-01-23 13:30:00,2026-01-23,20260123133000000,000070,5,11.71,11.72,11.68,11.68,911000,10660182.0
2026-01-23 13:35:00,2026-01-23,20260123133500000,000070,5,11.68,11.7,11.68,11.69,317100,3705844.0
2026-01-23 13:40:00,2026-01-23,20260123134000000,000070,5,11.68,11.69,11.66,11.67,480900,5611768.0
2026-01-23 13:45:00,2026-01-23,20260123134500000,000070,5,11.67,11.68,11.64,11.64,857200,9993990.0
2026-01-23 13:50:00,2026-01-23,20260123135000000,000070,5,11.64,11.65,11.62,11.64,1191800,13845762.0
2026-01-23 13:55:00,2026-01-23,20260123135500000,000070,5,11.64,11.66,11.63,11.65,370800,4320141.0
2026-01-23 14:00:00,2026-01-23,20260123140000000,000070,5,11.65,11.66,11.64,11.65,416500,4851112.0
2026-01-23 14:05:00,2026-01-23,20260123140500000,000070,5,11.65,11.66,11.64,11.66,326400,3801741.64
2026-01-23 14:10:00,2026-01-23,20260123141000000,000070,5,11.66,11.68,11.65,11.67,558336,6512584.76
2026-01-23 14:15:00,2026-01-23,20260123141500000,000070,5,11.66,11.68,11.66,11.67,405900,4736327.0
2026-01-23 14:20:00,2026-01-23,20260123142000000,000070,5,11.67,11.68,11.66,11.67,393800,4596342.0
2026-01-23 14:25:00,2026-01-23,20260123142500000,000070,5,11.67,11.69,11.67,11.68,716060,8362632.2
2026-01-23 14:30:00,2026-01-23,20260123143000000,000070,5,11.68,11.69,11.68,11.69,502100,5866737.0
2026-01-23 14:35:00,2026-01-23,20260123143500000,000070,5,11.68,11.71,11.67,11.71,1787906,20912526.08
2026-01-23 14:40:00,2026-01-23,20260123144000000,000070,5,11.7,11.7,11.68,11.69,584200,6828831.0
2026-01-23 14:45:00,2026-01-23,20260123144500000,000070,5,11.69,11.7,11.68,11.69,824000,9632362.0
2026-01-23 14:50:00,2026-01-23,20260123145000000,000070,5,11.69,11.7,11.69,11.69,854100,9989373.0
2026-01-23 14:55:00,2026-01-23,20260123145500000,000070,5,11.69,11.71,11.69,11.71,1391800,16289439.0
2026-01-23 15:00:00,2026-01-23,20260123150000000,000070,5,11.71,11.72,11.7,11.72,1443900,16916315.0
2026-01-26 09:35:00,2026-01-26,20260126093500000,000070,5,11.66,11.7,11.6,11.68,3125700,36376243.28
2026-01-26 09:40:00,2026-01-26,20260126094000000,000070,5,11.68,11.74,11.66,11.69,1581000,18492621.0
2026-01-26 09:45:00,2026-01-26,20260126094500000,000070,5,11.68,11.95,11.68,11.84,4738700,56061357.0
2026-01-26 09:50:00,2026-01-26,20260126095000000,000070,5,11.85,11.86,11.74,11.77,2149400,25416910.0
2026-01-26 09:55:00,2026-01-26,20260126095500000,000070,5,11.78,11.8,11.7,11.71,1243100,14591785.0
2026-01-26 10:00:00,2026-01-26,20260126100000000,000070,5,11.71,11.81,11.69,11.8,1942560,22814589.8
2026-01-26 10:05:00,2026-01-26,20260126100500000,000070,5,11.81,11.81,11.73,11.74,879500,10347437.0
2026-01-26 10:10:00,2026-01-26,20260126101000000,000070,5,11.74,11.75,11.71,11.73,734400,8614118.0
2026-01-26 10:15:00,2026-01-26,20260126101500000,000070,5,11.73,11.75,11.72,11.73,715100,8388133.0
2026-01-26 10:20:00,2026-01-26,20260126102000000,000070,5,11.72,11.73,11.67,11.67,1200300,14047033.0
2026-01-26 10:25:00,2026-01-26,20260126102500000,000070,5,11.67,11.67,11.64,11.65,923600,10766108.0
2026-01-26 10:30:00,2026-01-26,20260126103000000,000070,5,11.64,11.72,11.64,11.71,526100,6143431.0
2026-01-26 10:35:00,2026-01-26,20260126103500000,000070,5,11.69,11.73,11.65,11.72,558900,6532132.0
2026-01-26 10:40:00,2026-01-26,20260126104000000,000070,5,11.7,11.89,11.7,11.84,3329400,39407045.0
2026-01-26 10:45:00,2026-01-26,20260126104500000,000070,5,11.84,11.93,11.79,11.89,3362800,39980243.0
2026-01-26 10:50:00,2026-01-26,20260126105000000,000070,5,11.89,11.95,11.89,11.93,4291700,51220632.0
2026-01-26 10:55:00,2026-01-26,20260126105500000,000070,5,11.93,11.94,11.88,11.91,1594000,18994412.0
2026-01-26 11:00:00,2026-01-26,20260126110000000,000070,5,11.9,11.9,11.84,11.87,1106300,13132770.0
2026-01-26 11:05:00,2026-01-26,20260126110500000,000070,5,11.88,11.9,11.86,11.89,673100,7996154.0
2026-01-26 11:10:00,2026-01-26,20260126111000000,000070,5,11.9,11.9,11.85,11.86,730600,8679741.0
2026-01-26 11:15:00,2026-01-26,20260126111500000,000070,5,11.87,11.87,11.84,11.87,402300,4770659.0
2026-01-26 11:20:00,2026-01-26,20260126112000000,000070,5,11.87,11.94,11.85,11.93,1032500,12292911.0
2026-01-26 11:25:00,2026-01-26,20260126112500000,000070,5,11.93,11.96,11.93,11.93,1919100,22925724.0
2026-01-26 11:30:00,2026-01-26,20260126113000000,000070,5,11.92,11.96,11.9,11.94,1768200,21123985.0
2026-01-26 13:05:00,2026-01-26,20260126130500000,000070,5,11.94,11.94,11.82,11.84,1308900,15529819.0
2026-01-26 13:10:00,2026-01-26,20260126131000000,000070,5,11.84,11.92,11.82,11.9,1157600,13742645.0
2026-01-26 13:15:00,2026-01-26,20260126131500000,000070,5,11.89,11.97,11.86,11.97,1469700,17528293.0
2026-01-26 13:20:00,2026-01-26,20260126132000000,000070,5,11.97,11.97,11.92,11.93,1032600,12338179.0
2026-01-26 13:25:00,2026-01-26,20260126132500000,000070,5,11.92,12.14,11.92,12.06,4960660,59721452.0
2026-01-26 13:30:00,2026-01-26,20260126133000000,000070,5,12.06,12.22,12.05,12.19,6947460,84416695.2
2026-01-26 13:35:00,2026-01-26,20260126133500000,000070,5,12.2,12.21,12.16,12.17,4825500,58834488.0
2026-01-26 13:40:00,2026-01-26,20260126134000000,000070,5,12.16,12.19,12.13,12.13,2177400,26495178.48
2026-01-26 13:45:00,2026-01-26,20260126134500000,000070,5,12.13,12.14,12.06,12.1,1525800,18473873.0
2026-01-26 13:50:00,2026-01-26,20260126135000000,000070,5,12.1,12.15,12.09,12.13,1190900,14443620.0
2026-01-26 13:55:00,2026-01-26,20260126135500000,000070,5,12.13,12.17,12.13,12.15,1032600,12546163.0
2026-01-26 14:00:00,2026-01-26,20260126140000000,000070,5,12.16,12.16,12.1,12.1,728200,8828575.0
2026-01-26 14:05:00,2026-01-26,20260126140500000,000070,5,12.1,12.11,12.06,12.07,796000,9626776.0
2026-01-26 14:10:00,2026-01-26,20260126141000000,000070,5,12.06,12.07,12.01,12.05,925900,11147878.0
2026-01-26 14:15:00,2026-01-26,20260126141500000,000070,5,12.04,12.12,12.04,12.11,994500,12019363.0
2026-01-26 14:20:00,2026-01-26,20260126142000000,000070,5,12.1,12.11,12.08,12.08,604200,7306942.0
2026-01-26 14:25:00,2026-01-26,20260126142500000,000070,5,12.08,12.12,12.08,12.12,850794,10295915.4
2026-01-26 14:30:00,2026-01-26,20260126143000000,000070,5,12.12,12.15,12.11,12.15,902900,10949210.0
2026-01-26 14:35:00,2026-01-26,20260126143500000,000070,5,12.15,12.15,12.13,12.15,899800,10924324.0
2026-01-26 14:40:00,2026-01-26,20260126144000000,000070,5,12.15,12.15,12.14,12.14,1079042,13104405.88
2026-01-26 14:45:00,2026-01-26,20260126144500000,000070,5,12.14,12.15,12.14,12.14,1263400,15344680.0
2026-01-26 14:50:00,2026-01-26,20260126145000000,000070,5,12.15,12.18,12.14,12.18,2635500,32044726.0
2026-01-26 14:55:00,2026-01-26,20260126145500000,000070,5,12.19,12.2,12.18,12.19,3775400,46021989.0
2026-01-26 15:00:00,2026-01-26,20260126150000000,000070,5,12.19,12.2,12.18,12.2,3204080,39069738.4
2026-01-27 09:35:00,2026-01-27,20260127093500000,000070,5,11.92,11.95,11.8,11.84,7038000,83563237.48
2026-01-27 09:40:00,2026-01-27,20260127094000000,000070,5,11.84,11.89,11.79,11.79,3940100,46622573.31
2026-01-27 09:45:00,2026-01-27,20260127094500000,000070,5,11.79,11.86,11.77,11.8,2655200,31336284.0
2026-01-27 09:50:00,2026-01-27,20260127095000000,000070,5,11.8,11.8,11.65,11.66,3938500,46201976.4
2026-01-27 09:55:00,2026-01-27,20260127095500000,000070,5,11.66,11.72,11.63,11.63,3016400,35218167.0
2026-01-27 10:00:00,2026-01-27,20260127100000000,000070,5,11.63,11.63,11.38,11.45,5229500,60009559.06
2026-01-27 10:05:00,2026-01-27,20260127100500000,000070,5,11.45,11.53,11.38,11.52,2193234,25110686.08
2026-01-27 10:10:00,2026-01-27,20260127101000000,000070,5,11.54,11.57,11.52,11.55,1277900,14747981.0
2026-01-27 10:15:00,2026-01-27,20260127101500000,000070,5,11.54,11.65,11.54,11.62,1041300,12070397.0
2026-01-27 10:20:00,2026-01-27,20260127102000000,000070,5,11.62,11.62,11.55,11.61,979700,11349620.0
2026-01-27 10:25:00,2026-01-27,20260127102500000,000070,5,11.61,11.63,11.58,11.58,731400,8485868.0
2026-01-27 10:30:00,2026-01-27,20260127103000000,000070,5,11.59,11.59,11.51,11.52,735100,8485223.0
2026-01-27 10:35:00,2026-01-27,20260127103500000,000070,5,11.51,11.6,11.51,11.59,892000,10287478.0
2026-01-27 10:40:00,2026-01-27,20260127104000000,000070,5,11.6,11.71,11.59,11.7,992400,11573241.0
2026-01-27 10:45:00,2026-01-27,20260127104500000,000070,5,11.7,11.75,11.67,11.74,899800,10536485.0
2026-01-27 10:50:00,2026-01-27,20260127105000000,000070,5,11.74,11.74,11.7,11.71,562400,6584909.0
2026-01-27 10:55:00,2026-01-27,20260127105500000,000070,5,11.7,11.7,11.63,11.63,470800,5491959.0
2026-01-27 11:00:00,2026-01-27,20260127110000000,000070,5,11.63,11.68,11.61,11.68,229300,2670691.0
2026-01-27 11:05:00,2026-01-27,20260127110500000,000070,5,11.68,11.72,11.67,11.69,377700,4418738.0
2026-01-27 11:10:00,2026-01-27,20260127111000000,000070,5,11.68,11.69,11.67,11.68,198400,2318161.0
2026-01-27 11:15:00,2026-01-27,20260127111500000,000070,5,11.68,11.68,11.65,11.65,244800,2855309.0
2026-01-27 11:20:00,2026-01-27,20260127112000000,000070,5,11.65,11.67,11.65,11.65,178700,2082246.0
2026-01-27 11:25:00,2026-01-27,20260127112500000,000070,5,11.65,11.66,11.63,11.66,265000,3086489.0
2026-01-27 11:30:00,2026-01-27,20260127113000000,000070,5,11.65,11.66,11.63,11.64,287200,3343428.0
2026-01-27 13:05:00,2026-01-27,20260127130500000,000070,5,11.63,11.65,11.61,11.61,383100,4455323.0
2026-01-27 13:10:00,2026-01-27,20260127131000000,000070,5,11.62,11.63,11.61,11.62,355100,4124663.0
2026-01-27 13:15:00,2026-01-27,20260127131500000,000070,5,11.63,11.71,11.62,11.71,459100,5351215.0
2026-01-27 13:20:00,2026-01-27,20260127132000000,000070,5,11.7,11.71,11.69,11.7,579000,6774298.78
2026-01-27 13:25:00,2026-01-27,20260127132500000,000070,5,11.7,11.7,11.65,11.65,353600,4128521.0
2026-01-27 13:30:00,2026-01-27,20260127133000000,000070,5,11.65,11.66,11.61,11.66,628100,7306315.0
2026-01-27 13:35:00,2026-01-27,20260127133500000,000070,5,11.66,11.67,11.64,11.65,274400,3198423.0
2026-01-27 13:40:00,2026-01-27,20260127134000000,000070,5,11.66,11.68,11.6,11.66,1023000,11896584.0
2026-01-27 13:45:00,2026-01-27,20260127134500000,000070,5,11.66,11.68,11.65,11.68,291900,3404139.0
2026-01-27 13:50:00,2026-01-27,20260127135000000,000070,5,11.68,11.75,11.67,11.75,519300,6081807.0
2026-01-27 13:55:00,2026-01-27,20260127135500000,000070,5,11.75,11.75,11.72,11.73,500700,5873878.0
2026-01-27 14:00:00,2026-01-27,20260127140000000,000070,5,11.73,11.74,11.72,11.73,351000,4118075.0
2026-01-27 14:05:00,2026-01-27,20260127140500000,000070,5,11.73,11.81,11.73,11.79,955300,11251900.0
2026-01-27 14:10:00,2026-01-27,20260127141000000,000070,5,11.79,11.82,11.76,11.76,882900,10415124.0
2026-01-27 14:15:00,2026-01-27,20260127141500000,000070,5,11.77,11.78,11.76,11.77,349360,4111043.2
2026-01-27 14:20:00,2026-01-27,20260127142000000,000070,5,11.77,11.78,11.76,11.78,392322,4618188.94
2026-01-27 14:25:00,2026-01-27,20260127142500000,000070,5,11.78,11.79,11.76,11.76,302818,3563420.86
2026-01-27 14:30:00,2026-01-27,20260127143000000,000070,5,11.77,11.78,11.76,11.77,319182,3756994.32
2026-01-27 14:35:00,2026-01-27,20260127143500000,000070,5,11.77,11.78,11.76,11.77,449900,5296753.0
2026-01-27 14:40:00,2026-01-27,20260127144000000,000070,5,11.76,11.77,11.75,11.75,588718,6924336.68
2026-01-27 14:45:00,2026-01-27,20260127144500000,000070,5,11.76,11.76,11.73,11.74,798500,9379458.0
2026-01-27 14:50:00,2026-01-27,20260127145000000,000070,5,11.74,11.74,11.72,11.73,821064,9630528.72
2026-01-27 14:55:00,2026-01-27,20260127145500000,000070,5,11.73,11.75,11.73,11.74,905100,10621901.0
2026-01-27 15:00:00,2026-01-27,20260127150000000,000070,5,11.74,11.77,11.73,11.77,1164200,13685591.0
2026-01-28 09:35:00,2026-01-28,20260128093500000,000070,5,12.31,12.59,12.11,12.22,17913382,221433567.9
2026-01-28 09:40:00,2026-01-28,20260128094000000,000070,5,12.22,12.22,12.1,12.15,4426014,53773299.96
2026-01-28 09:45:00,2026-01-28,20260128094500000,000070,5,12.16,12.2,12.03,12.05,3194686,38713607.76
2026-01-28 09:50:00,2026-01-28,20260128095000000,000070,5,12.05,12.1,12.0,12.1,2820800,33957566.0
2026-01-28 09:55:00,2026-01-28,20260128095500000,000070,5,12.1,12.1,12.02,12.08,1649494,19885244.94
2026-01-28 10:00:00,2026-01-28,20260128100000000,000070,5,12.09,12.09,11.94,11.94,2519406,30216997.18
2026-01-28 10:05:00,2026-01-28,20260128100500000,000070,5,11.94,11.99,11.85,11.95,2064994,24608557.3
2026-01-28 10:10:00,2026-01-28,20260128101000000,000070,5,11.95,11.97,11.9,11.97,766100,9143198.3
2026-01-28 10:15:00,2026-01-28,20260128101500000,000070,5,11.97,11.99,11.94,11.98,862600,10324304.0
2026-01-28 10:20:00,2026-01-28,20260128102000000,000070,5,11.97,12.0,11.96,11.99,696600,8344836.0
2026-01-28 10:25:00,2026-01-28,20260128102500000,000070,5,11.99,12.07,11.99,12.0,1290900,15529266.0
2026-01-28 10:30:00,2026-01-28,20260128103000000,000070,5,12.0,12.05,11.97,12.04,719300,8637012.0
2026-01-28 10:35:00,2026-01-28,20260128103500000,000070,5,12.04,12.06,12.02,12.03,613278,7388248.36
2026-01-28 10:40:00,2026-01-28,20260128104000000,000070,5,12.02,12.02,11.98,11.98,478222,5739299.44
2026-01-28 10:45:00,2026-01-28,20260128104500000,000070,5,11.98,12.0,11.95,11.95,563600,6750084.0
2026-01-28 10:50:00,2026-01-28,20260128105000000,000070,5,11.95,11.96,11.94,11.95,422500,5048702.0
2026-01-28 10:55:00,2026-01-28,20260128105500000,000070,5,11.95,12.04,11.94,12.03,586178,7028581.32
2026-01-28 11:00:00,2026-01-28,20260128110000000,000070,5,12.03,12.04,12.0,12.0,425400,5110727.8
2026-01-28 11:05:00,2026-01-28,20260128110500000,000070,5,12.0,12.1,12.0,12.06,1018320,12273297.8
2026-01-28 11:10:00,2026-01-28,20260128111000000,000070,5,12.05,12.05,12.03,12.03,305400,3677932.0
2026-01-28 11:15:00,2026-01-28,20260128111500000,000070,5,12.03,12.04,12.01,12.01,326300,3923437.0
2026-01-28 11:20:00,2026-01-28,20260128112000000,000070,5,12.02,12.04,12.0,12.04,352420,4236500.6
2026-01-28 11:25:00,2026-01-28,20260128112500000,000070,5,12.04,12.05,12.03,12.04,383000,4610990.0
2026-01-28 11:30:00,2026-01-28,20260128113000000,000070,5,12.04,12.07,12.03,12.07,318200,3833012.0
2026-01-28 13:05:00,2026-01-28,20260128130500000,000070,5,12.07,12.1,12.07,12.07,771500,9318232.0
2026-01-28 13:10:00,2026-01-28,20260128131000000,000070,5,12.07,12.07,12.05,12.05,516700,6231285.0
2026-01-28 13:15:00,2026-01-28,20260128131500000,000070,5,12.05,12.07,12.05,12.05,413700,4990354.0
2026-01-28 13:20:00,2026-01-28,20260128132000000,000070,5,12.06,12.06,12.0,12.0,415900,4999032.0
2026-01-28 13:25:00,2026-01-28,20260128132500000,000070,5,12.0,12.01,11.93,11.93,666922,7984003.34
2026-01-28 13:30:00,2026-01-28,20260128133000000,000070,5,11.92,11.95,11.91,11.94,465000,5550113.0
2026-01-28 13:35:00,2026-01-28,20260128133500000,000070,5,11.93,11.95,11.92,11.94,559800,6679984.0
2026-01-28 13:40:00,2026-01-28,20260128134000000,000070,5,11.95,11.95,11.93,11.95,482900,5765984.0
2026-01-28 13:45:00,2026-01-28,20260128134500000,000070,5,11.94,11.96,11.94,11.95,343400,4102147.0
2026-01-28 13:50:00,2026-01-28,20260128135000000,000070,5,11.95,11.96,11.93,11.93,238000,2843121.0
2026-01-28 13:55:00,2026-01-28,20260128135500000,000070,5,11.94,11.95,11.93,11.93,440200,5254871.0
2026-01-28 14:00:00,2026-01-28,20260128140000000,000070,5,11.92,11.93,11.91,11.91,450900,5372124.0
2026-01-28 14:05:00,2026-01-28,20260128140500000,000070,5,11.92,11.92,11.88,11.88,1400219,16639676.15
2026-01-28 14:10:00,2026-01-28,20260128141000000,000070,5,11.88,11.89,11.82,11.84,754381,8941990.85
2026-01-28 14:15:00,2026-01-28,20260128141500000,000070,5,11.84,11.86,11.84,11.85,505658,5990104.91
2026-01-28 14:20:00,2026-01-28,20260128142000000,000070,5,11.85,11.95,11.85,11.95,327400,3898518.0
2026-01-28 14:25:00,2026-01-28,20260128142500000,000070,5,11.95,11.95,11.89,11.91,395200,4709599.0
2026-01-28 14:30:00,2026-01-28,20260128143000000,000070,5,11.91,11.92,11.89,11.9,450900,5367225.0
2026-01-28 14:35:00,2026-01-28,20260128143500000,000070,5,11.9,11.9,11.87,11.9,524300,6231190.0
2026-01-28 14:40:00,2026-01-28,20260128144000000,000070,5,11.89,11.9,11.88,11.89,682500,8111862.0
2026-01-28 14:45:00,2026-01-28,20260128144500000,000070,5,11.88,11.89,11.86,11.86,1083500,12868063.0
2026-01-28 14:50:00,2026-01-28,20260128145000000,000070,5,11.87,11.87,11.86,11.87,618600,7339370.0
2026-01-28 14:55:00,2026-01-28,20260128145500000,000070,5,11.86,11.87,11.86,11.86,1187400,14087267.0
2026-01-28 15:00:00,2026-01-28,20260128150000000,000070,5,11.87,11.87,11.86,11.87,1391120,16508290.2
2026-01-29 09:35:00,2026-01-29,20260129093500000,000070,5,11.52,11.52,11.25,11.33,9170900,104255379.4
2026-01-29 09:40:00,2026-01-29,20260129094000000,000070,5,11.35,11.46,11.31,11.46,3855780,43705294.0
2026-01-29 09:45:00,2026-01-29,20260129094500000,000070,5,11.46,11.55,11.41,11.5,1974200,22638603.0
2026-01-29 09:50:00,2026-01-29,20260129095000000,000070,5,11.5,11.51,11.37,11.46,2269700,25909143.0
2026-01-29 09:55:00,2026-01-29,20260129095500000,000070,5,11.45,11.49,11.42,11.46,1447500,16577084.0
2026-01-29 10:00:00,2026-01-29,20260129100000000,000070,5,11.46,11.47,11.43,11.47,1346800,15418755.0
2026-01-29 10:05:00,2026-01-29,20260129100500000,000070,5,11.46,11.48,11.41,11.41,1085100,12428765.0
2026-01-29 10:10:00,2026-01-29,20260129101000000,000070,5,11.41,11.42,11.35,11.4,2241459,25512174.42
2026-01-29 10:15:00,2026-01-29,20260129101500000,000070,5,11.41,11.51,11.39,11.45,1449200,16606716.0
2026-01-29 10:20:00,2026-01-29,20260129102000000,000070,5,11.45,11.49,11.41,11.43,659800,7552460.0
2026-01-29 10:25:00,2026-01-29,20260129102500000,000070,5,11.43,11.46,11.43,11.44,451040,5163242.6
2026-01-29 10:30:00,2026-01-29,20260129103000000,000070,5,11.43,11.45,11.42,11.44,694200,7938127.0
2026-01-29 10:35:00,2026-01-29,20260129103500000,000070,5,11.44,11.48,11.44,11.46,466500,5347437.0
2026-01-29 10:40:00,2026-01-29,20260129104000000,000070,5,11.46,11.47,11.43,11.46,434800,4975835.0
2026-01-29 10:45:00,2026-01-29,20260129104500000,000070,5,11.46,11.47,11.45,11.47,270000,3093819.0
2026-01-29 10:50:00,2026-01-29,20260129105000000,000070,5,11.47,11.57,11.46,11.55,773400,8908955.0
2026-01-29 10:55:00,2026-01-29,20260129105500000,000070,5,11.55,11.55,11.52,11.53,466900,5383705.0
2026-01-29 11:00:00,2026-01-29,20260129110000000,000070,5,11.53,11.55,11.52,11.52,360400,4156272.0
2026-01-29 11:05:00,2026-01-29,20260129110500000,000070,5,11.52,11.53,11.5,11.51,369000,4248189.0
2026-01-29 11:10:00,2026-01-29,20260129111000000,000070,5,11.51,11.54,11.5,11.5,351000,4041309.0
2026-01-29 11:15:00,2026-01-29,20260129111500000,000070,5,11.5,11.51,11.46,11.46,634900,7290470.0
2026-01-29 11:20:00,2026-01-29,20260129112000000,000070,5,11.46,11.48,11.44,11.47,434000,4971370.0
2026-01-29 11:25:00,2026-01-29,20260129112500000,000070,5,11.47,11.5,11.46,11.46,268000,3075091.0
2026-01-29 11:30:00,2026-01-29,20260129113000000,000070,5,11.46,11.46,11.43,11.43,429800,4921070.0
2026-01-29 13:05:00,2026-01-29,20260129130500000,000070,5,11.44,11.44,11.4,11.4,864900,9872388.0
2026-01-29 13:10:00,2026-01-29,20260129131000000,000070,5,11.4,11.44,11.4,11.43,613000,6997849.0
2026-01-29 13:15:00,2026-01-29,20260129131500000,000070,5,11.42,11.43,11.38,11.39,997100,11366405.0
2026-01-29 13:20:00,2026-01-29,20260129132000000,000070,5,11.38,11.4,11.38,11.38,697700,7946051.0
2026-01-29 13:25:00,2026-01-29,20260129132500000,000070,5,11.39,11.39,11.38,11.39,698900,7956218.0
2026-01-29 13:30:00,2026-01-29,20260129133000000,000070,5,11.39,11.39,11.35,11.35,1325400,15058910.0
2026-01-29 13:35:00,2026-01-29,20260129133500000,000070,5,11.35,11.37,11.34,11.35,514500,5841672.0
2026-01-29 13:40:00,2026-01-29,20260129134000000,000070,5,11.36,11.39,11.35,11.39,578164,6572394.4
2026-01-29 13:45:00,2026-01-29,20260129134500000,000070,5,11.38,11.39,11.38,11.38,291700,3320604.0
2026-01-29 13:50:00,2026-01-29,20260129135000000,000070,5,11.38,11.38,11.35,11.35,338300,3845337.0
2026-01-29 13:55:00,2026-01-29,20260129135500000,000070,5,11.35,11.37,11.35,11.35,511300,5805772.0
2026-01-29 14:00:00,2026-01-29,20260129140000000,000070,5,11.35,11.36,11.34,11.34,553400,6280274.0
2026-01-29 14:05:00,2026-01-29,20260129140500000,000070,5,11.34,11.36,11.34,11.35,354500,4022615.0
2026-01-29 14:10:00,2026-01-29,20260129141000000,000070,5,11.35,11.36,11.35,11.35,264700,3005068.0
2026-01-29 14:15:00,2026-01-29,20260129141500000,000070,5,11.35,11.36,11.32,11.33,715000,8106374.0
2026-01-29 14:20:00,2026-01-29,20260129142000000,000070,5,11.33,11.34,11.32,11.34,486000,5506048.0
2026-01-29 14:25:00,2026-01-29,20260129142500000,000070,5,11.34,11.37,11.34,11.36,392420,4456061.6
2026-01-29 14:30:00,2026-01-29,20260129143000000,000070,5,11.36,11.37,11.35,11.36,381800,4337517.0
2026-01-29 14:35:00,2026-01-29,20260129143500000,000070,5,11.36,11.37,11.35,11.35,371320,4215748.0
2026-01-29 14:40:00,2026-01-29,20260129144000000,000070,5,11.35,11.36,11.34,11.35,465700,5282959.8
2026-01-29 14:45:00,2026-01-29,20260129144500000,000070,5,11.34,11.35,11.33,11.33,733300,8317792.8
2026-01-29 14:50:00,2026-01-29,20260129145000000,000070,5,11.33,11.34,11.3,11.31,1492260,16890461.8
2026-01-29 14:55:00,2026-01-29,20260129145500000,000070,5,11.31,11.32,11.3,11.31,1419300,16052082.0
2026-01-29 15:00:00,2026-01-29,20260129150000000,000070,5,11.32,11.33,11.31,11.32,1071000,12122417.0
2026-01-30 09:35:00,2026-01-30,20260130093500000,000070,5,11.14,11.27,11.13,11.14,2727600,30486341.0
2026-01-30 09:40:00,2026-01-30,20260130094000000,000070,5,11.14,11.19,11.07,11.14,2440900,27111047.0
2026-01-30 09:45:00,2026-01-30,20260130094500000,000070,5,11.13,11.14,11.1,11.11,952300,10584572.0
2026-01-30 09:50:00,2026-01-30,20260130095000000,000070,5,11.12,11.21,11.09,11.21,1278478,14219039.36
2026-01-30 09:55:00,2026-01-30,20260130095500000,000070,5,11.2,11.2,11.12,11.13,630000,7039713.0
2026-01-30 10:00:00,2026-01-30,20260130100000000,000070,5,11.12,11.2,11.12,11.16,700960,7825506.6
2026-01-30 10:05:00,2026-01-30,20260130100500000,000070,5,11.21,11.25,11.18,11.22,830300,9307950.0
2026-01-30 10:10:00,2026-01-30,20260130101000000,000070,5,11.22,11.28,11.21,11.27,664500,7474033.0
2026-01-30 10:15:00,2026-01-30,20260130101500000,000070,5,11.27,11.28,11.17,11.21,566300,6350636.0
2026-01-30 10:20:00,2026-01-30,20260130102000000,000070,5,11.2,11.23,11.16,11.16,429700,4804992.0
2026-01-30 10:25:00,2026-01-30,20260130102500000,000070,5,11.16,11.16,11.12,11.14,684900,7628257.0
2026-01-30 10:30:00,2026-01-30,20260130103000000,000070,5,11.14,11.15,11.12,11.13,584900,6510534.0
2026-01-30 10:35:00,2026-01-30,20260130103500000,000070,5,11.13,11.14,11.01,11.01,2538700,28105255.0
2026-01-30 10:40:00,2026-01-30,20260130104000000,000070,5,11.0,11.08,11.0,11.08,1485645,16384836.45
2026-01-30 10:45:00,2026-01-30,20260130104500000,000070,5,11.08,11.13,11.07,11.1,491100,5447895.0
2026-01-30 10:50:00,2026-01-30,20260130105000000,000070,5,11.11,11.15,11.1,11.13,357300,3975252.0
2026-01-30 10:55:00,2026-01-30,20260130105500000,000070,5,11.13,11.17,11.13,11.13,215900,2406770.0
2026-01-30 11:00:00,2026-01-30,20260130110000000,000070,5,11.13,11.14,11.1,11.11,435500,4840831.0
2026-01-30 11:05:00,2026-01-30,20260130110500000,000070,5,11.11,11.25,11.11,11.16,759400,8502886.0
2026-01-30 11:10:00,2026-01-30,20260130111000000,000070,5,11.16,11.21,11.16,11.21,138200,1546704.0
2026-01-30 11:15:00,2026-01-30,20260130111500000,000070,5,11.21,11.88,11.2,11.8,4835400,55933479.27
2026-01-30 11:20:00,2026-01-30,20260130112000000,000070,5,11.79,11.79,11.58,11.62,3988600,46481371.0
2026-01-30 11:25:00,2026-01-30,20260130112500000,000070,5,11.61,11.79,11.54,11.7,3717900,43346053.0
2026-01-30 11:30:00,2026-01-30,20260130113000000,000070,5,11.7,11.89,11.68,11.83,6112000,72134219.12
2026-01-30 13:05:00,2026-01-30,20260130130500000,000070,5,11.83,11.89,11.75,11.78,4326700,51180893.2
2026-01-30 13:10:00,2026-01-30,20260130131000000,000070,5,11.78,11.85,11.75,11.83,1834500,21633666.0
2026-01-30 13:15:00,2026-01-30,20260130131500000,000070,5,11.84,11.84,11.75,11.78,765800,9032768.0
2026-01-30 13:20:00,2026-01-30,20260130132000000,000070,5,11.79,11.79,11.7,11.7,795900,9353082.0
2026-01-30 13:25:00,2026-01-30,20260130132500000,000070,5,11.7,11.75,11.68,11.7,737200,8636058.0
2026-01-30 13:30:00,2026-01-30,20260130133000000,000070,5,11.7,11.71,11.65,11.68,773800,9030890.0
2026-01-30 13:35:00,2026-01-30,20260130133500000,000070,5,11.67,11.71,11.67,11.68,674500,7890357.0
2026-01-30 13:40:00,2026-01-30,20260130134000000,000070,5,11.68,11.76,11.65,11.72,733500,8578541.0
2026-01-30 13:45:00,2026-01-30,20260130134500000,000070,5,11.76,11.9,11.73,11.9,4336627,51368823.71
2026-01-30 13:50:00,2026-01-30,20260130135000000,000070,5,11.9,11.9,11.83,11.83,1411602,16745968.18
2026-01-30 13:55:00,2026-01-30,20260130135500000,000070,5,11.83,11.87,11.8,11.86,1023300,12110101.0
2026-01-30 14:00:00,2026-01-30,20260130140000000,000070,5,11.87,11.87,11.78,11.78,685900,8119236.0
2026-01-30 14:05:00,2026-01-30,20260130140500000,000070,5,11.79,11.95,11.76,11.93,3715684,44180837.6
2026-01-30 14:10:00,2026-01-30,20260130141000000,000070,5,11.93,12.1,11.9,12.04,5771858,69336276.1
2026-01-30 14:15:00,2026-01-30,20260130141500000,000070,5,12.04,12.11,12.04,12.04,2932600,35442129.0
2026-01-30 14:20:00,2026-01-30,20260130142000000,000070,5,12.04,12.04,11.94,11.99,1117100,13397186.2
2026-01-30 14:25:00,2026-01-30,20260130142500000,000070,5,11.99,12.1,11.98,12.05,2166880,26085994.0
2026-01-30 14:30:00,2026-01-30,20260130143000000,000070,5,12.02,12.15,12.02,12.06,4133300,49996828.0
2026-01-30 14:35:00,2026-01-30,20260130143500000,000070,5,12.05,12.12,12.02,12.07,2524400,30519574.0
2026-01-30 14:40:00,2026-01-30,20260130144000000,000070,5,12.07,12.13,12.05,12.05,2160700,26141393.0
2026-01-30 14:45:00,2026-01-30,20260130144500000,000070,5,12.06,12.06,12.0,12.0,1317100,15831029.0
2026-01-30 14:50:00,2026-01-30,20260130145000000,000070,5,12.0,12.01,11.88,11.9,1670500,19940789.0
2026-01-30 14:55:00,2026-01-30,20260130145500000,000070,5,11.9,11.95,11.9,11.91,2235100,26653174.98
2026-01-30 15:00:00,2026-01-30,20260130150000000,000070,5,11.91,11.91,11.89,11.9,2330800,27736582.0
2026-02-02 09:35:00,2026-02-02,20260202093500000,000070,5,11.5,11.74,11.5,11.68,7007600,81206333.0
2026-02-02 09:40:00,2026-02-02,20260202094000000,000070,5,11.68,11.81,11.67,11.72,3258600,38219470.0
2026-02-02 09:45:00,2026-02-02,20260202094500000,000070,5,11.72,11.72,11.56,11.56,4085800,47514178.0
2026-02-02 09:50:00,2026-02-02,20260202095000000,000070,5,11.56,11.65,11.5,11.57,2119400,24502137.0
2026-02-02 09:55:00,2026-02-02,20260202095500000,000070,5,11.57,11.63,11.55,11.61,942800,10927226.0
2026-02-02 10:00:00,2026-02-02,20260202100000000,000070,5,11.6,11.6,11.53,11.58,1349300,15602889.0
2026-02-02 10:05:00,2026-02-02,20260202100500000,000070,5,11.58,11.58,11.52,11.53,1213000,13994274.0
2026-02-02 10:10:00,2026-02-02,20260202101000000,000070,5,11.53,11.56,11.5,11.53,1482100,17071686.0
2026-02-02 10:15:00,2026-02-02,20260202101500000,000070,5,11.54,11.55,11.5,11.53,1030700,11877047.0
2026-02-02 10:20:00,2026-02-02,20260202102000000,000070,5,11.53,11.54,11.51,11.51,781900,9007773.0
2026-02-02 10:25:00,2026-02-02,20260202102500000,000070,5,11.53,11.53,11.51,11.53,557500,6422131.0
2026-02-02 10:30:00,2026-02-02,20260202103000000,000070,5,11.52,11.61,11.52,11.6,803545,9300570.85
2026-02-02 10:35:00,2026-02-02,20260202103500000,000070,5,11.6,11.74,11.59,11.66,1345700,15723845.0
2026-02-02 10:40:00,2026-02-02,20260202104000000,000070,5,11.65,11.8,11.61,11.76,1077000,12625080.0
2026-02-02 10:45:00,2026-02-02,20260202104500000,000070,5,11.78,11.84,11.73,11.73,1584800,18675968.0
2026-02-02 10:50:00,2026-02-02,20260202105000000,000070,5,11.78,11.9,11.76,11.82,2111400,25030075.0
2026-02-02 10:55:00,2026-02-02,20260202105500000,000070,5,11.83,11.89,11.81,11.81,970700,11489009.0
2026-02-02 11:00:00,2026-02-02,20260202110000000,000070,5,11.8,11.83,11.74,11.75,1241100,14615222.0
2026-02-02 11:05:00,2026-02-02,20260202110500000,000070,5,11.76,11.77,11.73,11.76,807100,9477990.0
2026-02-02 11:10:00,2026-02-02,20260202111000000,000070,5,11.75,11.75,11.69,11.71,468700,5488826.0
2026-02-02 11:15:00,2026-02-02,20260202111500000,000070,5,11.71,11.72,11.7,11.72,294300,3446125.0
2026-02-02 11:20:00,2026-02-02,20260202112000000,000070,5,11.71,11.76,11.71,11.73,370900,4355057.0
2026-02-02 11:25:00,2026-02-02,20260202112500000,000070,5,11.73,11.75,11.69,11.7,367200,4301865.0
2026-02-02 11:30:00,2026-02-02,20260202113000000,000070,5,11.69,11.7,11.65,11.66,379100,4426020.0
2026-02-02 13:05:00,2026-02-02,20260202130500000,000070,5,11.67,11.67,11.63,11.65,556100,6477036.0
2026-02-02 13:10:00,2026-02-02,20260202131000000,000070,5,11.65,11.65,11.6,11.64,697800,8107015.0
2026-02-02 13:15:00,2026-02-02,20260202131500000,000070,5,11.64,11.65,11.6,11.6,173100,2011091.0
2026-02-02 13:20:00,2026-02-02,20260202132000000,000070,5,11.6,11.65,11.6,11.64,191700,2228119.0
2026-02-02 13:25:00,2026-02-02,20260202132500000,000070,5,11.63,11.65,11.63,11.64,266200,3099650.0
2026-02-02 13:30:00,2026-02-02,20260202133000000,000070,5,11.64,11.71,11.64,11.67,423200,4945069.0
2026-02-02 13:35:00,2026-02-02,20260202133500000,000070,5,11.67,11.7,11.63,11.64,312600,3646936.0
2026-02-02 13:40:00,2026-02-02,20260202134000000,000070,5,11.64,11.67,11.63,11.65,154600,1801792.0
2026-02-02 13:45:00,2026-02-02,20260202134500000,000070,5,11.65,11.67,11.63,11.63,312300,3638659.0
2026-02-02 13:50:00,2026-02-02,20260202135000000,000070,5,11.63,11.65,11.62,11.65,298500,3471398.0
2026-02-02 13:55:00,2026-02-02,20260202135500000,000070,5,11.63,11.65,11.59,11.61,670500,7785291.0
2026-02-02 14:00:00,2026-02-02,20260202140000000,000070,5,11.61,11.68,11.61,11.67,354100,4126600.0
2026-02-02 14:05:00,2026-02-02,20260202140500000,000070,5,11.67,11.7,11.66,11.7,533300,6227927.0
2026-02-02 14:10:00,2026-02-02,20260202141000000,000070,5,11.7,11.71,11.66,11.68,418800,4893917.0
2026-02-02 14:15:00,2026-02-02,20260202141500000,000070,5,11.68,11.69,11.63,11.64,349300,4073801.0
2026-02-02 14:20:00,2026-02-02,20260202142000000,000070,5,11.62,11.64,11.6,11.6,610220,7086122.4
2026-02-02 14:25:00,2026-02-02,20260202142500000,000070,5,11.6,11.6,11.59,11.6,239300,2775228.0
2026-02-02 14:30:00,2026-02-02,20260202143000000,000070,5,11.6,11.6,11.57,11.57,544100,6302580.0
2026-02-02 14:35:00,2026-02-02,20260202143500000,000070,5,11.57,11.59,11.56,11.57,500700,5791678.0
2026-02-02 14:40:00,2026-02-02,20260202144000000,000070,5,11.57,11.58,11.55,11.57,657900,7608793.0
2026-02-02 14:45:00,2026-02-02,20260202144500000,000070,5,11.57,11.57,11.52,11.52,945000,10915106.0
2026-02-02 14:50:00,2026-02-02,20260202145000000,000070,5,11.53,11.53,11.5,11.5,991500,11418123.36
2026-02-02 14:55:00,2026-02-02,20260202145500000,000070,5,11.5,11.52,11.47,11.49,2297200,26402381.0
2026-02-02 15:00:00,2026-02-02,20260202150000000,000070,5,11.49,11.5,11.47,11.5,1303000,14968974.0
2026-02-03 09:35:00,2026-02-03,20260203093500000,000070,5,11.62,11.98,11.62,11.94,7431400,87859710.0
2026-02-03 09:40:00,2026-02-03,20260203094000000,000070,5,11.96,12.23,11.94,12.11,11465000,138638057.0
2026-02-03 09:45:00,2026-02-03,20260203094500000,000070,5,12.12,12.18,12.05,12.05,5957900,72185920.0
2026-02-03 09:50:00,2026-02-03,20260203095000000,000070,5,12.05,12.16,12.01,12.1,4284500,51776569.0
2026-02-03 09:55:00,2026-02-03,20260203095500000,000070,5,12.12,12.13,12.04,12.08,2685300,32471112.0
2026-02-03 10:00:00,2026-02-03,20260203100000000,000070,5,12.07,12.26,12.07,12.24,7828640,95325260.2
2026-02-03 10:05:00,2026-02-03,20260203100500000,000070,5,12.24,12.24,12.16,12.16,2592500,31637863.8
2026-02-03 10:10:00,2026-02-03,20260203101000000,000070,5,12.17,12.18,12.11,12.11,1555900,18893100.0
2026-02-03 10:15:00,2026-02-03,20260203101500000,000070,5,12.12,12.12,12.02,12.02,2255300,27221244.6
2026-02-03 10:20:00,2026-02-03,20260203102000000,000070,5,12.04,12.07,12.01,12.03,1968000,23674388.0
2026-02-03 10:25:00,2026-02-03,20260203102500000,000070,5,12.03,12.09,12.03,12.08,897120,10828709.6
2026-02-03 10:30:00,2026-02-03,20260203103000000,000070,5,12.08,12.1,12.06,12.07,955500,11540100.8
2026-02-03 10:35:00,2026-02-03,20260203103500000,000070,5,12.07,12.08,11.94,11.95,1586200,19015826.0
2026-02-03 10:40:00,2026-02-03,20260203104000000,000070,5,11.94,12.03,11.94,11.95,1242000,14873141.0
2026-02-03 10:45:00,2026-02-03,20260203104500000,000070,5,11.95,11.98,11.91,11.95,1255300,14985704.0
2026-02-03 10:50:00,2026-02-03,20260203105000000,000070,5,11.95,12.01,11.95,11.97,1228000,14711533.0
2026-02-03 10:55:00,2026-02-03,20260203105500000,000070,5,11.97,12.01,11.96,12.01,870700,10445650.0
2026-02-03 11:00:00,2026-02-03,20260203110000000,000070,5,12.01,12.09,12.0,12.08,928900,11193193.0
2026-02-03 11:05:00,2026-02-03,20260203110500000,000070,5,12.08,12.08,12.04,12.04,381400,4600110.0
2026-02-03 11:10:00,2026-02-03,20260203111000000,000070,5,12.05,12.06,11.96,11.96,1056800,12704027.0
2026-02-03 11:15:00,2026-02-03,20260203111500000,000070,5,11.96,12.08,11.95,11.95,2939200,35279837.0
2026-02-03 11:20:00,2026-02-03,20260203112000000,000070,5,12.0,12.08,11.95,12.07,804700,9693220.0
2026-02-03 11:25:00,2026-02-03,20260203112500000,000070,5,12.08,12.09,12.06,12.07,511900,6182761.0
2026-02-03 11:30:00,2026-02-03,20260203113000000,000070,5,12.07,12.08,12.05,12.08,411700,4967218.0
2026-02-03 13:05:00,2026-02-03,20260203130500000,000070,5,12.07,12.1,12.04,12.04,899500,10860467.0
2026-02-03 13:10:00,2026-02-03,20260203131000000,000070,5,12.04,12.07,12.03,12.05,231100,2784509.0
2026-02-03 13:15:00,2026-02-03,20260203131500000,000070,5,12.05,12.06,12.02,12.05,535400,6448967.0
2026-02-03 13:20:00,2026-02-03,20260203132000000,000070,5,12.04,12.07,12.04,12.05,378300,4560455.0
2026-02-03 13:25:00,2026-02-03,20260203132500000,000070,5,12.06,12.06,12.04,12.05,310800,3744930.0
2026-02-03 13:30:00,2026-02-03,20260203133000000,000070,5,12.05,12.06,12.03,12.06,391500,4714889.0
2026-02-03 13:35:00,2026-02-03,20260203133500000,000070,5,12.06,12.08,12.05,12.08,463900,5596361.0
2026-02-03 13:40:00,2026-02-03,20260203134000000,000070,5,12.08,12.12,12.07,12.12,1399400,16923885.0
2026-02-03 13:45:00,2026-02-03,20260203134500000,000070,5,12.12,12.12,12.09,12.1,780900,9457810.0
2026-02-03 13:50:00,2026-02-03,20260203135000000,000070,5,12.1,12.11,12.08,12.08,938300,11351418.0
2026-02-03 13:55:00,2026-02-03,20260203135500000,000070,5,12.08,12.1,12.07,12.1,628900,7597921.0
2026-02-03 14:00:00,2026-02-03,20260203140000000,000070,5,12.09,12.25,12.09,12.23,4889285,59598868.88
2026-02-03 14:05:00,2026-02-03,20260203140500000,000070,5,12.23,12.23,12.17,12.18,1680340,20496775.8
2026-02-03 14:10:00,2026-02-03,20260203141000000,000070,5,12.19,12.24,12.19,12.23,2786800,34068612.0
2026-02-03 14:15:00,2026-02-03,20260203141500000,000070,5,12.23,12.24,12.21,12.22,1533500,18751250.0
2026-02-03 14:20:00,2026-02-03,20260203142000000,000070,5,12.21,12.35,12.21,12.27,7087400,86996354.0
2026-02-03 14:25:00,2026-02-03,20260203142500000,000070,5,12.27,12.3,12.27,12.28,1537000,18883147.0
2026-02-03 14:30:00,2026-02-03,20260203143000000,000070,5,12.28,12.31,12.28,12.3,1966020,24177003.6
2026-02-03 14:35:00,2026-02-03,20260203143500000,000070,5,12.3,12.32,12.28,12.29,2054700,25258332.0
2026-02-03 14:40:00,2026-02-03,20260203144000000,000070,5,12.29,12.3,12.28,12.29,1158500,14239537.0
2026-02-03 14:45:00,2026-02-03,20260203144500000,000070,5,12.28,12.29,12.26,12.27,2039200,25030594.0
2026-02-03 14:50:00,2026-02-03,20260203145000000,000070,5,12.28,12.29,12.27,12.28,2086700,25617350.0
2026-02-03 14:55:00,2026-02-03,20260203145500000,000070,5,12.29,12.3,12.28,12.28,2672100,32838395.0
2026-02-03 15:00:00,2026-02-03,20260203150000000,000070,5,12.29,12.3,12.28,12.29,3162006,38863115.74
2026-02-04 09:35:00,2026-02-04,20260204093500000,000070,5,13.21,13.52,13.21,13.52,26646840,359320594.2
2026-02-04 09:40:00,2026-02-04,20260204094000000,000070,5,13.52,13.52,13.52,13.52,3747300,50663496.0
2026-02-04 09:45:00,2026-02-04,20260204094500000,000070,5,13.52,13.52,13.52,13.52,2245840,30363756.8
2026-02-04 09:50:00,2026-02-04,20260204095000000,000070,5,13.52,13.52,13.52,13.52,1102300,14903096.0
2026-02-04 09:55:00,2026-02-04,20260204095500000,000070,5,13.52,13.52,13.52,13.52,716220,9683294.4
2026-02-04 10:00:00,2026-02-04,20260204100000000,000070,5,13.52,13.52,13.52,13.52,718136,9709198.72
2026-02-04 10:05:00,2026-02-04,20260204100500000,000070,5,13.52,13.52,13.52,13.52,708400,9577568.0
2026-02-04 10:10:00,2026-02-04,20260204101000000,000070,5,13.52,13.52,13.52,13.52,406240,5492364.8
2026-02-04 10:15:00,2026-02-04,20260204101500000,000070,5,13.52,13.52,13.52,13.52,551660,7458443.2
2026-02-04 10:20:00,2026-02-04,20260204102000000,000070,5,13.52,13.52,13.52,13.52,389300,5263336.0
2026-02-04 10:25:00,2026-02-04,20260204102500000,000070,5,13.52,13.52,13.52,13.52,358180,4842593.6
2026-02-04 10:30:00,2026-02-04,20260204103000000,000070,5,13.52,13.52,13.52,13.52,395400,5345808.0
2026-02-04 10:35:00,2026-02-04,20260204103500000,000070,5,13.52,13.52,13.52,13.52,586890,7934752.8
2026-02-04 10:40:00,2026-02-04,20260204104000000,000070,5,13.52,13.52,13.52,13.52,463800,6270576.0
2026-02-04 10:45:00,2026-02-04,20260204104500000,000070,5,13.52,13.52,13.52,13.52,396100,5355272.0
2026-02-04 10:50:00,2026-02-04,20260204105000000,000070,5,13.52,13.52,13.52,13.52,307500,4157400.0
2026-02-04 10:55:00,2026-02-04,20260204105500000,000070,5,13.52,13.52,13.52,13.52,437100,5909592.0
2026-02-04 11:00:00,2026-02-04,20260204110000000,000070,5,13.52,13.52,13.52,13.52,253400,3425968.0
2026-02-04 11:05:00,2026-02-04,20260204110500000,000070,5,13.52,13.52,13.52,13.52,320300,4330456.0
2026-02-04 11:10:00,2026-02-04,20260204111000000,000070,5,13.52,13.52,13.52,13.52,778100,10519912.0
2026-02-04 11:15:00,2026-02-04,20260204111500000,000070,5,13.52,13.52,13.52,13.52,170300,2302456.0
2026-02-04 11:20:00,2026-02-04,20260204112000000,000070,5,13.52,13.52,13.52,13.52,993700,13434824.0
2026-02-04 11:25:00,2026-02-04,20260204112500000,000070,5,13.52,13.52,13.52,13.52,389200,5261984.0
2026-02-04 11:30:00,2026-02-04,20260204113000000,000070,5,13.52,13.52,13.52,13.52,285240,3856444.8
2026-02-04 13:05:00,2026-02-04,20260204130500000,000070,5,13.52,13.52,13.52,13.52,1147060,15508251.2
2026-02-04 13:10:00,2026-02-04,20260204131000000,000070,5,13.52,13.52,13.52,13.52,220600,2982512.0
2026-02-04 13:15:00,2026-02-04,20260204131500000,000070,5,13.52,13.52,13.52,13.52,839100,11344632.0
2026-02-04 13:20:00,2026-02-04,20260204132000000,000070,5,13.52,13.52,13.52,13.52,732100,9897992.0
2026-02-04 13:25:00,2026-02-04,20260204132500000,000070,5,13.52,13.52,13.52,13.52,301785,4080133.2
2026-02-04 13:30:00,2026-02-04,20260204133000000,000070,5,13.52,13.52,13.52,13.52,259400,3507088.0
2026-02-04 13:35:00,2026-02-04,20260204133500000,000070,5,13.52,13.52,13.52,13.52,348900,4717128.0
2026-02-04 13:40:00,2026-02-04,20260204134000000,000070,5,13.52,13.52,13.52,13.52,336000,4542720.0
2026-02-04 13:45:00,2026-02-04,20260204134500000,000070,5,13.52,13.52,13.52,13.52,230000,3109600.0
2026-02-04 13:50:00,2026-02-04,20260204135000000,000070,5,13.52,13.52,13.52,13.52,105200,1422304.0
2026-02-04 13:55:00,2026-02-04,20260204135500000,000070,5,13.52,13.52,13.52,13.52,118800,1606176.0
2026-02-04 14:00:00,2026-02-04,20260204140000000,000070,5,13.52,13.52,13.52,13.52,119200,1611584.0
2026-02-04 14:05:00,2026-02-04,20260204140500000,000070,5,13.52,13.52,13.52,13.52,363500,4914520.0
2026-02-04 14:10:00,2026-02-04,20260204141000000,000070,5,13.52,13.52,13.52,13.52,119200,1611584.0
2026-02-04 14:15:00,2026-02-04,20260204141500000,000070,5,13.52,13.52,13.52,13.52,238100,3219112.0
2026-02-04 14:20:00,2026-02-04,20260204142000000,000070,5,13.52,13.52,13.52,13.52,178300,2410616.0
2026-02-04 14:25:00,2026-02-04,20260204142500000,000070,5,13.52,13.52,13.52,13.52,79500,1074840.0
2026-02-04 14:30:00,2026-02-04,20260204143000000,000070,5,13.52,13.52,13.52,13.52,134300,1815736.0
2026-02-04 14:35:00,2026-02-04,20260204143500000,000070,5,13.52,13.52,13.52,13.52,159200,2152384.0
2026-02-04 14:40:00,2026-02-04,20260204144000000,000070,5,13.52,13.52,13.52,13.52,164800,2228096.0
2026-02-04 14:45:00,2026-02-04,20260204144500000,000070,5,13.52,13.52,13.52,13.52,134600,1819792.0
2026-02-04 14:50:00,2026-02-04,20260204145000000,000070,5,13.52,13.52,13.52,13.52,149900,2026648.0
2026-02-04 14:55:00,2026-02-04,20260204145500000,000070,5,13.52,13.52,13.52,13.52,221960,3000899.2
2026-02-04 15:00:00,2026-02-04,20260204150000000,000070,5,13.52,13.52,13.52,13.52,328300,4438616.0
2026-02-05 09:35:00,2026-02-05,20260205093500000,000070,5,14.33,14.33,13.21,13.8,50260735,692272453.0
2026-02-05 09:40:00,2026-02-05,20260205094000000,000070,5,13.78,14.0,13.69,13.94,25954176,359427285.24
2026-02-05 09:45:00,2026-02-05,20260205094500000,000070,5,13.94,14.87,13.94,14.71,39648820,574174066.65
2026-02-05 09:50:00,2026-02-05,20260205095000000,000070,5,14.7,14.71,14.31,14.44,17576940,255291578.32
2026-02-05 09:55:00,2026-02-05,20260205095500000,000070,5,14.43,14.65,14.21,14.59,10603048,152595684.6
2026-02-05 10:00:00,2026-02-05,20260205100000000,000070,5,14.59,14.69,14.46,14.52,8024900,116885055.0
2026-02-05 10:05:00,2026-02-05,20260205100500000,000070,5,14.52,14.69,14.46,14.61,9348340,136517596.0
2026-02-05 10:10:00,2026-02-05,20260205101000000,000070,5,14.57,14.63,14.52,14.54,4448700,64866294.8
2026-02-05 10:15:00,2026-02-05,20260205101500000,000070,5,14.51,14.63,14.47,14.61,4469800,65113602.0
2026-02-05 10:20:00,2026-02-05,20260205102000000,000070,5,14.61,14.61,14.43,14.45,2928000,42512406.0
2026-02-05 10:25:00,2026-02-05,20260205102500000,000070,5,14.45,14.47,14.37,14.4,3504400,50513539.6
2026-02-05 10:30:00,2026-02-05,20260205103000000,000070,5,14.41,14.41,14.01,14.32,7159380,102063601.4
2026-02-05 10:35:00,2026-02-05,20260205103500000,000070,5,14.33,14.42,14.2,14.26,4892000,70128687.0
2026-02-05 10:40:00,2026-02-05,20260205104000000,000070,5,14.26,14.27,14.08,14.13,5954100,84407004.0
2026-02-05 10:45:00,2026-02-05,20260205104500000,000070,5,14.26,14.26,14.02,14.04,3355000,47483151.4
2026-02-05 10:50:00,2026-02-05,20260205105000000,000070,5,14.06,14.12,14.04,14.08,3431914,48300024.84
2026-02-05 10:55:00,2026-02-05,20260205105500000,000070,5,14.07,14.08,13.9,13.91,3950146,55180060.16
2026-02-05 11:00:00,2026-02-05,20260205110000000,000070,5,13.9,14.06,13.89,14.05,3690700,51558665.84
2026-02-05 11:05:00,2026-02-05,20260205110500000,000070,5,14.04,14.17,14.03,14.03,1378908,19457640.4
2026-02-05 11:10:00,2026-02-05,20260205111000000,000070,5,14.04,14.18,14.03,14.18,1347200,19002487.0
2026-02-05 11:15:00,2026-02-05,20260205111500000,000070,5,14.18,14.18,14.04,14.07,847200,11944505.0
2026-02-05 11:20:00,2026-02-05,20260205112000000,000070,5,14.05,14.05,13.97,13.99,1048600,14685926.0
2026-02-05 11:25:00,2026-02-05,20260205112500000,000070,5,13.98,14.0,13.76,13.8,1966000,27355987.0
2026-02-05 11:30:00,2026-02-05,20260205113000000,000070,5,13.8,13.91,13.79,13.82,1736680,24055062.8
2026-02-05 13:05:00,2026-02-05,20260205130500000,000070,5,13.8,13.88,13.67,13.68,1597500,21999871.0
2026-02-05 13:10:00,2026-02-05,20260205131000000,000070,5,13.7,13.78,13.68,13.68,1605300,22020063.0
2026-02-05 13:15:00,2026-02-05,20260205131500000,000070,5,13.67,13.73,13.67,13.7,1519200,20809413.0
2026-02-05 13:20:00,2026-02-05,20260205132000000,000070,5,13.7,13.7,13.58,13.58,1285100,17544405.0
2026-02-05 13:25:00,2026-02-05,20260205132500000,000070,5,13.58,13.67,13.56,13.56,1907500,25954679.0
2026-02-05 13:30:00,2026-02-05,20260205133000000,000070,5,13.55,13.61,13.54,13.61,1534920,20812270.0
2026-02-05 13:35:00,2026-02-05,20260205133500000,000070,5,13.61,13.61,13.49,13.5,2132480,28841542.6
2026-02-05 13:40:00,2026-02-05,20260205134000000,000070,5,13.5,13.62,13.48,13.56,1586500,21512427.0
2026-02-05 13:45:00,2026-02-05,20260205134500000,000070,5,13.55,14.1,13.55,13.92,5232100,72705187.0
2026-02-05 13:50:00,2026-02-05,20260205135000000,000070,5,13.93,13.93,13.78,13.85,1375800,19026238.0
2026-02-05 13:55:00,2026-02-05,20260205135500000,000070,5,13.85,13.93,13.8,13.89,1140200,15810488.0
2026-02-05 14:00:00,2026-02-05,20260205140000000,000070,5,13.9,13.9,13.78,13.79,1210500,16755788.0
2026-02-05 14:05:00,2026-02-05,20260205140500000,000070,5,13.79,13.9,13.77,13.88,909100,12581263.0
2026-02-05 14:10:00,2026-02-05,20260205141000000,000070,5,13.88,13.88,13.81,13.87,693620,9608791.0
2026-02-05 14:15:00,2026-02-05,20260205141500000,000070,5,13.87,13.89,13.76,13.77,864380,11947657.0
2026-02-05 14:20:00,2026-02-05,20260205142000000,000070,5,13.76,13.91,13.73,13.86,1477100,20432553.4
2026-02-05 14:25:00,2026-02-05,20260205142500000,000070,5,13.87,13.87,13.79,13.84,579500,8008634.0
2026-02-05 14:30:00,2026-02-05,20260205143000000,000070,5,13.85,14.04,13.85,13.98,2609300,36453663.0
2026-02-05 14:35:00,2026-02-05,20260205143500000,000070,5,13.99,14.28,13.95,14.2,3685740,52081382.0
2026-02-05 14:40:00,2026-02-05,20260205144000000,000070,5,14.19,14.42,14.19,14.37,4263500,61066014.0
2026-02-05 14:45:00,2026-02-05,20260205144500000,000070,5,14.36,14.36,14.19,14.19,3160000,45030343.48
2026-02-05 14:50:00,2026-02-05,20260205145000000,000070,5,14.2,14.28,14.17,14.24,3905896,55602476.28
2026-02-05 14:55:00,2026-02-05,20260205145500000,000070,5,14.23,14.26,14.21,14.22,4350900,61939602.32
2026-02-05 15:00:00,2026-02-05,20260205150000000,000070,5,14.22,14.22,14.16,14.16,3495504,49570379.44
2026-02-06 09:35:00,2026-02-06,20260206093500000,000070,5,13.63,14.24,13.51,14.22,23361300,322118249.0
2026-02-06 09:40:00,2026-02-06,20260206094000000,000070,5,14.23,14.26,14.01,14.13,9057400,127944964.0
2026-02-06 09:45:00,2026-02-06,20260206094500000,000070,5,14.13,14.62,14.1,14.62,12027900,173007805.0
2026-02-06 09:50:00,2026-02-06,20260206095000000,000070,5,14.54,14.66,14.41,14.47,13145000,191501314.0
2026-02-06 09:55:00,2026-02-06,20260206095500000,000070,5,14.43,14.66,14.43,14.55,9734800,141968151.4
2026-02-06 10:00:00,2026-02-06,20260206100000000,000070,5,14.55,14.59,14.19,14.24,8682000,125138538.0
2026-02-06 10:05:00,2026-02-06,20260206100500000,000070,5,14.25,14.25,13.88,13.88,7085400,99310417.0
2026-02-06 10:10:00,2026-02-06,20260206101000000,000070,5,13.86,13.92,13.74,13.92,5672100,78516957.0
2026-02-06 10:15:00,2026-02-06,20260206101500000,000070,5,13.92,14.2,13.85,13.91,4741340,66431420.4
2026-02-06 10:20:00,2026-02-06,20260206102000000,000070,5,13.94,14.05,13.88,14.0,2309700,32185498.0
2026-02-06 10:25:00,2026-02-06,20260206102500000,000070,5,14.03,14.07,14.0,14.07,2320100,32567413.0
2026-02-06 10:30:00,2026-02-06,20260206103000000,000070,5,14.08,14.18,14.04,14.08,2418000,34047052.0
2026-02-06 10:35:00,2026-02-06,20260206103500000,000070,5,14.09,14.46,14.08,14.41,4854500,69468397.0
2026-02-06 10:40:00,2026-02-06,20260206104000000,000070,5,14.42,14.49,14.33,14.39,5363300,77312828.0
2026-02-06 10:45:00,2026-02-06,20260206104500000,000070,5,14.41,14.45,14.13,14.19,2081800,29712387.0
2026-02-06 10:50:00,2026-02-06,20260206105000000,000070,5,14.19,14.22,14.14,14.16,1130000,16025355.0
2026-02-06 10:55:00,2026-02-06,20260206105500000,000070,5,14.16,14.19,14.14,14.17,897700,12712501.0
2026-02-06 11:00:00,2026-02-06,20260206110000000,000070,5,14.17,14.3,14.17,14.25,975500,13889884.0
2026-02-06 11:05:00,2026-02-06,20260206110500000,000070,5,14.25,14.26,14.2,14.26,814620,11591128.4
2026-02-06 11:10:00,2026-02-06,20260206111000000,000070,5,14.27,14.42,14.22,14.42,1629220,23348962.4
2026-02-06 11:15:00,2026-02-06,20260206111500000,000070,5,14.45,14.47,14.36,14.39,2340200,33740207.0
2026-02-06 11:20:00,2026-02-06,20260206112000000,000070,5,14.39,14.46,14.36,14.39,1643600,23710290.0
2026-02-06 11:25:00,2026-02-06,20260206112500000,000070,5,14.4,14.4,14.25,14.27,1290700,18458956.0
2026-02-06 11:30:00,2026-02-06,20260206113000000,000070,5,14.28,14.29,14.16,14.19,1644700,23383439.0
2026-02-06 13:05:00,2026-02-06,20260206130500000,000070,5,14.19,14.5,14.19,14.4,4400680,63461047.6
2026-02-06 13:10:00,2026-02-06,20260206131000000,000070,5,14.39,14.5,14.35,14.36,1728800,24937557.0
2026-02-06 13:15:00,2026-02-06,20260206131500000,000070,5,14.34,14.4,14.19,14.22,2301900,32934840.0
2026-02-06 13:20:00,2026-02-06,20260206132000000,000070,5,14.22,14.5,14.21,14.47,2017900,28964847.0
2026-02-06 13:25:00,2026-02-06,20260206132500000,000070,5,14.46,14.64,14.46,14.48,8337780,121339421.0
2026-02-06 13:30:00,2026-02-06,20260206133000000,000070,5,14.44,14.58,14.4,14.58,4160400,60348058.2
2026-02-06 13:35:00,2026-02-06,20260206133500000,000070,5,14.59,14.64,14.51,14.58,3727600,54421593.6
2026-02-06 13:40:00,2026-02-06,20260206134000000,000070,5,14.58,14.6,14.48,14.57,1752200,25462906.0
2026-02-06 13:45:00,2026-02-06,20260206134500000,000070,5,14.58,14.59,14.5,14.53,1244300,18101618.0
2026-02-06 13:50:00,2026-02-06,20260206135000000,000070,5,14.54,14.55,14.37,14.47,2096648,30289727.76
2026-02-06 13:55:00,2026-02-06,20260206135500000,000070,5,14.47,14.52,14.44,14.47,830500,12026104.0
2026-02-06 14:00:00,2026-02-06,20260206140000000,000070,5,14.47,14.49,14.36,14.41,1023400,14754899.0
2026-02-06 14:05:00,2026-02-06,20260206140500000,000070,5,14.41,14.48,14.37,14.48,1305400,18826805.0
2026-02-06 14:10:00,2026-02-06,20260206141000000,000070,5,14.49,14.55,14.43,14.47,2100500,30446015.6
2026-02-06 14:15:00,2026-02-06,20260206141500000,000070,5,14.47,14.48,14.39,14.47,1259800,18201469.0
2026-02-06 14:20:00,2026-02-06,20260206142000000,000070,5,14.47,14.56,14.44,14.51,2584140,37486546.6
2026-02-06 14:25:00,2026-02-06,20260206142500000,000070,5,14.5,14.55,14.48,14.48,1875400,27213768.0
2026-02-06 14:30:00,2026-02-06,20260206143000000,000070,5,14.49,14.55,14.48,14.5,1445800,20981290.0
2026-02-06 14:35:00,2026-02-06,20260206143500000,000070,5,14.48,14.51,14.38,14.49,3263200,47183522.0
2026-02-06 14:40:00,2026-02-06,20260206144000000,000070,5,14.48,14.6,14.45,14.56,5434865,79015326.15
2026-02-06 14:45:00,2026-02-06,20260206144500000,000070,5,14.54,14.54,14.38,14.41,3880000,56083407.0
2026-02-06 14:50:00,2026-02-06,20260206145000000,000070,5,14.41,14.44,14.33,14.35,3353100,48292522.0
2026-02-06 14:55:00,2026-02-06,20260206145500000,000070,5,14.34,14.36,14.33,14.36,3829800,54954956.92
2026-02-06 15:00:00,2026-02-06,20260206150000000,000070,5,14.35,14.36,14.3,14.3,4540400,65033722.0
2026-02-09 09:35:00,2026-02-09,20260209093500000,000070,5,14.6,14.64,14.27,14.27,18772000,271512279.0
2026-02-09 09:40:00,2026-02-09,20260209094000000,000070,5,14.25,14.3,13.93,14.04,12346900,174290610.0
2026-02-09 09:45:00,2026-02-09,20260209094500000,000070,5,14.05,14.23,13.85,14.23,11340000,158673109.0
2026-02-09 09:50:00,2026-02-09,20260209095000000,000070,5,14.23,14.3,14.1,14.2,5504700,78107700.0
2026-02-09 09:55:00,2026-02-09,20260209095500000,000070,5,14.19,14.37,14.09,14.32,5190300,73820199.0
2026-02-09 10:00:00,2026-02-09,20260209100000000,000070,5,14.32,14.45,14.32,14.37,5556940,79985552.4
2026-02-09 10:05:00,2026-02-09,20260209100500000,000070,5,14.36,14.37,14.2,14.31,3341606,47656358.2
2026-02-09 10:10:00,2026-02-09,20260209101000000,000070,5,14.32,14.68,14.32,14.61,8053620,117176455.0
2026-02-09 10:15:00,2026-02-09,20260209101500000,000070,5,14.61,14.79,14.55,14.79,7069660,103842634.6
2026-02-09 10:20:00,2026-02-09,20260209102000000,000070,5,14.87,15.0,14.73,14.9,8303000,123444066.6
2026-02-09 10:25:00,2026-02-09,20260209102500000,000070,5,14.9,15.0,14.79,14.86,5699720,84951129.6
2026-02-09 10:30:00,2026-02-09,20260209103000000,000070,5,14.86,14.9,14.72,14.81,2910700,43071240.0
2026-02-09 10:35:00,2026-02-09,20260209103500000,000070,5,14.8,14.82,14.72,14.75,1708100,25230329.0
2026-02-09 10:40:00,2026-02-09,20260209104000000,000070,5,14.74,14.75,14.6,14.65,2076500,30502498.0
2026-02-09 10:45:00,2026-02-09,20260209104500000,000070,5,14.67,14.68,14.57,14.61,1501300,21930232.0
2026-02-09 10:50:00,2026-02-09,20260209105000000,000070,5,14.6,14.78,14.57,14.78,2959500,43242841.6
2026-02-09 10:55:00,2026-02-09,20260209105500000,000070,5,14.76,14.88,14.74,14.84,2763720,40954919.4
2026-02-09 11:00:00,2026-02-09,20260209110000000,000070,5,14.84,14.98,14.79,14.92,4830240,72074919.0
2026-02-09 11:05:00,2026-02-09,20260209110500000,000070,5,14.9,15.0,14.82,14.85,2987500,44581674.2
2026-02-09 11:10:00,2026-02-09,20260209111000000,000070,5,14.85,14.92,14.78,14.92,1194600,17731953.0
2026-02-09 11:15:00,2026-02-09,20260209111500000,000070,5,14.93,14.93,14.84,14.88,931400,13860270.0
2026-02-09 11:20:00,2026-02-09,20260209112000000,000070,5,14.87,14.88,14.72,14.76,1404400,20732926.0
2026-02-09 11:25:00,2026-02-09,20260209112500000,000070,5,14.76,14.78,14.71,14.75,764200,11262304.0
2026-02-09 11:30:00,2026-02-09,20260209113000000,000070,5,14.73,14.74,14.68,14.71,1121400,16504272.0
2026-02-09 13:05:00,2026-02-09,20260209130500000,000070,5,14.72,14.72,14.51,14.53,3318000,48373229.0
2026-02-09 13:10:00,2026-02-09,20260209131000000,000070,5,14.54,14.54,14.43,14.46,1839500,26625358.0
2026-02-09 13:15:00,2026-02-09,20260209131500000,000070,5,14.45,14.51,14.41,14.49,1775700,25646150.0
2026-02-09 13:20:00,2026-02-09,20260209132000000,000070,5,14.49,14.52,14.41,14.45,1203500,17400377.0
2026-02-09 13:25:00,2026-02-09,20260209132500000,000070,5,14.45,14.51,14.44,14.48,1123800,16267377.0
2026-02-09 13:30:00,2026-02-09,20260209133000000,000070,5,14.48,14.6,14.45,14.54,1040100,15124572.0
2026-02-09 13:35:00,2026-02-09,20260209133500000,000070,5,14.54,14.6,14.49,14.56,773500,11259700.0
2026-02-09 13:40:00,2026-02-09,20260209134000000,000070,5,14.56,14.6,14.53,14.55,781300,11382891.0
2026-02-09 13:45:00,2026-02-09,20260209134500000,000070,5,14.56,14.58,14.53,14.54,799000,11629168.0
2026-02-09 13:50:00,2026-02-09,20260209135000000,000070,5,14.54,14.65,14.54,14.58,1280500,18707741.0
2026-02-09 13:55:00,2026-02-09,20260209135500000,000070,5,14.58,14.63,14.55,14.57,916200,13369249.0
2026-02-09 14:00:00,2026-02-09,20260209140000000,000070,5,14.59,14.65,14.57,14.61,827300,12085555.0
2026-02-09 14:05:00,2026-02-09,20260209140500000,000070,5,14.62,14.73,14.6,14.71,1757700,25807606.0
2026-02-09 14:10:00,2026-02-09,20260209141000000,000070,5,14.71,14.82,14.65,14.72,1557800,22956183.0
2026-02-09 14:15:00,2026-02-09,20260209141500000,000070,5,14.73,14.77,14.67,14.69,1523600,22416972.44
2026-02-09 14:20:00,2026-02-09,20260209142000000,000070,5,14.69,14.7,14.61,14.63,1200600,17598688.0
2026-02-09 14:25:00,2026-02-09,20260209142500000,000070,5,14.63,14.7,14.63,14.68,773000,11338032.0
2026-02-09 14:30:00,2026-02-09,20260209143000000,000070,5,14.67,14.69,14.63,14.65,1170700,17159520.0
2026-02-09 14:35:00,2026-02-09,20260209143500000,000070,5,14.64,14.68,14.62,14.67,1598620,23415267.0
2026-02-09 14:40:00,2026-02-09,20260209144000000,000070,5,14.64,14.65,14.59,14.63,2398900,35060112.0
2026-02-09 14:45:00,2026-02-09,20260209144500000,000070,5,14.63,14.66,14.61,14.65,1912260,27996654.8
2026-02-09 14:50:00,2026-02-09,20260209145000000,000070,5,14.64,14.68,14.62,14.66,2665900,39061875.0
2026-02-09 14:55:00,2026-02-09,20260209145500000,000070,5,14.67,14.67,14.62,14.64,3908000,57256274.0
2026-02-09 15:00:00,2026-02-09,20260209150000000,000070,5,14.63,14.65,14.62,14.65,3233040,47338424.2
2026-02-10 09:35:00,2026-02-10,20260210093500000,000070,5,15.5,16.12,15.33,16.12,26411588,418724246.09
2026-02-10 09:40:00,2026-02-10,20260210094000000,000070,5,16.12,16.12,16.12,16.12,2173400,35035208.0
2026-02-10 09:45:00,2026-02-10,20260210094500000,000070,5,16.12,16.12,16.12,16.12,1070940,17263552.8
2026-02-10 09:50:00,2026-02-10,20260210095000000,000070,5,16.12,16.12,16.12,16.12,2476600,39922792.0
2026-02-10 09:55:00,2026-02-10,20260210095500000,000070,5,16.12,16.12,16.12,16.12,805440,12983692.8
2026-02-10 10:00:00,2026-02-10,20260210100000000,000070,5,16.12,16.12,16.12,16.12,476380,7679245.6
2026-02-10 10:05:00,2026-02-10,20260210100500000,000070,5,16.12,16.12,16.12,16.12,466800,7524816.0
2026-02-10 10:10:00,2026-02-10,20260210101000000,000070,5,16.12,16.12,16.12,16.12,372060,5997607.2
2026-02-10 10:15:00,2026-02-10,20260210101500000,000070,5,16.12,16.12,16.12,16.12,252900,4076748.0
2026-02-10 10:20:00,2026-02-10,20260210102000000,000070,5,16.12,16.12,16.12,16.12,129700,2090764.0
2026-02-10 10:25:00,2026-02-10,20260210102500000,000070,5,16.12,16.12,16.12,16.12,109201,1760320.12
2026-02-10 10:30:00,2026-02-10,20260210103000000,000070,5,16.12,16.12,16.12,16.12,128200,2066584.0
2026-02-10 10:35:00,2026-02-10,20260210103500000,000070,5,16.12,16.12,16.12,16.12,180660,2912239.2
2026-02-10 10:40:00,2026-02-10,20260210104000000,000070,5,16.12,16.12,16.12,16.12,78020,1257682.4
2026-02-10 10:45:00,2026-02-10,20260210104500000,000070,5,16.12,16.12,16.12,16.12,103600,1670032.0
2026-02-10 10:50:00,2026-02-10,20260210105000000,000070,5,16.12,16.12,16.12,16.12,57100,920452.0
2026-02-10 10:55:00,2026-02-10,20260210105500000,000070,5,16.12,16.12,16.12,16.12,95000,1531400.0
2026-02-10 11:00:00,2026-02-10,20260210110000000,000070,5,16.12,16.12,16.12,16.12,71000,1144520.0
2026-02-10 11:05:00,2026-02-10,20260210110500000,000070,5,16.12,16.12,16.12,16.12,93260,1503351.2
2026-02-10 11:10:00,2026-02-10,20260210111000000,000070,5,16.12,16.12,16.12,16.12,124860,2012743.2
2026-02-10 11:15:00,2026-02-10,20260210111500000,000070,5,16.12,16.12,16.12,16.12,189000,3046680.0
2026-02-10 11:20:00,2026-02-10,20260210112000000,000070,5,16.12,16.12,16.12,16.12,166740,2687848.8
2026-02-10 11:25:00,2026-02-10,20260210112500000,000070,5,16.12,16.12,16.12,16.12,179620,2895474.4
2026-02-10 11:30:00,2026-02-10,20260210113000000,000070,5,16.12,16.12,16.12,16.12,109000,1757080.0
2026-02-10 13:05:00,2026-02-10,20260210130500000,000070,5,16.12,16.12,16.12,16.12,278096,4482907.52
2026-02-10 13:10:00,2026-02-10,20260210131000000,000070,5,16.12,16.12,16.12,16.12,147100,2371252.0
2026-02-10 13:15:00,2026-02-10,20260210131500000,000070,5,16.12,16.12,16.12,16.12,100200,1615224.0
2026-02-10 13:20:00,2026-02-10,20260210132000000,000070,5,16.12,16.12,16.12,16.12,81600,1315392.0
2026-02-10 13:25:00,2026-02-10,20260210132500000,000070,5,16.12,16.12,16.12,16.12,88200,1421784.0
2026-02-10 13:30:00,2026-02-10,20260210133000000,000070,5,16.12,16.12,16.12,16.12,90700,1462084.0
2026-02-10 13:35:00,2026-02-10,20260210133500000,000070,5,16.12,16.12,16.12,16.12,112300,1810276.0
2026-02-10 13:40:00,2026-02-10,20260210134000000,000070,5,16.12,16.12,16.12,16.12,61300,988156.0
2026-02-10 13:45:00,2026-02-10,20260210134500000,000070,5,16.12,16.12,16.12,16.12,60900,981708.0
2026-02-10 13:50:00,2026-02-10,20260210135000000,000070,5,16.12,16.12,16.12,16.12,51400,828568.0
2026-02-10 13:55:00,2026-02-10,20260210135500000,000070,5,16.12,16.12,16.12,16.12,70700,1139684.0
2026-02-10 14:00:00,2026-02-10,20260210140000000,000070,5,16.12,16.12,16.12,16.12,64900,1046188.0
2026-02-10 14:05:00,2026-02-10,20260210140500000,000070,5,16.12,16.12,16.12,16.12,82900,1336348.0
2026-02-10 14:10:00,2026-02-10,20260210141000000,000070,5,16.12,16.12,16.12,16.12,114700,1848964.0
2026-02-10 14:15:00,2026-02-10,20260210141500000,000070,5,16.12,16.12,16.12,16.12,79100,1275092.0
2026-02-10 14:20:00,2026-02-10,20260210142000000,000070,5,16.12,16.12,16.12,16.12,84800,1366976.0
2026-02-10 14:25:00,2026-02-10,20260210142500000,000070,5,16.12,16.12,16.12,16.12,54200,873704.0
2026-02-10 14:30:00,2026-02-10,20260210143000000,000070,5,16.12,16.12,16.12,16.12,45322,730590.64
2026-02-10 14:35:00,2026-02-10,20260210143500000,000070,5,16.12,16.12,16.12,16.12,63000,1015560.0
2026-02-10 14:40:00,2026-02-10,20260210144000000,000070,5,16.12,16.12,16.12,16.12,74400,1199328.0
2026-02-10 14:45:00,2026-02-10,20260210144500000,000070,5,16.12,16.12,16.12,16.12,119300,1923116.0
2026-02-10 14:50:00,2026-02-10,20260210145000000,000070,5,16.12,16.12,16.12,16.12,207900,3351348.0
2026-02-10 14:55:00,2026-02-10,20260210145500000,000070,5,16.12,16.12,16.12,16.12,218700,3525444.0
2026-02-10 15:00:00,2026-02-10,20260210150000000,000070,5,16.12,16.12,16.12,16.12,217200,3501264.0
2026-02-11 09:35:00,2026-02-11,20260211093500000,000070,5,17.73,17.73,17.73,17.73,6688980,118595615.4
2026-02-11 09:40:00,2026-02-11,20260211094000000,000070,5,17.73,17.73,17.73,17.73,425240,7539505.2
2026-02-11 09:45:00,2026-02-11,20260211094500000,000070,5,17.73,17.73,17.73,17.73,382860,6788107.8
2026-02-11 09:50:00,2026-02-11,20260211095000000,000070,5,17.73,17.73,17.73,17.73,211600,3751668.0
2026-02-11 09:55:00,2026-02-11,20260211095500000,000070,5,17.73,17.73,17.73,17.73,107163,1899999.99
2026-02-11 10:00:00,2026-02-11,20260211100000000,000070,5,17.73,17.73,17.73,17.73,118860,2107387.8
2026-02-11 10:05:00,2026-02-11,20260211100500000,000070,5,17.73,17.73,17.73,17.73,82360,1460242.8
2026-02-11 10:10:00,2026-02-11,20260211101000000,000070,5,17.73,17.73,17.73,17.73,130400,2311992.0
2026-02-11 10:15:00,2026-02-11,20260211101500000,000070,5,17.73,17.73,17.73,17.73,52200,925506.0
2026-02-11 10:20:00,2026-02-11,20260211102000000,000070,5,17.73,17.73,17.73,17.73,37900,671967.0
2026-02-11 10:25:00,2026-02-11,20260211102500000,000070,5,17.73,17.73,17.73,17.73,34300,608139.0
2026-02-11 10:30:00,2026-02-11,20260211103000000,000070,5,17.73,17.73,17.73,17.73,68220,1209540.6
2026-02-11 10:35:00,2026-02-11,20260211103500000,000070,5,17.73,17.73,17.73,17.73,57900,1026567.0
2026-02-11 10:40:00,2026-02-11,20260211104000000,000070,5,17.73,17.73,17.73,17.73,61200,1085076.0
2026-02-11 10:45:00,2026-02-11,20260211104500000,000070,5,17.73,17.73,17.73,17.73,42800,758844.0
2026-02-11 10:50:00,2026-02-11,20260211105000000,000070,5,17.73,17.73,17.73,17.73,192800,3418344.0
2026-02-11 10:55:00,2026-02-11,20260211105500000,000070,5,17.73,17.73,17.73,17.73,50100,888273.0
2026-02-11 11:00:00,2026-02-11,20260211110000000,000070,5,17.73,17.73,17.73,17.73,28900,512397.0
2026-02-11 11:05:00,2026-02-11,20260211110500000,000070,5,17.73,17.73,17.73,17.73,44800,794304.0
2026-02-11 11:10:00,2026-02-11,20260211111000000,000070,5,17.73,17.73,17.73,17.73,11640,206377.2
2026-02-11 11:15:00,2026-02-11,20260211111500000,000070,5,17.73,17.73,17.73,17.73,24460,433675.8
2026-02-11 11:20:00,2026-02-11,20260211112000000,000070,5,17.73,17.73,17.73,17.73,11100,196803.0
2026-02-11 11:25:00,2026-02-11,20260211112500000,000070,5,17.73,17.73,17.73,17.73,25200,446796.0
2026-02-11 11:30:00,2026-02-11,20260211113000000,000070,5,17.73,17.73,17.73,17.73,31700,562041.0
2026-02-11 13:05:00,2026-02-11,20260211130500000,000070,5,17.73,17.73,17.73,17.73,150700,2671911.0
2026-02-11 13:10:00,2026-02-11,20260211131000000,000070,5,17.73,17.73,17.73,17.73,29100,515943.0
2026-02-11 13:15:00,2026-02-11,20260211131500000,000070,5,17.73,17.73,17.73,17.73,25700,455661.0
2026-02-11 13:20:00,2026-02-11,20260211132000000,000070,5,17.73,17.73,17.73,17.73,37660,667711.8
2026-02-11 13:25:00,2026-02-11,20260211132500000,000070,5,17.73,17.73,17.73,17.73,27760,492184.8
2026-02-11 13:30:00,2026-02-11,20260211133000000,000070,5,17.73,17.73,17.73,17.73,47000,833310.0
2026-02-11 13:35:00,2026-02-11,20260211133500000,000070,5,17.73,17.73,17.73,17.73,44200,783666.0
2026-02-11 13:40:00,2026-02-11,20260211134000000,000070,5,17.73,17.73,17.73,17.73,34200,606366.0
2026-02-11 13:45:00,2026-02-11,20260211134500000,000070,5,17.73,17.73,17.73,17.73,16000,283680.0
2026-02-11 13:50:00,2026-02-11,20260211135000000,000070,5,17.73,17.73,17.73,17.73,17260,306019.8
2026-02-11 13:55:00,2026-02-11,20260211135500000,000070,5,17.73,17.73,17.73,17.73,23600,418428.0
2026-02-11 14:00:00,2026-02-11,20260211140000000,000070,5,17.73,17.73,17.73,17.73,74300,1317339.0
2026-02-11 14:05:00,2026-02-11,20260211140500000,000070,5,17.73,17.73,17.73,17.73,13700,242901.0
2026-02-11 14:10:00,2026-02-11,20260211141000000,000070,5,17.73,17.73,17.73,17.73,24720,438285.6
2026-02-11 14:15:00,2026-02-11,20260211141500000,000070,5,17.73,17.73,17.73,17.73,36040,638989.2
2026-02-11 14:20:00,2026-02-11,20260211142000000,000070,5,17.73,17.73,17.73,17.73,31500,558495.0
2026-02-11 14:25:00,2026-02-11,20260211142500000,000070,5,17.73,17.73,17.73,17.73,24200,429066.0
2026-02-11 14:30:00,2026-02-11,20260211143000000,000070,5,17.73,17.73,17.73,17.73,24400,432612.0
2026-02-11 14:35:00,2026-02-11,20260211143500000,000070,5,17.73,17.73,17.73,17.73,106500,1888245.0
2026-02-11 14:40:00,2026-02-11,20260211144000000,000070,5,17.73,17.73,17.73,17.73,80200,1421946.0
2026-02-11 14:45:00,2026-02-11,20260211144500000,000070,5,17.73,17.73,17.73,17.73,78600,1393578.0
2026-02-11 14:50:00,2026-02-11,20260211145000000,000070,5,17.73,17.73,17.73,17.73,76040,1348189.2
2026-02-11 14:55:00,2026-02-11,20260211145500000,000070,5,17.73,17.73,17.73,17.73,154800,2744604.0
2026-02-11 15:00:00,2026-02-11,20260211150000000,000070,5,17.73,17.73,17.73,17.73,124060,2199583.8
2026-02-12 09:35:00,2026-02-12,20260212093500000,000070,5,19.5,19.5,18.53,18.96,79911057,1530636121.43
2026-02-12 09:40:00,2026-02-12,20260212094000000,000070,5,18.97,19.07,18.81,18.94,19214089,364043548.41
2026-02-12 09:45:00,2026-02-12,20260212094500000,000070,5,18.97,19.22,18.9,19.02,17836720,340066260.12
2026-02-12 09:50:00,2026-02-12,20260212095000000,000070,5,19.01,19.05,18.81,18.81,7103040,134452557.0
2026-02-12 09:55:00,2026-02-12,20260212095500000,000070,5,18.81,19.08,18.7,19.06,10172560,192181491.0
2026-02-12 10:00:00,2026-02-12,20260212100000000,000070,5,19.06,19.37,19.02,19.31,10334484,198966958.72
2026-02-12 10:05:00,2026-02-12,20260212100500000,000070,5,19.33,19.5,19.31,19.5,20099570,391424121.4
2026-02-12 10:10:00,2026-02-12,20260212101000000,000070,5,19.5,19.5,19.5,19.5,576671,11245084.5
2026-02-12 10:15:00,2026-02-12,20260212101500000,000070,5,19.5,19.5,19.5,19.5,267900,5224050.0
2026-02-12 10:20:00,2026-02-12,20260212102000000,000070,5,19.5,19.5,19.5,19.5,217800,4247100.0
2026-02-12 10:25:00,2026-02-12,20260212102500000,000070,5,19.5,19.5,19.5,19.5,380180,7413510.0
2026-02-12 10:30:00,2026-02-12,20260212103000000,000070,5,19.5,19.5,19.5,19.5,149000,2905500.0
2026-02-12 10:35:00,2026-02-12,20260212103500000,000070,5,19.5,19.5,19.5,19.5,133981,2612629.5
2026-02-12 10:40:00,2026-02-12,20260212104000000,000070,5,19.5,19.5,19.5,19.5,166861,3253789.5
2026-02-12 10:45:00,2026-02-12,20260212104500000,000070,5,19.5,19.5,19.5,19.5,415100,8094450.0
2026-02-12 10:50:00,2026-02-12,20260212105000000,000070,5,19.5,19.5,19.5,19.5,196000,3822000.0
2026-02-12 10:55:00,2026-02-12,20260212105500000,000070,5,19.5,19.5,19.5,19.5,135000,2632500.0
2026-02-12 11:00:00,2026-02-12,20260212110000000,000070,5,19.5,19.5,19.5,19.5,66180,1290510.0
2026-02-12 11:05:00,2026-02-12,20260212110500000,000070,5,19.5,19.5,19.5,19.5,59941,1168849.5
2026-02-12 11:10:00,2026-02-12,20260212111000000,000070,5,19.5,19.5,19.5,19.5,34220,667290.0
2026-02-12 11:15:00,2026-02-12,20260212111500000,000070,5,19.5,19.5,19.5,19.5,92360,1801020.0
2026-02-12 11:20:00,2026-02-12,20260212112000000,000070,5,19.5,19.5,19.5,19.5,378600,7382700.0
2026-02-12 11:25:00,2026-02-12,20260212112500000,000070,5,19.5,19.5,19.5,19.5,54724,1067118.0
2026-02-12 11:30:00,2026-02-12,20260212113000000,000070,5,19.5,19.5,19.5,19.5,36700,715650.0
2026-02-12 13:05:00,2026-02-12,20260212130500000,000070,5,19.5,19.5,19.5,19.5,697600,13603200.0
2026-02-12 13:10:00,2026-02-12,20260212131000000,000070,5,19.5,19.5,19.5,19.5,92500,1803750.0
2026-02-12 13:15:00,2026-02-12,20260212131500000,000070,5,19.5,19.5,19.5,19.5,69160,1348620.0
2026-02-12 13:20:00,2026-02-12,20260212132000000,000070,5,19.5,19.5,19.5,19.5,131900,2572050.0
2026-02-12 13:25:00,2026-02-12,20260212132500000,000070,5,19.5,19.5,19.5,19.5,120100,2341950.0
2026-02-12 13:30:00,2026-02-12,20260212133000000,000070,5,19.5,19.5,19.5,19.5,64020,1248390.0
2026-02-12 13:35:00,2026-02-12,20260212133500000,000070,5,19.5,19.5,19.5,19.5,43306,844467.0
2026-02-12 13:40:00,2026-02-12,20260212134000000,000070,5,19.5,19.5,19.5,19.5,65300,1273350.0
2026-02-12 13:45:00,2026-02-12,20260212134500000,000070,5,19.5,19.5,19.5,19.5,293100,5715450.0
2026-02-12 13:50:00,2026-02-12,20260212135000000,000070,5,19.5,19.5,19.5,19.5,143340,2795130.0
2026-02-12 13:55:00,2026-02-12,20260212135500000,000070,5,19.5,19.5,19.5,19.5,118800,2316600.0
2026-02-12 14:00:00,2026-02-12,20260212140000000,000070,5,19.5,19.5,19.5,19.5,181500,3539250.0
2026-02-12 14:05:00,2026-02-12,20260212140500000,000070,5,19.5,19.5,19.5,19.5,193600,3775200.0
2026-02-12 14:10:00,2026-02-12,20260212141000000,000070,5,19.5,19.5,19.5,19.5,37320,727740.0
2026-02-12 14:15:00,2026-02-12,20260212141500000,000070,5,19.5,19.5,19.5,19.5,18500,360750.0
2026-02-12 14:20:00,2026-02-12,20260212142000000,000070,5,19.5,19.5,19.5,19.5,541300,10555350.0
2026-02-12 14:25:00,2026-02-12,20260212142500000,000070,5,19.5,19.5,19.5,19.5,1509776,29440632.0
2026-02-12 14:30:00,2026-02-12,20260212143000000,000070,5,19.5,19.5,19.5,19.5,139400,2718300.0
2026-02-12 14:35:00,2026-02-12,20260212143500000,000070,5,19.5,19.5,19.5,19.5,50100,976950.0
2026-02-12 14:40:00,2026-02-12,20260212144000000,000070,5,19.5,19.5,19.5,19.5,645700,12591150.0
2026-02-12 14:45:00,2026-02-12,20260212144500000,000070,5,19.5,19.5,19.5,19.5,174820,3408990.0
2026-02-12 14:50:00,2026-02-12,20260212145000000,000070,5,19.5,19.5,19.5,19.5,152049,2964955.5
2026-02-12 14:55:00,2026-02-12,20260212145500000,000070,5,19.5,19.5,19.5,19.5,239280,4665960.0
2026-02-12 15:00:00,2026-02-12,20260212150000000,000070,5,19.5,19.5,19.5,19.5,353080,6885060.0
2026-02-13 09:35:00,2026-02-13,20260213093500000,000070,5,19.0,19.95,19.0,19.13,40470455,782791225.22
2026-02-13 09:40:00,2026-02-13,20260213094000000,000070,5,19.2,19.25,18.65,18.72,17937111,339909349.34
2026-02-13 09:45:00,2026-02-13,20260213094500000,000070,5,18.74,18.75,18.42,18.55,14370040,266398964.0
2026-02-13 09:50:00,2026-02-13,20260213095000000,000070,5,18.6,19.16,18.36,18.96,9212342,172627097.5
2026-02-13 09:55:00,2026-02-13,20260213095500000,000070,5,18.99,19.05,18.87,18.92,4683640,88806097.6
2026-02-13 10:00:00,2026-02-13,20260213100000000,000070,5,18.95,18.96,18.76,18.8,2446775,46087381.61
2026-02-13 10:05:00,2026-02-13,20260213100500000,000070,5,18.83,18.94,18.62,18.66,2562064,48066430.2
2026-02-13 10:10:00,2026-02-13,20260213101000000,000070,5,18.64,18.67,18.44,18.44,2974800,55131855.0
2026-02-13 10:15:00,2026-02-13,20260213101500000,000070,5,18.44,18.44,17.89,17.91,8787500,159424059.0
2026-02-13 10:20:00,2026-02-13,20260213102000000,000070,5,17.97,18.35,17.92,18.2,5832780,105298166.6
2026-02-13 10:25:00,2026-02-13,20260213102500000,000070,5,18.19,18.25,17.96,18.07,4443540,80262614.4
2026-02-13 10:30:00,2026-02-13,20260213103000000,000070,5,18.07,18.07,17.85,17.85,2957700,53092208.0
2026-02-13 10:35:00,2026-02-13,20260213103500000,000070,5,17.84,18.01,17.55,17.79,14088600,248792819.8
2026-02-13 10:40:00,2026-02-13,20260213104000000,000070,5,17.88,17.95,17.59,17.64,4853400,86168408.0
2026-02-13 10:45:00,2026-02-13,20260213104500000,000070,5,17.68,17.91,17.64,17.88,2767240,49165674.6
2026-02-13 10:50:00,2026-02-13,20260213105000000,000070,5,17.87,18.23,17.85,18.14,3247420,58597165.2
2026-02-13 10:55:00,2026-02-13,20260213105500000,000070,5,18.12,18.4,18.1,18.16,3493900,63699637.0
2026-02-13 11:00:00,2026-02-13,20260213110000000,000070,5,18.15,18.23,18.07,18.15,1180500,21413718.0
2026-02-13 11:05:00,2026-02-13,20260213110500000,000070,5,18.16,18.17,17.87,17.95,1341420,24184855.4
2026-02-13 11:10:00,2026-02-13,20260213111000000,000070,5,17.95,18.16,17.85,18.04,2423500,43598952.0
2026-02-13 11:15:00,2026-02-13,20260213111500000,000070,5,18.03,18.03,17.9,17.91,738739,13279184.1
2026-02-13 11:20:00,2026-02-13,20260213112000000,000070,5,17.91,18.08,17.9,18.02,772300,13901728.0
2026-02-13 11:25:00,2026-02-13,20260213112500000,000070,5,18.02,18.24,18.0,18.21,1064900,19285906.0
2026-02-13 11:30:00,2026-02-13,20260213113000000,000070,5,18.21,18.42,18.09,18.26,3131000,57265162.0
2026-02-13 13:05:00,2026-02-13,20260213130500000,000070,5,18.2,18.3,17.87,17.99,3199800,57724552.0
2026-02-13 13:10:00,2026-02-13,20260213131000000,000070,5,17.99,18.0,17.85,17.88,2174345,38988212.5
2026-02-13 13:15:00,2026-02-13,20260213131500000,000070,5,17.89,17.9,17.57,17.64,4398600,77817748.0
2026-02-13 13:20:00,2026-02-13,20260213132000000,000070,5,17.63,17.78,17.6,17.78,1667700,29497392.0
2026-02-13 13:25:00,2026-02-13,20260213132500000,000070,5,17.79,17.79,17.58,17.71,2015000,35509536.0
2026-02-13 13:30:00,2026-02-13,20260213133000000,000070,5,17.75,17.9,17.65,17.83,1618900,28682803.0
2026-02-13 13:35:00,2026-02-13,20260213133500000,000070,5,17.82,17.82,17.65,17.67,1807412,32023092.88
2026-02-13 13:40:00,2026-02-13,20260213134000000,000070,5,17.66,17.79,17.64,17.76,1101920,19535693.8
2026-02-13 13:45:00,2026-02-13,20260213134500000,000070,5,17.78,17.87,17.71,17.79,801680,14254572.0
2026-02-13 13:50:00,2026-02-13,20260213135000000,000070,5,17.78,17.92,17.77,17.84,1399500,24957706.0
2026-02-13 13:55:00,2026-02-13,20260213135500000,000070,5,17.84,17.85,17.72,17.73,864700,15361003.0
2026-02-13 14:00:00,2026-02-13,20260213140000000,000070,5,17.74,17.77,17.65,17.69,1143400,20253693.2
2026-02-13 14:05:00,2026-02-13,20260213140500000,000070,5,17.69,17.85,17.68,17.79,1356400,24059090.6
2026-02-13 14:10:00,2026-02-13,20260213141000000,000070,5,17.78,17.83,17.69,17.71,1187300,21093866.0
2026-02-13 14:15:00,2026-02-13,20260213141500000,000070,5,17.69,17.71,17.6,17.62,1086400,19175769.0
2026-02-13 14:20:00,2026-02-13,20260213142000000,000070,5,17.63,17.71,17.61,17.67,815700,14408322.0
2026-02-13 14:25:00,2026-02-13,20260213142500000,000070,5,17.66,17.69,17.55,17.55,2831000,49771964.0
2026-02-13 14:30:00,2026-02-13,20260213143000000,000070,5,17.55,17.55,17.55,17.55,722400,12678120.0
2026-02-13 14:35:00,2026-02-13,20260213143500000,000070,5,17.55,17.95,17.55,17.91,6480084,114102613.2
2026-02-13 14:40:00,2026-02-13,20260213144000000,000070,5,17.85,17.86,17.55,17.56,2841200,50231671.0
2026-02-13 14:45:00,2026-02-13,20260213144500000,000070,5,17.55,17.72,17.55,17.55,3233362,56911040.68
2026-02-13 14:50:00,2026-02-13,20260213145000000,000070,5,17.55,17.56,17.55,17.56,1843160,32347655.0
2026-02-13 14:55:00,2026-02-13,20260213145500000,000070,5,17.58,17.63,17.55,17.55,3230200,56721140.0
2026-02-13 15:00:00,2026-02-13,20260213150000000,000070,5,17.55,17.55,17.55,17.55,1306000,22920300.0
2026-02-24 09:35:00,2026-02-24,20260224093500000,000070,5,18.26,18.87,18.02,18.61,30868180,570285131.6
2026-02-24 09:40:00,2026-02-24,20260224094000000,000070,5,18.65,18.73,18.47,18.57,9605760,178507783.46
2026-02-24 09:45:00,2026-02-24,20260224094500000,000070,5,18.56,18.58,18.34,18.45,8080800,149002689.0
2026-02-24 09:50:00,2026-02-24,20260224095000000,000070,5,18.43,18.52,18.26,18.33,5794460,106491530.8
2026-02-24 09:55:00,2026-02-24,20260224095500000,000070,5,18.33,18.39,18.2,18.3,6473900,118223984.0
2026-02-24 10:00:00,2026-02-24,20260224100000000,000070,5,18.29,18.33,18.15,18.21,4038000,73652532.0
2026-02-24 10:05:00,2026-02-24,20260224100500000,000070,5,18.21,18.39,18.1,18.15,6025900,110084302.2
2026-02-24 10:10:00,2026-02-24,20260224101000000,000070,5,18.16,18.26,17.98,18.2,5561500,100735727.0
2026-02-24 10:15:00,2026-02-24,20260224101500000,000070,5,18.23,18.78,18.22,18.7,5748920,106322594.2
2026-02-24 10:20:00,2026-02-24,20260224102000000,000070,5,18.61,18.86,18.61,18.62,4683700,87863138.0
2026-02-24 10:25:00,2026-02-24,20260224102500000,000070,5,18.6,18.78,18.49,18.65,4132104,76918660.96
2026-02-24 10:30:00,2026-02-24,20260224103000000,000070,5,18.63,18.81,18.63,18.81,3893200,72923673.8
2026-02-24 10:35:00,2026-02-24,20260224103500000,000070,5,18.79,18.81,18.68,18.72,3196300,59905246.0
2026-02-24 10:40:00,2026-02-24,20260224104000000,000070,5,18.71,18.99,18.6,18.97,4835260,90888164.2
2026-02-24 10:45:00,2026-02-24,20260224104500000,000070,5,18.93,18.93,18.67,18.69,4156800,78085322.0
2026-02-24 10:50:00,2026-02-24,20260224105000000,000070,5,18.67,18.7,18.57,18.58,2533400,47181396.64
2026-02-24 10:55:00,2026-02-24,20260224105500000,000070,5,18.54,18.64,18.49,18.51,3510460,65109723.84
2026-02-24 11:00:00,2026-02-24,20260224110000000,000070,5,18.52,18.56,18.48,18.56,1872280,34652581.4
2026-02-24 11:05:00,2026-02-24,20260224110500000,000070,5,18.55,18.66,18.53,18.62,1143400,21245563.0
2026-02-24 11:10:00,2026-02-24,20260224111000000,000070,5,18.61,18.66,18.57,18.63,1054400,19623525.0
2026-02-24 11:15:00,2026-02-24,20260224111500000,000070,5,18.61,18.7,18.58,18.67,1104900,20606832.0
2026-02-24 11:20:00,2026-02-24,20260224112000000,000070,5,18.65,18.66,18.6,18.64,714700,13314612.0
2026-02-24 11:25:00,2026-02-24,20260224112500000,000070,5,18.65,18.68,18.58,18.58,983100,18318267.0
2026-02-24 11:30:00,2026-02-24,20260224113000000,000070,5,18.57,18.79,18.53,18.76,1583200,29570839.0
2026-02-24 13:05:00,2026-02-24,20260224130500000,000070,5,18.76,18.8,17.9,17.94,7415440,135678258.6
2026-02-24 13:10:00,2026-02-24,20260224131000000,000070,5,17.94,18.11,17.77,17.92,4920300,88345914.0
2026-02-24 13:15:00,2026-02-24,20260224131500000,000070,5,17.96,18.04,17.93,17.99,1980673,35629911.89
2026-02-24 13:20:00,2026-02-24,20260224132000000,000070,5,17.96,18.04,17.84,17.92,2521700,45242384.0
2026-02-24 13:25:00,2026-02-24,20260224132500000,000070,5,17.88,17.97,17.88,17.95,1023800,18341920.0
2026-02-24 13:30:00,2026-02-24,20260224133000000,000070,5,17.96,18.12,17.93,18.12,1856700,33440050.0
2026-02-24 13:35:00,2026-02-24,20260224133500000,000070,5,18.07,18.27,18.06,18.22,1966840,35721938.8
2026-02-24 13:40:00,2026-02-24,20260224134000000,000070,5,18.21,18.25,18.16,18.22,1061700,19340532.0
2026-02-24 13:45:00,2026-02-24,20260224134500000,000070,5,18.2,18.23,18.14,18.15,1347600,24493822.0
2026-02-24 13:50:00,2026-02-24,20260224135000000,000070,5,18.15,18.18,18.06,18.09,1341739,24300263.47
2026-02-24 13:55:00,2026-02-24,20260224135500000,000070,5,18.08,18.2,18.08,18.15,1912700,34719307.0
2026-02-24 14:00:00,2026-02-24,20260224140000000,000070,5,18.15,18.32,18.15,18.26,1463900,26722744.0
2026-02-24 14:05:00,2026-02-24,20260224140500000,000070,5,18.24,18.25,18.19,18.2,975800,17784702.0
2026-02-24 14:10:00,2026-02-24,20260224141000000,000070,5,18.19,18.28,18.19,18.26,736020,13420252.4
2026-02-24 14:15:00,2026-02-24,20260224141500000,000070,5,18.26,18.28,18.22,18.28,866000,15807597.8
2026-02-24 14:20:00,2026-02-24,20260224142000000,000070,5,18.27,18.29,18.23,18.28,886200,16183972.0
2026-02-24 14:25:00,2026-02-24,20260224142500000,000070,5,18.29,18.33,18.25,18.33,1276700,23361283.0
2026-02-24 14:30:00,2026-02-24,20260224143000000,000070,5,18.33,18.34,18.22,18.32,1923500,35118623.0
2026-02-24 14:35:00,2026-02-24,20260224143500000,000070,5,18.3,18.31,18.14,18.2,2660600,48444087.0
2026-02-24 14:40:00,2026-02-24,20260224144000000,000070,5,18.19,18.23,18.18,18.2,1453660,26460626.4
2026-02-24 14:45:00,2026-02-24,20260224144500000,000070,5,18.2,18.32,18.2,18.28,2388600,43672538.2
2026-02-24 14:50:00,2026-02-24,20260224145000000,000070,5,18.28,18.31,18.24,18.29,2107000,38526959.0
2026-02-24 14:55:00,2026-02-24,20260224145500000,000070,5,18.29,18.31,18.23,18.27,3339540,61026592.0
2026-02-24 15:00:00,2026-02-24,20260224150000000,000070,5,18.27,18.3,18.2,18.2,3826200,69712507.04
2026-02-25 09:35:00,2026-02-25,20260225093500000,000070,5,18.3,18.9,18.3,18.54,19326180,358457819.2
2026-02-25 09:40:00,2026-02-25,20260225094000000,000070,5,18.6,19.24,18.56,19.03,17393100,329897420.0
2026-02-25 09:45:00,2026-02-25,20260225094500000,000070,5,19.02,19.08,18.62,18.63,8659200,162727897.0
2026-02-25 09:50:00,2026-02-25,20260225095000000,000070,5,18.61,18.66,18.34,18.42,8294600,153111722.8
2026-02-25 09:55:00,2026-02-25,20260225095500000,000070,5,18.41,18.63,18.41,18.49,4672400,86392193.2
2026-02-25 10:00:00,2026-02-25,20260225100000000,000070,5,18.5,18.56,18.35,18.35,4006260,73879464.8
2026-02-25 10:05:00,2026-02-25,20260225100500000,000070,5,18.36,18.47,18.35,18.4,2788200,51303705.0
2026-02-25 10:10:00,2026-02-25,20260225101000000,000070,5,18.39,18.4,18.31,18.4,2210300,40557732.0
2026-02-25 10:15:00,2026-02-25,20260225101500000,000070,5,18.43,18.43,18.1,18.15,5644604,102944760.4
2026-02-25 10:20:00,2026-02-25,20260225102000000,000070,5,18.18,18.25,18.06,18.07,2742200,49699562.0
2026-02-25 10:25:00,2026-02-25,20260225102500000,000070,5,18.07,18.16,18.02,18.05,2567900,46408323.0
2026-02-25 10:30:00,2026-02-25,20260225103000000,000070,5,18.07,18.08,17.97,18.01,2886840,52000547.2
2026-02-25 10:35:00,2026-02-25,20260225103500000,000070,5,18.01,18.09,17.96,18.03,1910700,34418686.8
2026-02-25 10:40:00,2026-02-25,20260225104000000,000070,5,18.03,18.04,17.95,17.96,1624700,29220420.0
2026-02-25 10:45:00,2026-02-25,20260225104500000,000070,5,17.95,17.97,17.87,17.96,2114400,37879559.0
2026-02-25 10:50:00,2026-02-25,20260225105000000,000070,5,17.95,18.04,17.85,17.86,2427700,43498471.0
2026-02-25 10:55:00,2026-02-25,20260225105500000,000070,5,17.87,17.95,17.83,17.93,1583137,28320231.67
2026-02-25 11:00:00,2026-02-25,20260225110000000,000070,5,17.94,17.94,17.86,17.92,858000,15346099.0
2026-02-25 11:05:00,2026-02-25,20260225110500000,000070,5,17.9,17.92,17.86,17.88,1360800,24329693.0
2026-02-25 11:10:00,2026-02-25,20260225111000000,000070,5,17.9,17.95,17.88,17.95,683100,12230001.0
2026-02-25 11:15:00,2026-02-25,20260225111500000,000070,5,17.95,18.07,17.92,18.07,1227300,22090284.0
2026-02-25 11:20:00,2026-02-25,20260225112000000,000070,5,18.09,18.15,18.09,18.12,1092160,19787363.8
2026-02-25 11:25:00,2026-02-25,20260225112500000,000070,5,18.13,18.18,18.07,18.1,827800,15010656.2
2026-02-25 11:30:00,2026-02-25,20260225113000000,000070,5,18.1,18.11,18.0,18.01,509600,9189339.0
2026-02-25 13:05:00,2026-02-25,20260225130500000,000070,5,17.99,18.01,17.94,17.99,934900,16808667.0
2026-02-25 13:10:00,2026-02-25,20260225131000000,000070,5,17.98,18.04,17.96,17.98,777500,13990876.0
2026-02-25 13:15:00,2026-02-25,20260225131500000,000070,5,17.97,17.98,17.86,17.9,785100,14055413.0
2026-02-25 13:20:00,2026-02-25,20260225132000000,000070,5,17.89,17.9,17.8,17.81,1445600,25788220.0
2026-02-25 13:25:00,2026-02-25,20260225132500000,000070,5,17.81,17.87,17.81,17.84,808348,14419640.88
2026-02-25 13:30:00,2026-02-25,20260225133000000,000070,5,17.84,17.94,17.82,17.9,847200,15129186.0
2026-02-25 13:35:00,2026-02-25,20260225133500000,000070,5,17.91,17.97,17.9,17.91,696500,12489277.0
2026-02-25 13:40:00,2026-02-25,20260225134000000,000070,5,17.91,17.93,17.86,17.87,515900,9229035.0
2026-02-25 13:45:00,2026-02-25,20260225134500000,000070,5,17.87,17.88,17.83,17.85,1167900,20840474.52
2026-02-25 13:50:00,2026-02-25,20260225135000000,000070,5,17.85,18.17,17.85,18.11,1901500,34311865.0
2026-02-25 13:55:00,2026-02-25,20260225135500000,000070,5,18.11,18.14,18.06,18.09,840700,15218984.0
2026-02-25 14:00:00,2026-02-25,20260225140000000,000070,5,18.09,18.18,18.04,18.13,846300,15335522.0
2026-02-25 14:05:00,2026-02-25,20260225140500000,000070,5,18.12,18.13,18.05,18.1,634800,11480570.0
2026-02-25 14:10:00,2026-02-25,20260225141000000,000070,5,18.1,18.15,18.07,18.07,748100,13546443.0
2026-02-25 14:15:00,2026-02-25,20260225141500000,000070,5,18.07,18.09,17.95,17.95,1921200,34652847.0
2026-02-25 14:20:00,2026-02-25,20260225142000000,000070,5,17.97,18.08,17.97,18.05,974200,17565941.0
2026-02-25 14:25:00,2026-02-25,20260225142500000,000070,5,18.07,18.1,18.03,18.09,856200,15478572.2
2026-02-25 14:30:00,2026-02-25,20260225143000000,000070,5,18.08,18.14,18.07,18.07,1328600,24064448.4
2026-02-25 14:35:00,2026-02-25,20260225143500000,000070,5,18.06,18.08,17.95,17.96,1382300,24877905.0
2026-02-25 14:40:00,2026-02-25,20260225144000000,000070,5,17.98,18.01,17.94,18.0,1929100,34653870.0
2026-02-25 14:45:00,2026-02-25,20260225144500000,000070,5,18.0,18.08,17.96,18.06,3174060,57204947.0
2026-02-25 14:50:00,2026-02-25,20260225145000000,000070,5,18.09,18.14,18.06,18.09,2034295,36805985.75
2026-02-25 14:55:00,2026-02-25,20260225145500000,000070,5,18.07,18.1,18.03,18.08,2996005,54132242.5
2026-02-25 15:00:00,2026-02-25,20260225150000000,000070,5,18.09,18.14,18.07,18.14,3188160,57754574.4
2026-02-26 09:35:00,2026-02-26,20260226093500000,000070,5,18.71,19.04,18.47,18.77,24792537,465238083.44
2026-02-26 09:40:00,2026-02-26,20260226094000000,000070,5,18.83,18.89,18.28,18.49,9139343,169506627.99
2026-02-26 09:45:00,2026-02-26,20260226094500000,000070,5,18.49,19.0,18.46,18.94,8525800,159653228.0
2026-02-26 09:50:00,2026-02-26,20260226095000000,000070,5,18.92,19.42,18.86,19.23,18979060,364042907.92
2026-02-26 09:55:00,2026-02-26,20260226095500000,000070,5,19.19,19.29,19.12,19.16,5518400,105893326.6
2026-02-26 10:00:00,2026-02-26,20260226100000000,000070,5,19.16,19.39,19.01,19.02,6787502,130487868.23
2026-02-26 10:05:00,2026-02-26,20260226100500000,000070,5,19.01,19.14,18.96,19.06,3962500,75377650.0
2026-02-26 10:10:00,2026-02-26,20260226101000000,000070,5,19.04,19.2,19.01,19.06,3068900,58628337.8
2026-02-26 10:15:00,2026-02-26,20260226101500000,000070,5,19.04,19.14,18.93,19.12,2259200,43025120.0
2026-02-26 10:20:00,2026-02-26,20260226102000000,000070,5,19.1,19.12,18.96,18.98,2031300,38663738.04
2026-02-26 10:25:00,2026-02-26,20260226102500000,000070,5,18.98,18.98,18.81,18.91,2818800,53240589.0
2026-02-26 10:30:00,2026-02-26,20260226103000000,000070,5,18.91,18.95,18.85,18.88,1469300,27749592.0
2026-02-26 10:35:00,2026-02-26,20260226103500000,000070,5,18.88,18.91,18.75,18.88,3933200,73929019.0
2026-02-26 10:40:00,2026-02-26,20260226104000000,000070,5,18.89,18.92,18.85,18.9,1549200,29267164.0
2026-02-26 10:45:00,2026-02-26,20260226104500000,000070,5,18.91,19.1,18.9,19.1,1928773,36671504.0
2026-02-26 10:50:00,2026-02-26,20260226105000000,000070,5,19.1,19.1,18.98,19.05,1020800,19446386.0
2026-02-26 10:55:00,2026-02-26,20260226105500000,000070,5,19.06,19.1,18.99,19.0,1106616,21070015.44
2026-02-26 11:00:00,2026-02-26,20260226110000000,000070,5,18.99,19.01,18.91,18.95,954000,18077013.0
2026-02-26 11:05:00,2026-02-26,20260226110500000,000070,5,18.97,19.06,18.92,19.06,1016500,19292396.0
2026-02-26 11:10:00,2026-02-26,20260226111000000,000070,5,19.05,19.07,19.01,19.07,1217300,23181658.0
2026-02-26 11:15:00,2026-02-26,20260226111500000,000070,5,19.06,19.06,19.0,19.0,1006800,19164953.0
2026-02-26 11:20:00,2026-02-26,20260226112000000,000070,5,19.0,19.03,18.92,18.96,807500,15324378.0
2026-02-26 11:25:00,2026-02-26,20260226112500000,000070,5,18.95,18.98,18.88,18.88,760300,14388158.0
2026-02-26 11:30:00,2026-02-26,20260226113000000,000070,5,18.87,18.88,18.71,18.72,1394300,26221656.0
2026-02-26 13:05:00,2026-02-26,20260226130500000,000070,5,18.7,18.73,18.56,18.56,2827800,52714154.0
2026-02-26 13:10:00,2026-02-26,20260226131000000,000070,5,18.56,18.65,18.54,18.63,1063000,19777665.0
2026-02-26 13:15:00,2026-02-26,20260226131500000,000070,5,18.64,18.65,18.45,18.46,3409100,63183091.64
2026-02-26 13:20:00,2026-02-26,20260226132000000,000070,5,18.46,18.48,18.33,18.34,2794700,51420889.0
2026-02-26 13:25:00,2026-02-26,20260226132500000,000070,5,18.33,18.36,18.31,18.33,1611900,29537598.0
2026-02-26 13:30:00,2026-02-26,20260226133000000,000070,5,18.33,18.42,18.33,18.41,1507300,27697116.0
2026-02-26 13:35:00,2026-02-26,20260226133500000,000070,5,18.39,18.41,18.25,18.31,2082336,38131573.72
2026-02-26 13:40:00,2026-02-26,20260226134000000,000070,5,18.31,18.37,18.3,18.34,984600,18054483.21
2026-02-26 13:45:00,2026-02-26,20260226134500000,000070,5,18.35,18.37,18.33,18.33,1124100,20626110.0
2026-02-26 13:50:00,2026-02-26,20260226135000000,000070,5,18.33,18.34,18.28,18.29,1324500,24238800.0
2026-02-26 13:55:00,2026-02-26,20260226135500000,000070,5,18.29,18.35,18.29,18.32,901900,16513749.0
2026-02-26 14:00:00,2026-02-26,20260226140000000,000070,5,18.33,18.35,18.3,18.32,894000,16381038.0
2026-02-26 14:05:00,2026-02-26,20260226140500000,000070,5,18.3,18.3,18.21,18.23,1352800,24699426.0
2026-02-26 14:10:00,2026-02-26,20260226141000000,000070,5,18.23,18.42,18.22,18.37,1616300,29580878.0
2026-02-26 14:15:00,2026-02-26,20260226141500000,000070,5,18.38,18.38,18.23,18.27,910400,16655583.0
2026-02-26 14:20:00,2026-02-26,20260226142000000,000070,5,18.27,18.36,18.25,18.31,1182600,21626086.0
2026-02-26 14:25:00,2026-02-26,20260226142500000,000070,5,18.32,18.33,18.24,18.29,1470200,26883212.0
2026-02-26 14:30:00,2026-02-26,20260226143000000,000070,5,18.29,18.29,18.19,18.2,2307400,42066069.0
2026-02-26 14:35:00,2026-02-26,20260226143500000,000070,5,18.21,18.29,18.21,18.25,1314800,24002876.0
2026-02-26 14:40:00,2026-02-26,20260226144000000,000070,5,18.25,18.29,18.22,18.22,1458500,26613286.0
2026-02-26 14:45:00,2026-02-26,20260226144500000,000070,5,18.22,18.23,18.18,18.22,2339800,42592572.0
2026-02-26 14:50:00,2026-02-26,20260226145000000,000070,5,18.22,18.25,18.21,18.23,1571900,28654261.0
2026-02-26 14:55:00,2026-02-26,20260226145500000,000070,5,18.2,18.23,18.14,18.15,4219800,76670737.0
2026-02-26 15:00:00,2026-02-26,20260226150000000,000070,5,18.15,18.16,18.11,18.12,3834188,69512044.44
2026-02-27 09:35:00,2026-02-27,20260227093500000,000070,5,16.32,17.05,16.32,16.86,27392540,458933742.8
2026-02-27 09:40:00,2026-02-27,20260227094000000,000070,5,16.86,16.98,16.73,16.86,8187200,137798687.0
2026-02-27 09:45:00,2026-02-27,20260227094500000,000070,5,16.89,16.95,16.63,16.64,7938900,133367494.0
2026-02-27 09:50:00,2026-02-27,20260227095000000,000070,5,16.67,16.67,16.4,16.4,11022600,181697476.0
2026-02-27 09:55:00,2026-02-27,20260227095500000,000070,5,16.39,16.56,16.35,16.56,5858700,96147155.0
2026-02-27 10:00:00,2026-02-27,20260227100000000,000070,5,16.55,16.75,16.54,16.59,3313400,55062589.0
2026-02-27 10:05:00,2026-02-27,20260227100500000,000070,5,16.58,16.74,16.58,16.59,2380300,39634545.0
2026-02-27 10:10:00,2026-02-27,20260227101000000,000070,5,16.59,16.75,16.58,16.71,2495600,41555744.0
2026-02-27 10:15:00,2026-02-27,20260227101500000,000070,5,16.73,16.74,16.68,16.69,1339740,22391193.2
2026-02-27 10:20:00,2026-02-27,20260227102000000,000070,5,16.69,16.84,16.68,16.82,1476700,24756563.0
2026-02-27 10:25:00,2026-02-27,20260227102500000,000070,5,16.81,16.86,16.78,16.86,1492000,25094550.8
2026-02-27 10:30:00,2026-02-27,20260227103000000,000070,5,16.86,17.04,16.82,17.02,2311900,39174072.0
2026-02-27 10:35:00,2026-02-27,20260227103500000,000070,5,17.05,17.14,17.02,17.09,2555760,43636004.2
2026-02-27 10:40:00,2026-02-27,20260227104000000,000070,5,17.1,17.41,17.09,17.41,2672000,45985682.0
2026-02-27 10:45:00,2026-02-27,20260227104500000,000070,5,17.44,17.7,17.39,17.67,5366100,94041082.0
2026-02-27 10:50:00,2026-02-27,20260227105000000,000070,5,17.67,17.68,17.45,17.51,4193360,73884013.8
2026-02-27 10:55:00,2026-02-27,20260227105500000,000070,5,17.51,17.57,17.36,17.55,2307900,40307700.0
2026-02-27 11:00:00,2026-02-27,20260227110000000,000070,5,17.54,17.54,17.44,17.46,953800,16681317.0
2026-02-27 11:05:00,2026-02-27,20260227110500000,000070,5,17.46,17.64,17.45,17.6,1274800,22387575.0
2026-02-27 11:10:00,2026-02-27,20260227111000000,000070,5,17.61,17.61,17.48,17.5,823300,14436331.0
2026-02-27 11:15:00,2026-02-27,20260227111500000,000070,5,17.5,17.58,17.5,17.5,774100,13577268.0
2026-02-27 11:20:00,2026-02-27,20260227112000000,000070,5,17.5,17.6,17.43,17.43,821500,14395882.0
2026-02-27 11:25:00,2026-02-27,20260227112500000,000070,5,17.46,17.54,17.44,17.45,634900,11099847.0
2026-02-27 11:30:00,2026-02-27,20260227113000000,000070,5,17.45,17.45,17.37,17.39,942500,16390262.0
2026-02-27 13:05:00,2026-02-27,20260227130500000,000070,5,17.39,17.51,17.35,17.35,1352900,23563626.0
2026-02-27 13:10:00,2026-02-27,20260227131000000,000070,5,17.35,17.42,17.32,17.34,958700,16642567.0
2026-02-27 13:15:00,2026-02-27,20260227131500000,000070,5,17.35,17.41,17.35,17.39,629400,10942165.0
2026-02-27 13:20:00,2026-02-27,20260227132000000,000070,5,17.4,17.4,17.3,17.35,1395300,24184082.0
2026-02-27 13:25:00,2026-02-27,20260227132500000,000070,5,17.36,17.4,17.3,17.37,870500,15100352.0
2026-02-27 13:30:00,2026-02-27,20260227133000000,000070,5,17.38,17.46,17.35,17.45,757200,13172149.0
2026-02-27 13:35:00,2026-02-27,20260227133500000,000070,5,17.45,17.52,17.44,17.47,850160,14859351.0
2026-02-27 13:40:00,2026-02-27,20260227134000000,000070,5,17.47,17.57,17.45,17.54,837000,14654471.8
2026-02-27 13:45:00,2026-02-27,20260227134500000,000070,5,17.54,17.62,17.51,17.59,1119000,19647676.0
2026-02-27 13:50:00,2026-02-27,20260227135000000,000070,5,17.58,17.6,17.53,17.55,612800,10765063.2
2026-02-27 13:55:00,2026-02-27,20260227135500000,000070,5,17.55,17.64,17.54,17.62,1062080,18678506.0
2026-02-27 14:00:00,2026-02-27,20260227140000000,000070,5,17.63,17.63,17.56,17.57,983700,17313224.0
2026-02-27 14:05:00,2026-02-27,20260227140500000,000070,5,17.58,17.68,17.57,17.65,1063700,18759295.0
2026-02-27 14:10:00,2026-02-27,20260227141000000,000070,5,17.65,17.67,17.6,17.65,853800,15066872.0
2026-02-27 14:15:00,2026-02-27,20260227141500000,000070,5,17.66,17.7,17.64,17.7,967000,17081567.0
2026-02-27 14:20:00,2026-02-27,20260227142000000,000070,5,17.69,17.69,17.57,17.61,951100,16747220.0
2026-02-27 14:25:00,2026-02-27,20260227142500000,000070,5,17.61,17.65,17.59,17.61,710900,12520868.0
2026-02-27 14:30:00,2026-02-27,20260227143000000,000070,5,17.61,17.62,17.57,17.57,1045300,18393263.0
2026-02-27 14:35:00,2026-02-27,20260227143500000,000070,5,17.56,17.58,17.51,17.55,1199420,21045664.6
2026-02-27 14:40:00,2026-02-27,20260227144000000,000070,5,17.54,17.78,17.54,17.75,2750100,48546199.0
2026-02-27 14:45:00,2026-02-27,20260227144500000,000070,5,17.75,17.75,17.67,17.74,1570900,27814452.0
2026-02-27 14:50:00,2026-02-27,20260227145000000,000070,5,17.72,17.8,17.7,17.75,1685700,29906895.0
2026-02-27 14:55:00,2026-02-27,20260227145500000,000070,5,17.74,17.75,17.7,17.72,2239200,39680189.0
2026-02-27 15:00:00,2026-02-27,20260227150000000,000070,5,17.72,17.87,17.72,17.87,3753320,66855031.6
2026-03-02 09:35:00,2026-03-02,20260302093500000,000070,5,17.87,19.66,17.87,19.66,38588486,743205802.77
2026-03-02 09:40:00,2026-03-02,20260302094000000,000070,5,19.66,19.66,19.66,19.66,2695020,52984093.2
2026-03-02 09:45:00,2026-03-02,20260302094500000,000070,5,19.66,19.66,19.66,19.66,966600,19003356.0
2026-03-02 09:50:00,2026-03-02,20260302095000000,000070,5,19.66,19.66,19.66,19.66,669900,13170234.0
2026-03-02 09:55:00,2026-03-02,20260302095500000,000070,5,19.66,19.66,19.66,19.66,621900,12226554.0
2026-03-02 10:00:00,2026-03-02,20260302100000000,000070,5,19.66,19.66,19.66,19.66,308500,6065110.0
2026-03-02 10:05:00,2026-03-02,20260302100500000,000070,5,19.66,19.66,19.66,19.66,238780,4694414.8
2026-03-02 10:10:00,2026-03-02,20260302101000000,000070,5,19.66,19.66,19.66,19.66,519400,10211404.0
2026-03-02 10:15:00,2026-03-02,20260302101500000,000070,5,19.66,19.66,19.66,19.66,526200,10345092.0
2026-03-02 10:20:00,2026-03-02,20260302102000000,000070,5,19.66,19.66,19.66,19.66,527200,10364752.0
2026-03-02 10:25:00,2026-03-02,20260302102500000,000070,5,19.66,19.66,19.66,19.66,241160,4741205.6
2026-03-02 10:30:00,2026-03-02,20260302103000000,000070,5,19.66,19.66,19.66,19.66,103812,2040943.92
2026-03-02 10:35:00,2026-03-02,20260302103500000,000070,5,19.66,19.66,19.66,19.66,118800,2335608.0
2026-03-02 10:40:00,2026-03-02,20260302104000000,000070,5,19.66,19.66,19.66,19.66,115100,2262866.0
2026-03-02 10:45:00,2026-03-02,20260302104500000,000070,5,19.66,19.66,19.66,19.66,99100,1948306.0
2026-03-02 10:50:00,2026-03-02,20260302105000000,000070,5,19.66,19.66,19.66,19.66,74700,1468602.0
2026-03-02 10:55:00,2026-03-02,20260302105500000,000070,5,19.66,19.66,19.66,19.66,42500,835550.0
2026-03-02 11:00:00,2026-03-02,20260302110000000,000070,5,19.66,19.66,19.66,19.66,49700,977102.0
2026-03-02 11:05:00,2026-03-02,20260302110500000,000070,5,19.66,19.66,19.66,19.66,48000,943680.0
2026-03-02 11:10:00,2026-03-02,20260302111000000,000070,5,19.66,19.66,19.66,19.66,45900,902394.0
2026-03-02 11:15:00,2026-03-02,20260302111500000,000070,5,19.66,19.66,19.66,19.66,56620,1113149.2
2026-03-02 11:20:00,2026-03-02,20260302112000000,000070,5,19.66,19.66,19.66,19.66,63500,1248410.0
2026-03-02 11:25:00,2026-03-02,20260302112500000,000070,5,19.66,19.66,19.66,19.66,63900,1256274.0
2026-03-02 11:30:00,2026-03-02,20260302113000000,000070,5,19.66,19.66,19.66,19.66,52200,1026252.0
2026-03-02 13:05:00,2026-03-02,20260302130500000,000070,5,19.66,19.66,19.66,19.66,222960,4383393.6
2026-03-02 13:10:00,2026-03-02,20260302131000000,000070,5,19.66,19.66,19.66,19.66,79500,1562970.0
2026-03-02 13:15:00,2026-03-02,20260302131500000,000070,5,19.66,19.66,19.66,19.66,71500,1405690.0
2026-03-02 13:20:00,2026-03-02,20260302132000000,000070,5,19.66,19.66,19.66,19.66,77260,1518931.6
2026-03-02 13:25:00,2026-03-02,20260302132500000,000070,5,19.66,19.66,19.66,19.66,41700,819822.0
2026-03-02 13:30:00,2026-03-02,20260302133000000,000070,5,19.66,19.66,19.66,19.66,25780,506834.8
2026-03-02 13:35:00,2026-03-02,20260302133500000,000070,5,19.66,19.66,19.66,19.66,51480,1012096.8
2026-03-02 13:40:00,2026-03-02,20260302134000000,000070,5,19.66,19.66,19.66,19.66,33900,666474.0
2026-03-02 13:45:00,2026-03-02,20260302134500000,000070,5,19.66,19.66,19.66,19.66,32600,640916.0
2026-03-02 13:50:00,2026-03-02,20260302135000000,000070,5,19.66,19.66,19.66,19.66,59100,1161906.0
2026-03-02 13:55:00,2026-03-02,20260302135500000,000070,5,19.66,19.66,19.66,19.66,31600,621256.0
2026-03-02 14:00:00,2026-03-02,20260302140000000,000070,5,19.66,19.66,19.66,19.66,51900,1020354.0
2026-03-02 14:05:00,2026-03-02,20260302140500000,000070,5,19.66,19.66,19.66,19.66,35500,697930.0
2026-03-02 14:10:00,2026-03-02,20260302141000000,000070,5,19.66,19.66,19.66,19.66,38800,762808.0
2026-03-02 14:15:00,2026-03-02,20260302141500000,000070,5,19.66,19.66,19.66,19.66,99600,1958136.0
2026-03-02 14:20:00,2026-03-02,20260302142000000,000070,5,19.66,19.66,19.66,19.66,24100,473806.0
2026-03-02 14:25:00,2026-03-02,20260302142500000,000070,5,19.66,19.66,19.66,19.66,47700,937782.0
2026-03-02 14:30:00,2026-03-02,20260302143000000,000070,5,19.66,19.66,19.66,19.66,128600,2528276.0
2026-03-02 14:35:00,2026-03-02,20260302143500000,000070,5,19.66,19.66,19.66,19.66,47600,935816.0
2026-03-02 14:40:00,2026-03-02,20260302144000000,000070,5,19.66,19.66,19.66,19.66,462000,9082920.0
2026-03-02 14:45:00,2026-03-02,20260302144500000,000070,5,19.66,19.66,19.66,19.66,62800,1234648.0
2026-03-02 14:50:00,2026-03-02,20260302145000000,000070,5,19.66,19.66,19.66,19.66,85600,1682896.0
2026-03-02 14:55:00,2026-03-02,20260302145500000,000070,5,19.66,19.66,19.66,19.66,139900,2750434.0
2026-03-02 15:00:00,2026-03-02,20260302150000000,000070,5,19.66,19.66,19.66,19.66,235500,4629930.0
2026-03-03 09:35:00,2026-03-03,20260303093500000,000070,5,19.66,19.88,19.15,19.47,31836160,624910481.4
2026-03-03 09:40:00,2026-03-03,20260303094000000,000070,5,19.47,19.81,19.22,19.74,16123360,315184913.0
2026-03-03 09:45:00,2026-03-03,20260303094500000,000070,5,19.82,20.09,19.67,19.77,18678162,370945985.68
2026-03-03 09:50:00,2026-03-03,20260303095000000,000070,5,19.75,19.75,19.22,19.3,8227260,160151334.4
2026-03-03 09:55:00,2026-03-03,20260303095500000,000070,5,19.3,19.31,19.09,19.11,6138900,117639656.0
2026-03-03 10:00:00,2026-03-03,20260303100000000,000070,5,19.11,19.27,19.02,19.15,6061600,115912012.63
2026-03-03 10:05:00,2026-03-03,20260303100500000,000070,5,19.15,19.36,19.04,19.34,4896377,93985548.71
2026-03-03 10:10:00,2026-03-03,20260303101000000,000070,5,19.33,19.46,19.19,19.37,3440700,66600489.0
2026-03-03 10:15:00,2026-03-03,20260303101500000,000070,5,19.34,19.36,19.07,19.1,3197600,61336739.0
2026-03-03 10:20:00,2026-03-03,20260303102000000,000070,5,19.1,19.1,18.82,18.83,3603100,68281415.0
2026-03-03 10:25:00,2026-03-03,20260303102500000,000070,5,18.88,19.3,18.73,19.24,5146700,98257967.0
2026-03-03 10:30:00,2026-03-03,20260303103000000,000070,5,19.38,19.42,19.16,19.19,3379640,65350136.8
2026-03-03 10:35:00,2026-03-03,20260303103500000,000070,5,19.18,19.22,19.06,19.08,976100,18676475.0
2026-03-03 10:40:00,2026-03-03,20260303104000000,000070,5,19.09,19.25,19.03,19.22,1849020,35362136.8
2026-03-03 10:45:00,2026-03-03,20260303104500000,000070,5,19.24,19.46,19.24,19.46,2095200,40627205.4
2026-03-03 10:50:00,2026-03-03,20260303105000000,000070,5,19.47,19.47,19.2,19.28,2578100,49805683.0
2026-03-03 10:55:00,2026-03-03,20260303105500000,000070,5,19.25,19.26,19.11,19.19,1947360,37290139.0
2026-03-03 11:00:00,2026-03-03,20260303110000000,000070,5,19.21,19.21,19.13,19.19,756360,14487701.2
2026-03-03 11:05:00,2026-03-03,20260303110500000,000070,5,19.19,19.29,19.15,19.23,1008300,19378321.0
2026-03-03 11:10:00,2026-03-03,20260303111000000,000070,5,19.24,19.27,19.01,19.07,1178040,22531870.6
2026-03-03 11:15:00,2026-03-03,20260303111500000,000070,5,19.06,19.07,18.9,18.92,1338500,25417069.0
2026-03-03 11:20:00,2026-03-03,20260303112000000,000070,5,18.92,18.95,18.85,18.87,1288420,24339159.0
2026-03-03 11:25:00,2026-03-03,20260303112500000,000070,5,18.87,18.96,18.86,18.93,1279700,24182685.0
2026-03-03 11:30:00,2026-03-03,20260303113000000,000070,5,18.93,18.94,18.85,18.88,919200,17368921.0
2026-03-03 13:05:00,2026-03-03,20260303130500000,000070,5,18.89,18.89,18.51,18.56,3778200,70425928.0
2026-03-03 13:10:00,2026-03-03,20260303131000000,000070,5,18.55,18.76,18.47,18.73,2379500,44185980.0
2026-03-03 13:15:00,2026-03-03,20260303131500000,000070,5,18.76,19.11,18.67,19.07,2359900,44566366.0
2026-03-03 13:20:00,2026-03-03,20260303132000000,000070,5,19.07,19.09,18.8,18.8,1767000,33539577.0
2026-03-03 13:25:00,2026-03-03,20260303132500000,000070,5,18.8,18.91,18.77,18.78,1086100,20472021.0
2026-03-03 13:30:00,2026-03-03,20260303133000000,000070,5,18.78,18.81,18.72,18.78,1001500,18788023.0
2026-03-03 13:35:00,2026-03-03,20260303133500000,000070,5,18.78,18.8,18.68,18.68,1006400,18872660.0
2026-03-03 13:40:00,2026-03-03,20260303134000000,000070,5,18.68,18.71,18.63,18.65,950400,17742021.0
2026-03-03 13:45:00,2026-03-03,20260303134500000,000070,5,18.64,18.71,18.62,18.71,967000,18052155.0
2026-03-03 13:50:00,2026-03-03,20260303135000000,000070,5,18.71,18.79,18.69,18.7,883500,16538761.0
2026-03-03 13:55:00,2026-03-03,20260303135500000,000070,5,18.71,18.73,18.63,18.64,963900,18010688.0
2026-03-03 14:00:00,2026-03-03,20260303140000000,000070,5,18.63,18.65,18.53,18.56,1253600,23315638.0
2026-03-03 14:05:00,2026-03-03,20260303140500000,000070,5,18.55,18.57,18.5,18.54,1164200,21584458.0
2026-03-03 14:10:00,2026-03-03,20260303141000000,000070,5,18.54,18.57,18.51,18.54,782400,14502075.0
2026-03-03 14:15:00,2026-03-03,20260303141500000,000070,5,18.54,18.58,18.5,18.52,899400,16667164.0
2026-03-03 14:20:00,2026-03-03,20260303142000000,000070,5,18.52,18.59,18.45,18.45,1620100,30014933.0
2026-03-03 14:25:00,2026-03-03,20260303142500000,000070,5,18.46,18.51,18.41,18.41,1381700,25514641.53
2026-03-03 14:30:00,2026-03-03,20260303143000000,000070,5,18.42,18.5,18.39,18.5,1774000,32688801.59
2026-03-03 14:35:00,2026-03-03,20260303143500000,000070,5,18.5,18.57,18.4,18.46,2176811,40227380.06
2026-03-03 14:40:00,2026-03-03,20260303144000000,000070,5,18.46,18.5,18.42,18.43,1225200,22606879.0
2026-03-03 14:45:00,2026-03-03,20260303144500000,000070,5,18.43,18.49,18.4,18.41,1776960,32764759.6
2026-03-03 14:50:00,2026-03-03,20260303145000000,000070,5,18.43,18.54,18.39,18.44,1949900,35988153.4
2026-03-03 14:55:00,2026-03-03,20260303145500000,000070,5,18.44,18.46,18.39,18.41,2281100,42015982.0
2026-03-03 15:00:00,2026-03-03,20260303150000000,000070,5,18.41,18.5,18.39,18.46,2665279,49177626.94
2026-03-04 09:35:00,2026-03-04,20260304093500000,000070,5,17.8,19.03,17.75,19.03,18392400,337982487.0
2026-03-04 09:40:00,2026-03-04,20260304094000000,000070,5,19.08,19.39,18.39,18.44,11179400,212341014.0
2026-03-04 09:45:00,2026-03-04,20260304094500000,000070,5,18.43,18.55,18.24,18.53,5345240,98110186.0
2026-03-04 09:50:00,2026-03-04,20260304095000000,000070,5,18.54,18.79,18.52,18.68,2691400,50301938.0
2026-03-04 09:55:00,2026-03-04,20260304095500000,000070,5,18.69,18.71,18.3,18.37,2756900,50912424.0
2026-03-04 10:00:00,2026-03-04,20260304100000000,000070,5,18.39,18.56,18.26,18.5,2023500,37299968.0
2026-03-04 10:05:00,2026-03-04,20260304100500000,000070,5,18.5,18.72,18.49,18.71,2513460,46846389.8
2026-03-04 10:10:00,2026-03-04,20260304101000000,000070,5,18.68,18.84,18.65,18.83,1988587,37283710.73
2026-03-04 10:15:00,2026-03-04,20260304101500000,000070,5,18.8,18.8,18.68,18.75,1594000,29880759.0
2026-03-04 10:20:00,2026-03-04,20260304102000000,000070,5,18.75,18.88,18.72,18.79,1409500,26501768.0
2026-03-04 10:25:00,2026-03-04,20260304102500000,000070,5,18.78,18.8,18.56,18.6,1706900,31841280.0
2026-03-04 10:30:00,2026-03-04,20260304103000000,000070,5,18.58,18.63,18.48,18.48,1425600,26426171.0
2026-03-04 10:35:00,2026-03-04,20260304103500000,000070,5,18.47,18.5,18.34,18.34,1627100,29941985.0
2026-03-04 10:40:00,2026-03-04,20260304104000000,000070,5,18.34,18.34,18.24,18.28,1293660,23658873.4
2026-03-04 10:45:00,2026-03-04,20260304104500000,000070,5,18.28,18.35,18.25,18.34,1184000,21657354.0
2026-03-04 10:50:00,2026-03-04,20260304105000000,000070,5,18.34,18.44,18.33,18.38,640500,11778287.0
2026-03-04 10:55:00,2026-03-04,20260304105500000,000070,5,18.4,18.47,18.31,18.32,751600,13821755.0
2026-03-04 11:00:00,2026-03-04,20260304110000000,000070,5,18.31,18.4,18.3,18.33,525500,9634548.0
2026-03-04 11:05:00,2026-03-04,20260304110500000,000070,5,18.33,18.44,18.33,18.34,655556,12047970.48
2026-03-04 11:10:00,2026-03-04,20260304111000000,000070,5,18.35,18.45,18.34,18.44,694200,12764129.0
2026-03-04 11:15:00,2026-03-04,20260304111500000,000070,5,18.42,18.65,18.4,18.59,1085100,20154257.0
2026-03-04 11:20:00,2026-03-04,20260304112000000,000070,5,18.62,18.81,18.62,18.79,1837280,34457281.4
2026-03-04 11:25:00,2026-03-04,20260304112500000,000070,5,18.81,18.98,18.78,18.9,2454502,46305125.86
2026-03-04 11:30:00,2026-03-04,20260304113000000,000070,5,18.83,18.83,18.73,18.75,953500,17914446.0
2026-03-04 13:05:00,2026-03-04,20260304130500000,000070,5,18.8,19.0,18.63,18.63,2256200,42532827.44
2026-03-04 13:10:00,2026-03-04,20260304131000000,000070,5,18.63,18.75,18.6,18.72,653200,12206270.0
2026-03-04 13:15:00,2026-03-04,20260304131500000,000070,5,18.73,18.88,18.73,18.78,960400,18073913.0
2026-03-04 13:20:00,2026-03-04,20260304132000000,000070,5,18.76,19.25,18.76,19.11,4635300,88565747.0
2026-03-04 13:25:00,2026-03-04,20260304132500000,000070,5,19.1,19.3,19.01,19.2,4443120,85330412.8
2026-03-04 13:30:00,2026-03-04,20260304133000000,000070,5,19.18,19.45,19.14,19.37,5615500,108623008.0
2026-03-04 13:35:00,2026-03-04,20260304133500000,000070,5,19.37,19.37,19.15,19.3,1937700,37272125.0
2026-03-04 13:40:00,2026-03-04,20260304134000000,000070,5,19.3,19.86,19.27,19.53,6544720,128269663.0
2026-03-04 13:45:00,2026-03-04,20260304134500000,000070,5,19.54,19.59,19.3,19.32,2551980,49625410.8
2026-03-04 13:50:00,2026-03-04,20260304135000000,000070,5,19.31,19.43,19.28,19.28,967900,18719334.0
2026-03-04 13:55:00,2026-03-04,20260304135500000,000070,5,19.25,19.29,19.19,19.21,1566000,30100950.0
2026-03-04 14:00:00,2026-03-04,20260304140000000,000070,5,19.2,19.21,19.1,19.11,779300,14920624.0
2026-03-04 14:05:00,2026-03-04,20260304140500000,000070,5,19.12,19.17,19.11,19.15,774800,14829056.0
2026-03-04 14:10:00,2026-03-04,20260304141000000,000070,5,19.16,19.18,19.08,19.09,1028700,19686482.0
2026-03-04 14:15:00,2026-03-04,20260304141500000,000070,5,19.1,19.15,19.04,19.07,796100,15204887.0
2026-03-04 14:20:00,2026-03-04,20260304142000000,000070,5,19.07,19.1,19.03,19.1,676700,12900087.0
2026-03-04 14:25:00,2026-03-04,20260304142500000,000070,5,19.1,19.29,19.08,19.1,1315100,25233484.0
2026-03-04 14:30:00,2026-03-04,20260304143000000,000070,5,19.1,19.12,18.99,19.0,1949400,37086711.0
2026-03-04 14:35:00,2026-03-04,20260304143500000,000070,5,19.03,19.14,19.0,19.13,873440,16645214.4
2026-03-04 14:40:00,2026-03-04,20260304144000000,000070,5,19.15,19.21,19.07,19.18,1788700,34274234.0
2026-03-04 14:45:00,2026-03-04,20260304144500000,000070,5,19.17,19.2,19.11,19.16,1871900,35861536.0
2026-03-04 14:50:00,2026-03-04,20260304145000000,000070,5,19.14,19.21,19.13,19.16,1785300,34230042.0
2026-03-04 14:55:00,2026-03-04,20260304145500000,000070,5,19.16,19.19,19.15,19.16,2228400,42705909.0
2026-03-04 15:00:00,2026-03-04,20260304150000000,000070,5,19.16,19.21,19.11,19.21,3202400,61394647.0
2026-03-05 09:35:00,2026-03-05,20260305093500000,000070,5,19.62,19.7,18.1,18.14,18027600,338030059.0
2026-03-05 09:40:00,2026-03-05,20260305094000000,000070,5,18.17,18.26,17.72,17.94,14714100,263921469.66
2026-03-05 09:45:00,2026-03-05,20260305094500000,000070,5,17.95,17.99,17.44,17.44,12662800,224293440.0
2026-03-05 09:50:00,2026-03-05,20260305095000000,000070,5,17.44,18.25,17.44,18.13,9508900,170232598.0
2026-03-05 09:55:00,2026-03-05,20260305095500000,000070,5,18.15,18.25,17.97,18.15,5459000,98929322.0
2026-03-05 10:00:00,2026-03-05,20260305100000000,000070,5,18.16,18.2,18.01,18.13,2744000,49630736.0
2026-03-05 10:05:00,2026-03-05,20260305100500000,000070,5,18.13,18.4,18.13,18.24,3946703,72217389.75
2026-03-05 10:10:00,2026-03-05,20260305101000000,000070,5,18.22,18.23,18.02,18.02,2818600,50959479.0
2026-03-05 10:15:00,2026-03-05,20260305101500000,000070,5,18.02,18.24,18.02,18.21,1828080,33128675.0
2026-03-05 10:20:00,2026-03-05,20260305102000000,000070,5,18.2,18.3,18.03,18.05,1976200,35941539.0
2026-03-05 10:25:00,2026-03-05,20260305102500000,000070,5,18.05,18.08,17.85,17.9,2696600,48456768.0
2026-03-05 10:30:00,2026-03-05,20260305103000000,000070,5,17.88,18.06,17.86,18.06,1416700,25458533.0
2026-03-05 10:35:00,2026-03-05,20260305103500000,000070,5,18.07,18.13,17.96,18.0,1766600,31862077.0
2026-03-05 10:40:00,2026-03-05,20260305104000000,000070,5,17.98,17.98,17.7,17.74,2848600,50739740.0
2026-03-05 10:45:00,2026-03-05,20260305104500000,000070,5,17.73,17.73,17.62,17.71,2706600,47867338.0
2026-03-05 10:50:00,2026-03-05,20260305105000000,000070,5,17.7,17.78,17.6,17.78,2546400,44972437.0
2026-03-05 10:55:00,2026-03-05,20260305105500000,000070,5,17.77,17.82,17.71,17.74,1687600,30005592.0
2026-03-05 11:00:00,2026-03-05,20260305110000000,000070,5,17.75,18.03,17.74,18.03,1757700,31472308.0
2026-03-05 11:05:00,2026-03-05,20260305110500000,000070,5,17.98,18.01,17.91,17.95,984900,17710249.0
2026-03-05 11:10:00,2026-03-05,20260305111000000,000070,5,17.95,18.01,17.86,17.88,796000,14268491.0
2026-03-05 11:15:00,2026-03-05,20260305111500000,000070,5,17.89,17.96,17.86,17.95,615900,11027179.0
2026-03-05 11:20:00,2026-03-05,20260305112000000,000070,5,17.92,17.99,17.86,17.9,633000,11345574.0
2026-03-05 11:25:00,2026-03-05,20260305112500000,000070,5,17.9,17.94,17.88,17.89,635500,11376703.0
2026-03-05 11:30:00,2026-03-05,20260305113000000,000070,5,17.91,17.93,17.8,17.83,1028000,18376877.2
2026-03-05 13:05:00,2026-03-05,20260305130500000,000070,5,17.84,17.94,17.82,17.82,1464700,26187417.0
2026-03-05 13:10:00,2026-03-05,20260305131000000,000070,5,17.82,17.98,17.82,17.91,1099600,19701558.84
2026-03-05 13:15:00,2026-03-05,20260305131500000,000070,5,17.91,18.02,17.84,17.97,1329100,23847144.0
2026-03-05 13:20:00,2026-03-05,20260305132000000,000070,5,17.98,18.0,17.81,17.95,1340660,23979542.6
2026-03-05 13:25:00,2026-03-05,20260305132500000,000070,5,17.96,17.97,17.9,17.94,1178100,21122411.0
2026-03-05 13:30:00,2026-03-05,20260305133000000,000070,5,17.92,17.93,17.83,17.88,1033100,18460509.0
2026-03-05 13:35:00,2026-03-05,20260305133500000,000070,5,17.88,17.88,17.75,17.79,1483940,26442357.4
2026-03-05 13:40:00,2026-03-05,20260305134000000,000070,5,17.78,17.78,17.7,17.72,1416300,25121617.0
2026-03-05 13:45:00,2026-03-05,20260305134500000,000070,5,17.71,17.73,17.64,17.71,1586200,28043735.0
2026-03-05 13:50:00,2026-03-05,20260305135000000,000070,5,17.72,17.72,17.63,17.63,1348100,23816921.0
2026-03-05 13:55:00,2026-03-05,20260305135500000,000070,5,17.62,17.64,17.57,17.57,2691800,47367271.0
2026-03-05 14:00:00,2026-03-05,20260305140000000,000070,5,17.59,17.6,17.52,17.53,2536900,44492321.0
2026-03-05 14:05:00,2026-03-05,20260305140500000,000070,5,17.52,17.66,17.48,17.63,2215700,38873178.0
2026-03-05 14:10:00,2026-03-05,20260305141000000,000070,5,17.62,17.66,17.56,17.56,1149600,20245034.0
2026-03-05 14:15:00,2026-03-05,20260305141500000,000070,5,17.57,17.57,17.43,17.47,2248600,39314571.0
2026-03-05 14:20:00,2026-03-05,20260305142000000,000070,5,17.45,17.5,17.4,17.47,2936540,51210777.0
2026-03-05 14:25:00,2026-03-05,20260305142500000,000070,5,17.47,17.5,17.42,17.48,1612400,28146682.0
2026-03-05 14:30:00,2026-03-05,20260305143000000,000070,5,17.49,17.6,17.45,17.56,1502600,26305374.0
2026-03-05 14:35:00,2026-03-05,20260305143500000,000070,5,17.59,17.61,17.48,17.5,1687000,29570510.0
2026-03-05 14:40:00,2026-03-05,20260305144000000,000070,5,17.5,17.56,17.46,17.48,2054800,35959028.0
2026-03-05 14:45:00,2026-03-05,20260305144500000,000070,5,17.48,17.54,17.48,17.5,1707900,29895265.0
2026-03-05 14:50:00,2026-03-05,20260305145000000,000070,5,17.5,17.52,17.42,17.47,2950300,51526718.0
2026-03-05 14:55:00,2026-03-05,20260305145500000,000070,5,17.46,17.53,17.45,17.52,2669500,46701601.0
2026-03-05 15:00:00,2026-03-05,20260305150000000,000070,5,17.53,17.53,17.49,17.51,4123100,72188650.0
2026-03-06 09:35:00,2026-03-06,20260306093500000,000070,5,17.54,18.0,16.94,16.98,16850000,294145687.0
2026-03-06 09:40:00,2026-03-06,20260306094000000,000070,5,17.01,17.24,17.01,17.17,4445760,76020474.4
2026-03-06 09:45:00,2026-03-06,20260306094500000,000070,5,17.16,17.18,16.75,16.79,7717000,130431353.0
2026-03-06 09:50:00,2026-03-06,20260306095000000,000070,5,16.78,16.97,16.78,16.86,4010720,67635224.0
2026-03-06 09:55:00,2026-03-06,20260306095500000,000070,5,16.86,16.99,16.83,16.83,2508300,42365947.97
2026-03-06 10:00:00,2026-03-06,20260306100000000,000070,5,16.83,16.89,16.82,16.83,2255400,37995207.0
2026-03-06 10:05:00,2026-03-06,20260306100500000,000070,5,16.83,17.13,16.83,17.05,3541700,60282270.0
2026-03-06 10:10:00,2026-03-06,20260306101000000,000070,5,17.04,17.09,16.89,16.97,1756000,29827703.0
2026-03-06 10:15:00,2026-03-06,20260306101500000,000070,5,16.97,17.27,16.97,17.2,2008600,34467136.0
2026-03-06 10:20:00,2026-03-06,20260306102000000,000070,5,17.21,17.25,17.12,17.15,2467900,42450354.0
2026-03-06 10:25:00,2026-03-06,20260306102500000,000070,5,17.15,17.29,17.12,17.16,1635000,28144933.0
2026-03-06 10:30:00,2026-03-06,20260306103000000,000070,5,17.16,17.24,17.15,17.19,1179000,20273400.0
2026-03-06 10:35:00,2026-03-06,20260306103500000,000070,5,17.19,17.27,17.18,17.23,928600,15998347.0
2026-03-06 10:40:00,2026-03-06,20260306104000000,000070,5,17.22,17.35,17.2,17.32,1024500,17725851.0
2026-03-06 10:45:00,2026-03-06,20260306104500000,000070,5,17.33,17.38,17.33,17.36,1041000,18075151.0
2026-03-06 10:50:00,2026-03-06,20260306105000000,000070,5,17.34,17.36,17.3,17.33,983900,17046630.0
2026-03-06 10:55:00,2026-03-06,20260306105500000,000070,5,17.32,17.33,17.2,17.21,870300,15023990.0
2026-03-06 11:00:00,2026-03-06,20260306110000000,000070,5,17.18,17.27,17.16,17.23,952200,16388416.2
2026-03-06 11:05:00,2026-03-06,20260306110500000,000070,5,17.23,17.37,17.23,17.34,820200,14206327.0
2026-03-06 11:10:00,2026-03-06,20260306111000000,000070,5,17.34,17.38,17.3,17.33,644500,11179432.0
2026-03-06 11:15:00,2026-03-06,20260306111500000,000070,5,17.34,17.39,17.33,17.39,578300,10038833.0
2026-03-06 11:20:00,2026-03-06,20260306112000000,000070,5,17.38,17.38,17.26,17.29,749900,12987301.0
2026-03-06 11:25:00,2026-03-06,20260306112500000,000070,5,17.28,17.37,17.26,17.37,635900,11002441.0
2026-03-06 11:30:00,2026-03-06,20260306113000000,000070,5,17.36,17.36,17.3,17.34,531800,9214353.0
2026-03-06 13:05:00,2026-03-06,20260306130500000,000070,5,17.34,17.34,17.21,17.24,1465500,25286881.0
2026-03-06 13:10:00,2026-03-06,20260306131000000,000070,5,17.21,17.43,17.21,17.42,1105200,19183709.0
2026-03-06 13:15:00,2026-03-06,20260306131500000,000070,5,17.44,17.63,17.42,17.52,1894300,33171753.0
2026-03-06 13:20:00,2026-03-06,20260306132000000,000070,5,17.51,17.56,17.37,17.37,1245700,21792517.0
2026-03-06 13:25:00,2026-03-06,20260306132500000,000070,5,17.37,17.38,17.29,17.33,671300,11627293.0
2026-03-06 13:30:00,2026-03-06,20260306133000000,000070,5,17.33,17.33,17.24,17.27,787000,13595489.0
2026-03-06 13:35:00,2026-03-06,20260306133500000,000070,5,17.28,17.28,17.18,17.21,1049900,18075428.0
2026-03-06 13:40:00,2026-03-06,20260306134000000,000070,5,17.21,17.23,17.15,17.19,883000,15175619.0
2026-03-06 13:45:00,2026-03-06,20260306134500000,000070,5,17.19,17.2,17.1,17.11,1044700,17903899.0
2026-03-06 13:50:00,2026-03-06,20260306135000000,000070,5,17.11,17.17,17.1,17.16,629600,10782420.0
2026-03-06 13:55:00,2026-03-06,20260306135500000,000070,5,17.16,17.19,17.12,17.14,533000,9139026.0
2026-03-06 14:00:00,2026-03-06,20260306140000000,000070,5,17.13,17.14,17.05,17.09,1337580,22843987.4
2026-03-06 14:05:00,2026-03-06,20260306140500000,000070,5,17.11,17.11,17.06,17.09,702600,11998586.0
2026-03-06 14:10:00,2026-03-06,20260306141000000,000070,5,17.08,17.11,17.06,17.08,591800,10107251.0
2026-03-06 14:15:00,2026-03-06,20260306141500000,000070,5,17.08,17.11,17.07,17.08,641600,10964002.0
2026-03-06 14:20:00,2026-03-06,20260306142000000,000070,5,17.08,17.1,17.05,17.08,1045300,17846193.0
2026-03-06 14:25:00,2026-03-06,20260306142500000,000070,5,17.05,17.05,16.92,17.04,3833100,64875488.0
2026-03-06 14:30:00,2026-03-06,20260306143000000,000070,5,17.02,17.05,17.0,17.02,773500,13169252.0
2026-03-06 14:35:00,2026-03-06,20260306143500000,000070,5,17.02,17.06,16.97,17.02,1288800,21915948.0
2026-03-06 14:40:00,2026-03-06,20260306144000000,000070,5,17.02,17.06,17.01,17.04,1048500,17861568.0
2026-03-06 14:45:00,2026-03-06,20260306144500000,000070,5,17.03,17.04,17.0,17.03,1672580,28457800.0
2026-03-06 14:50:00,2026-03-06,20260306145000000,000070,5,17.03,17.07,17.02,17.04,1572700,26804761.0
2026-03-06 14:55:00,2026-03-06,20260306145500000,000070,5,17.04,17.07,17.03,17.06,2402600,40969496.0
2026-03-06 15:00:00,2026-03-06,20260306150000000,000070,5,17.06,17.07,17.05,17.06,2467200,42087709.4
2026-03-09 09:35:00,2026-03-09,20260309093500000,000070,5,16.52,16.67,15.95,15.96,16030700,260523660.0
2026-03-09 09:40:00,2026-03-09,20260309094000000,000070,5,15.95,16.18,15.87,15.9,7850978,125497481.34
2026-03-09 09:45:00,2026-03-09,20260309094500000,000070,5,15.88,16.1,15.87,15.92,6188000,98871771.0
2026-03-09 09:50:00,2026-03-09,20260309095000000,000070,5,15.9,15.9,15.67,15.73,7350200,115932105.0
2026-03-09 09:55:00,2026-03-09,20260309095500000,000070,5,15.72,15.72,15.46,15.46,6231020,97024695.0
2026-03-09 10:00:00,2026-03-09,20260309100000000,000070,5,15.47,15.61,15.46,15.53,6282500,97395029.0
2026-03-09 10:05:00,2026-03-09,20260309100500000,000070,5,15.54,15.68,15.54,15.68,2625700,40973095.0
2026-03-09 10:10:00,2026-03-09,20260309101000000,000070,5,15.69,15.7,15.58,15.66,1969800,30849353.0
2026-03-09 10:15:00,2026-03-09,20260309101500000,000070,5,15.66,15.66,15.51,15.54,1797900,27993282.0
2026-03-09 10:20:00,2026-03-09,20260309102000000,000070,5,15.55,15.68,15.5,15.63,1825260,28454551.4
2026-03-09 10:25:00,2026-03-09,20260309102500000,000070,5,15.63,15.7,15.61,15.62,1188200,18597034.4
2026-03-09 10:30:00,2026-03-09,20260309103000000,000070,5,15.63,15.63,15.56,15.6,1154460,17994964.8
2026-03-09 10:35:00,2026-03-09,20260309103500000,000070,5,15.59,15.71,15.58,15.68,1296400,20300700.0
2026-03-09 10:40:00,2026-03-09,20260309104000000,000070,5,15.69,15.72,15.57,15.6,1986900,31101475.0
2026-03-09 10:45:00,2026-03-09,20260309104500000,000070,5,15.6,15.66,15.58,15.62,945500,14763973.0
2026-03-09 10:50:00,2026-03-09,20260309105000000,000070,5,15.61,15.62,15.57,15.61,990200,15440585.0
2026-03-09 10:55:00,2026-03-09,20260309105500000,000070,5,15.6,15.64,15.58,15.62,892200,13918521.0
2026-03-09 11:00:00,2026-03-09,20260309110000000,000070,5,15.64,15.68,15.62,15.68,899600,14077907.0
2026-03-09 11:05:00,2026-03-09,20260309110500000,000070,5,15.68,15.86,15.67,15.85,2357000,37239915.0
2026-03-09 11:10:00,2026-03-09,20260309111000000,000070,5,15.85,15.96,15.85,15.92,2029460,32277795.4
2026-03-09 11:15:00,2026-03-09,20260309111500000,000070,5,15.93,15.93,15.81,15.84,912440,14468904.0
2026-03-09 11:20:00,2026-03-09,20260309112000000,000070,5,15.81,15.87,15.77,15.85,809800,12795357.0
2026-03-09 11:25:00,2026-03-09,20260309112500000,000070,5,15.85,15.88,15.7,15.7,699760,11045728.8
2026-03-09 11:30:00,2026-03-09,20260309113000000,000070,5,15.7,15.82,15.7,15.79,1061200,16730896.0
2026-03-09 13:05:00,2026-03-09,20260309130500000,000070,5,15.82,16.15,15.82,16.11,3273000,52420110.0
2026-03-09 13:10:00,2026-03-09,20260309131000000,000070,5,16.13,16.25,16.1,16.2,1736700,28095472.0
2026-03-09 13:15:00,2026-03-09,20260309131500000,000070,5,16.19,16.25,16.14,16.15,1071400,17347667.0
2026-03-09 13:20:00,2026-03-09,20260309132000000,000070,5,16.16,16.24,16.16,16.22,892300,14461310.0
2026-03-09 13:25:00,2026-03-09,20260309132500000,000070,5,16.22,16.3,16.19,16.28,1350600,21968056.0
2026-03-09 13:30:00,2026-03-09,20260309133000000,000070,5,16.28,16.33,16.22,16.22,767100,12487127.0
2026-03-09 13:35:00,2026-03-09,20260309133500000,000070,5,16.24,16.33,16.22,16.31,784700,12782209.0
2026-03-09 13:40:00,2026-03-09,20260309134000000,000070,5,16.31,16.35,16.26,16.32,1118000,18221329.0
2026-03-09 13:45:00,2026-03-09,20260309134500000,000070,5,16.32,16.44,16.3,16.42,1278000,20917572.0
2026-03-09 13:50:00,2026-03-09,20260309135000000,000070,5,16.42,16.42,16.28,16.33,770000,12581067.0
2026-03-09 13:55:00,2026-03-09,20260309135500000,000070,5,16.34,16.43,16.32,16.42,1029400,16844748.0
2026-03-09 14:00:00,2026-03-09,20260309140000000,000070,5,16.45,16.45,16.36,16.43,1006300,16501508.0
2026-03-09 14:05:00,2026-03-09,20260309140500000,000070,5,16.44,16.5,16.44,16.49,1082200,17836980.0
2026-03-09 14:10:00,2026-03-09,20260309141000000,000070,5,16.49,16.5,16.42,16.45,1128200,18575500.0
2026-03-09 14:15:00,2026-03-09,20260309141500000,000070,5,16.45,16.51,16.42,16.47,1021100,16818417.0
2026-03-09 14:20:00,2026-03-09,20260309142000000,000070,5,16.46,16.48,16.4,16.41,906500,14895286.0
2026-03-09 14:25:00,2026-03-09,20260309142500000,000070,5,16.41,16.42,16.36,16.39,884200,14499507.0
2026-03-09 14:30:00,2026-03-09,20260309143000000,000070,5,16.4,16.45,16.39,16.44,1016700,16687659.0
2026-03-09 14:35:00,2026-03-09,20260309143500000,000070,5,16.44,16.48,16.37,16.4,1602300,26316184.0
2026-03-09 14:40:00,2026-03-09,20260309144000000,000070,5,16.39,16.42,16.33,16.35,1997700,32675433.0
2026-03-09 14:45:00,2026-03-09,20260309144500000,000070,5,16.34,16.43,16.3,16.42,2080900,34035814.0
2026-03-09 14:50:00,2026-03-09,20260309145000000,000070,5,16.42,16.47,16.4,16.44,1931000,31747263.0
2026-03-09 14:55:00,2026-03-09,20260309145500000,000070,5,16.43,16.44,16.36,16.44,2683060,44017277.8
2026-03-09 15:00:00,2026-03-09,20260309150000000,000070,5,16.44,16.47,16.41,16.47,2321600,38194948.4
2026-03-10 09:35:00,2026-03-10,20260310093500000,000070,5,16.38,16.65,16.3,16.48,12607140,207025583.4
2026-03-10 09:40:00,2026-03-10,20260310094000000,000070,5,16.5,16.5,16.25,16.3,4796200,78457646.0
2026-03-10 09:45:00,2026-03-10,20260310094500000,000070,5,16.3,16.51,16.28,16.42,4041500,66302195.0
2026-03-10 09:50:00,2026-03-10,20260310095000000,000070,5,16.41,16.61,16.37,16.6,5499500,90793347.0
2026-03-10 09:55:00,2026-03-10,20260310095500000,000070,5,16.61,16.61,16.41,16.46,3383600,55892252.0
2026-03-10 10:00:00,2026-03-10,20260310100000000,000070,5,16.47,16.61,16.43,16.48,2718600,44844182.0
2026-03-10 10:05:00,2026-03-10,20260310100500000,000070,5,16.49,16.51,16.43,16.45,2210200,36402286.0
2026-03-10 10:10:00,2026-03-10,20260310101000000,000070,5,16.45,16.71,16.42,16.7,4424300,73423811.0
2026-03-10 10:15:00,2026-03-10,20260310101500000,000070,5,16.7,17.13,16.66,17.12,9453000,159613994.0
2026-03-10 10:20:00,2026-03-10,20260310102000000,000070,5,17.12,17.18,16.97,17.15,8506700,145369305.0
2026-03-10 10:25:00,2026-03-10,20260310102500000,000070,5,17.15,17.15,16.94,17.13,3714000,63197616.0
2026-03-10 10:30:00,2026-03-10,20260310103000000,000070,5,17.14,17.3,17.01,17.07,5648000,97051977.0
2026-03-10 10:35:00,2026-03-10,20260310103500000,000070,5,17.07,17.21,17.05,17.08,2792500,47861016.0
2026-03-10 10:40:00,2026-03-10,20260310104000000,000070,5,17.07,17.08,16.95,17.02,1864700,31716021.0
2026-03-10 10:45:00,2026-03-10,20260310104500000,000070,5,17.03,17.1,16.94,17.0,1691600,28768502.0
2026-03-10 10:50:00,2026-03-10,20260310105000000,000070,5,17.02,17.02,16.83,16.85,1412500,23905150.0
2026-03-10 10:55:00,2026-03-10,20260310105500000,000070,5,16.85,16.92,16.8,16.87,1441200,24275301.0
2026-03-10 11:00:00,2026-03-10,20260310110000000,000070,5,16.87,16.87,16.78,16.81,848700,14267463.8
2026-03-10 11:05:00,2026-03-10,20260310110500000,000070,5,16.81,16.83,16.75,16.75,1243900,20880873.0
2026-03-10 11:10:00,2026-03-10,20260310111000000,000070,5,16.73,16.73,16.67,16.68,1178200,19687825.0
2026-03-10 11:15:00,2026-03-10,20260310111500000,000070,5,16.68,16.68,16.55,16.55,1436700,23852654.0
2026-03-10 11:20:00,2026-03-10,20260310112000000,000070,5,16.54,16.69,16.52,16.69,1554400,25805134.0
2026-03-10 11:25:00,2026-03-10,20260310112500000,000070,5,16.7,16.7,16.6,16.62,652700,10867369.0
2026-03-10 11:30:00,2026-03-10,20260310113000000,000070,5,16.63,16.64,16.58,16.6,733600,12184953.0
2026-03-10 13:05:00,2026-03-10,20260310130500000,000070,5,16.61,17.1,16.57,17.06,4083600,68933065.0
2026-03-10 13:10:00,2026-03-10,20260310131000000,000070,5,17.04,17.06,16.93,17.06,2427740,41248534.8
2026-03-10 13:15:00,2026-03-10,20260310131500000,000070,5,17.05,17.05,16.92,16.95,1936160,32851259.2
2026-03-10 13:20:00,2026-03-10,20260310132000000,000070,5,16.97,17.08,16.96,17.01,2178250,37069603.5
2026-03-10 13:25:00,2026-03-10,20260310132500000,000070,5,17.0,17.07,16.99,17.06,1416200,24127358.0
2026-03-10 13:30:00,2026-03-10,20260310133000000,000070,5,17.05,17.15,17.05,17.12,2166600,37066494.0
2026-03-10 13:35:00,2026-03-10,20260310133500000,000070,5,17.12,17.31,17.1,17.23,4870300,84020584.4
2026-03-10 13:40:00,2026-03-10,20260310134000000,000070,5,17.2,17.3,17.18,17.24,1739700,29992123.0
2026-03-10 13:45:00,2026-03-10,20260310134500000,000070,5,17.24,17.36,17.17,17.26,3710080,64113343.8
2026-03-10 13:50:00,2026-03-10,20260310135000000,000070,5,17.26,17.32,17.22,17.22,1342200,23168778.0
2026-03-10 13:55:00,2026-03-10,20260310135500000,000070,5,17.21,17.32,17.2,17.28,1663400,28703049.0
2026-03-10 14:00:00,2026-03-10,20260310140000000,000070,5,17.28,17.35,17.26,17.29,1642100,28436878.0
2026-03-10 14:05:00,2026-03-10,20260310140500000,000070,5,17.29,17.29,17.19,17.23,1308100,22525409.0
2026-03-10 14:10:00,2026-03-10,20260310141000000,000070,5,17.23,17.31,17.21,17.3,1246400,21521462.0
2026-03-10 14:15:00,2026-03-10,20260310141500000,000070,5,17.27,17.29,17.23,17.26,921700,15906278.0
2026-03-10 14:20:00,2026-03-10,20260310142000000,000070,5,17.25,17.25,17.21,17.22,817300,14080597.0
2026-03-10 14:25:00,2026-03-10,20260310142500000,000070,5,17.22,17.28,17.21,17.26,1344300,23176306.0
2026-03-10 14:30:00,2026-03-10,20260310143000000,000070,5,17.26,17.33,17.23,17.33,1756700,30376687.0
2026-03-10 14:35:00,2026-03-10,20260310143500000,000070,5,17.33,17.37,17.32,17.34,1370400,23770128.0
2026-03-10 14:40:00,2026-03-10,20260310144000000,000070,5,17.34,17.43,17.33,17.36,2165300,37635179.4
2026-03-10 14:45:00,2026-03-10,20260310144500000,000070,5,17.36,17.43,17.35,17.42,1943400,33769537.0
2026-03-10 14:50:00,2026-03-10,20260310145000000,000070,5,17.41,17.41,17.37,17.4,2107200,36654874.0
2026-03-10 14:55:00,2026-03-10,20260310145500000,000070,5,17.4,17.44,17.4,17.44,3043940,53013927.2
2026-03-10 15:00:00,2026-03-10,20260310150000000,000070,5,17.45,17.48,17.42,17.46,3773800,65862368.0
2026-03-11 09:35:00,2026-03-11,20260311093500000,000070,5,17.4,17.86,17.3,17.82,17466084,306405484.08
2026-03-11 09:40:00,2026-03-11,20260311094000000,000070,5,17.84,18.4,17.8,18.37,21192200,381895696.8
2026-03-11 09:45:00,2026-03-11,20260311094500000,000070,5,18.38,18.54,18.3,18.34,22222500,408645637.2
2026-03-11 09:50:00,2026-03-11,20260311095000000,000070,5,18.31,18.34,18.12,18.16,11397700,208002782.0
2026-03-11 09:55:00,2026-03-11,20260311095500000,000070,5,18.15,18.28,17.91,17.91,9987100,180996395.0
2026-03-11 10:00:00,2026-03-11,20260311100000000,000070,5,17.9,17.93,17.71,17.75,8054300,143496101.0
2026-03-11 10:05:00,2026-03-11,20260311100500000,000070,5,17.76,17.86,17.58,17.74,5159400,91425705.0
2026-03-11 10:10:00,2026-03-11,20260311101000000,000070,5,17.74,17.83,17.63,17.63,3636500,64439791.0
2026-03-11 10:15:00,2026-03-11,20260311101500000,000070,5,17.61,17.78,17.53,17.78,3092300,54523672.0
2026-03-11 10:20:00,2026-03-11,20260311102000000,000070,5,17.77,17.79,17.65,17.76,3083400,54649551.0
2026-03-11 10:25:00,2026-03-11,20260311102500000,000070,5,17.76,17.78,17.56,17.61,3631000,64040094.0
2026-03-11 10:30:00,2026-03-11,20260311103000000,000070,5,17.61,17.72,17.56,17.69,1827200,32248370.0
2026-03-11 10:35:00,2026-03-11,20260311103500000,000070,5,17.69,17.75,17.59,17.74,2455900,43397680.0
2026-03-11 10:40:00,2026-03-11,20260311104000000,000070,5,17.75,17.8,17.66,17.76,1407700,24957306.0
2026-03-11 10:45:00,2026-03-11,20260311104500000,000070,5,17.76,18.13,17.75,18.1,3321100,59618921.0
2026-03-11 10:50:00,2026-03-11,20260311105000000,000070,5,18.08,18.1,17.91,17.91,2149200,38748274.75
2026-03-11 10:55:00,2026-03-11,20260311105500000,000070,5,17.9,17.92,17.82,17.9,1392900,24888509.0
2026-03-11 11:00:00,2026-03-11,20260311110000000,000070,5,17.9,17.99,17.88,17.91,1810000,32451940.0
2026-03-11 11:05:00,2026-03-11,20260311110500000,000070,5,17.91,17.94,17.78,17.79,1069800,19083190.0
2026-03-11 11:10:00,2026-03-11,20260311111000000,000070,5,17.79,17.85,17.76,17.78,1012100,17998725.0
2026-03-11 11:15:00,2026-03-11,20260311111500000,000070,5,17.77,17.94,17.77,17.79,783500,13998050.0
2026-03-11 11:20:00,2026-03-11,20260311112000000,000070,5,17.79,17.86,17.66,17.66,1458300,25909764.6
2026-03-11 11:25:00,2026-03-11,20260311112500000,000070,5,17.66,17.72,17.65,17.7,984000,17403339.0
2026-03-11 11:30:00,2026-03-11,20260311113000000,000070,5,17.7,17.72,17.68,17.71,734800,13004318.0
2026-03-11 13:05:00,2026-03-11,20260311130500000,000070,5,17.7,17.7,17.37,17.39,2917300,51046793.0
2026-03-11 13:10:00,2026-03-11,20260311131000000,000070,5,17.39,17.4,17.32,17.4,1603900,27843130.0
2026-03-11 13:15:00,2026-03-11,20260311131500000,000070,5,17.4,17.49,17.34,17.43,1594500,27760377.0
2026-03-11 13:20:00,2026-03-11,20260311132000000,000070,5,17.43,17.51,17.39,17.51,890400,15536223.0
2026-03-11 13:25:00,2026-03-11,20260311132500000,000070,5,17.5,17.51,17.42,17.42,760600,13286894.0
2026-03-11 13:30:00,2026-03-11,20260311133000000,000070,5,17.41,17.45,17.36,17.37,765300,13314997.0
2026-03-11 13:35:00,2026-03-11,20260311133500000,000070,5,17.37,17.5,17.35,17.45,993100,17298046.0
2026-03-11 13:40:00,2026-03-11,20260311134000000,000070,5,17.44,17.46,17.37,17.4,819700,14280504.0
2026-03-11 13:45:00,2026-03-11,20260311134500000,000070,5,17.38,17.5,17.38,17.46,752000,13123619.0
2026-03-11 13:50:00,2026-03-11,20260311135000000,000070,5,17.46,17.5,17.44,17.46,699100,12216921.0
2026-03-11 13:55:00,2026-03-11,20260311135500000,000070,5,17.46,17.47,17.39,17.41,581000,10121728.0
2026-03-11 14:00:00,2026-03-11,20260311140000000,000070,5,17.42,17.46,17.4,17.44,460800,8028823.0
2026-03-11 14:05:00,2026-03-11,20260311140500000,000070,5,17.44,17.49,17.42,17.44,828900,14474544.0
2026-03-11 14:10:00,2026-03-11,20260311141000000,000070,5,17.44,17.47,17.42,17.47,499100,8704568.0
2026-03-11 14:15:00,2026-03-11,20260311141500000,000070,5,17.47,17.47,17.42,17.45,632100,11022763.0
2026-03-11 14:20:00,2026-03-11,20260311142000000,000070,5,17.46,17.48,17.42,17.44,660400,11521954.0
2026-03-11 14:25:00,2026-03-11,20260311142500000,000070,5,17.45,17.45,17.41,17.45,539300,9403387.0
2026-03-11 14:30:00,2026-03-11,20260311143000000,000070,5,17.44,17.49,17.44,17.47,909800,15889858.0
2026-03-11 14:35:00,2026-03-11,20260311143500000,000070,5,17.48,17.54,17.45,17.53,1866600,32625480.0
2026-03-11 14:40:00,2026-03-11,20260311144000000,000070,5,17.52,17.57,17.51,17.53,1640200,28779571.0
2026-03-11 14:45:00,2026-03-11,20260311144500000,000070,5,17.54,17.55,17.5,17.51,1702800,29832872.0
2026-03-11 14:50:00,2026-03-11,20260311145000000,000070,5,17.51,17.55,17.5,17.51,2338900,40970998.0
2026-03-11 14:55:00,2026-03-11,20260311145500000,000070,5,17.52,17.52,17.5,17.5,1728000,30255979.0
2026-03-11 15:00:00,2026-03-11,20260311150000000,000070,5,17.5,17.51,17.47,17.47,2082700,36416666.0
2026-03-12 09:35:00,2026-03-12,20260312093500000,000070,5,17.36,18.13,17.3,17.83,16711600,294885719.0
2026-03-12 09:40:00,2026-03-12,20260312094000000,000070,5,17.84,17.85,17.6,17.75,7971102,141413036.46
2026-03-12 09:45:00,2026-03-12,20260312094500000,000070,5,17.73,18.09,17.52,18.06,9525420,170809528.8
2026-03-12 09:50:00,2026-03-12,20260312095000000,000070,5,18.06,18.45,18.06,18.2,13137100,239806044.0
2026-03-12 09:55:00,2026-03-12,20260312095500000,000070,5,18.19,18.22,17.94,17.94,5748900,104165237.0
2026-03-12 10:00:00,2026-03-12,20260312100000000,000070,5,17.93,18.13,17.9,17.98,3237700,58205187.0
2026-03-12 10:05:00,2026-03-12,20260312100500000,000070,5,17.99,17.99,17.79,17.91,2934500,52477912.0
2026-03-12 10:10:00,2026-03-12,20260312101000000,000070,5,17.9,17.91,17.75,17.75,1811700,32262430.0
2026-03-12 10:15:00,2026-03-12,20260312101500000,000070,5,17.75,17.79,17.67,17.69,2597200,46038857.4
2026-03-12 10:20:00,2026-03-12,20260312102000000,000070,5,17.69,17.74,17.66,17.71,1883100,33343247.2
2026-03-12 10:25:00,2026-03-12,20260312102500000,000070,5,17.71,17.71,17.5,17.61,2798100,49150104.0
2026-03-12 10:30:00,2026-03-12,20260312103000000,000070,5,17.59,17.72,17.59,17.63,1515900,26753295.0
2026-03-12 10:35:00,2026-03-12,20260312103500000,000070,5,17.63,17.73,17.63,17.7,999500,17668655.0
2026-03-12 10:40:00,2026-03-12,20260312104000000,000070,5,17.67,17.73,17.54,17.55,1144300,20149701.0
2026-03-12 10:45:00,2026-03-12,20260312104500000,000070,5,17.55,17.55,17.46,17.51,1597400,27951975.0
2026-03-12 10:50:00,2026-03-12,20260312105000000,000070,5,17.52,17.52,17.41,17.47,2038700,35633147.0
2026-03-12 10:55:00,2026-03-12,20260312105500000,000070,5,17.47,17.51,17.41,17.42,1008500,17605726.0
2026-03-12 11:00:00,2026-03-12,20260312110000000,000070,5,17.42,17.43,17.38,17.39,1097548,19095592.76
2026-03-12 11:05:00,2026-03-12,20260312110500000,000070,5,17.39,17.43,17.34,17.42,1211000,21049071.04
2026-03-12 11:10:00,2026-03-12,20260312111000000,000070,5,17.41,17.47,17.4,17.45,690900,12046414.0
2026-03-12 11:15:00,2026-03-12,20260312111500000,000070,5,17.45,17.64,17.44,17.58,1246300,21898620.0
2026-03-12 11:20:00,2026-03-12,20260312112000000,000070,5,17.56,17.57,17.5,17.5,430100,7540775.0
2026-03-12 11:25:00,2026-03-12,20260312112500000,000070,5,17.48,17.57,17.46,17.55,534700,9357796.0
2026-03-12 11:30:00,2026-03-12,20260312113000000,000070,5,17.55,17.55,17.46,17.5,655500,11467175.0
2026-03-12 13:05:00,2026-03-12,20260312130500000,000070,5,17.51,17.51,17.22,17.26,1880900,32606097.0
2026-03-12 13:10:00,2026-03-12,20260312131000000,000070,5,17.25,17.31,17.21,17.22,867700,14975627.0
2026-03-12 13:15:00,2026-03-12,20260312131500000,000070,5,17.22,17.23,17.15,17.19,1242500,21357207.0
2026-03-12 13:20:00,2026-03-12,20260312132000000,000070,5,17.19,17.22,17.16,17.17,899400,15457088.0
2026-03-12 13:25:00,2026-03-12,20260312132500000,000070,5,17.16,17.17,17.11,17.13,1267900,21721543.0
2026-03-12 13:30:00,2026-03-12,20260312133000000,000070,5,17.14,17.15,17.08,17.12,1211700,20744650.0
2026-03-12 13:35:00,2026-03-12,20260312133500000,000070,5,17.12,17.18,17.11,17.13,1072600,18383626.0
2026-03-12 13:40:00,2026-03-12,20260312134000000,000070,5,17.13,17.18,17.11,17.11,1086400,18622104.0
2026-03-12 13:45:00,2026-03-12,20260312134500000,000070,5,17.11,17.36,17.11,17.28,1145900,19766276.0
2026-03-12 13:50:00,2026-03-12,20260312135000000,000070,5,17.26,17.34,17.26,17.31,529400,9165436.0
2026-03-12 13:55:00,2026-03-12,20260312135500000,000070,5,17.3,17.37,17.28,17.37,488600,8463230.0
2026-03-12 14:00:00,2026-03-12,20260312140000000,000070,5,17.37,17.4,17.29,17.3,552700,9585569.0
2026-03-12 14:05:00,2026-03-12,20260312140500000,000070,5,17.31,17.38,17.29,17.37,772300,13390893.0
2026-03-12 14:10:00,2026-03-12,20260312141000000,000070,5,17.37,17.39,17.32,17.35,808700,14034863.0
2026-03-12 14:15:00,2026-03-12,20260312141500000,000070,5,17.34,17.44,17.32,17.39,645000,11220460.0
2026-03-12 14:20:00,2026-03-12,20260312142000000,000070,5,17.39,17.52,17.35,17.51,1001700,17459409.0
2026-03-12 14:25:00,2026-03-12,20260312142500000,000070,5,17.53,17.61,17.46,17.53,1677240,29445396.4
2026-03-12 14:30:00,2026-03-12,20260312143000000,000070,5,17.53,17.54,17.46,17.47,728600,12741190.0
2026-03-12 14:35:00,2026-03-12,20260312143500000,000070,5,17.44,17.55,17.41,17.54,901600,15744099.0
2026-03-12 14:40:00,2026-03-12,20260312144000000,000070,5,17.56,17.56,17.43,17.47,1321800,23102972.0
2026-03-12 14:45:00,2026-03-12,20260312144500000,000070,5,17.46,17.49,17.44,17.49,1112600,19434984.0
2026-03-12 14:50:00,2026-03-12,20260312145000000,000070,5,17.48,17.5,17.44,17.5,2250100,39318340.0
2026-03-12 14:55:00,2026-03-12,20260312145500000,000070,5,17.48,17.5,17.47,17.49,2001200,34991244.64
2026-03-12 15:00:00,2026-03-12,20260312150000000,000070,5,17.49,17.56,17.48,17.56,2397436,42043246.28
2026-03-13 09:35:00,2026-03-13,20260313093500000,000070,5,17.31,18.21,17.31,17.77,19287400,346712506.0
2026-03-13 09:40:00,2026-03-13,20260313094000000,000070,5,17.77,17.81,17.41,17.49,7152400,125997530.0
2026-03-13 09:45:00,2026-03-13,20260313094500000,000070,5,17.5,17.62,17.3,17.61,4184060,73044119.4
2026-03-13 09:50:00,2026-03-13,20260313095000000,000070,5,17.61,17.96,17.58,17.81,6062400,108030542.0
2026-03-13 09:55:00,2026-03-13,20260313095500000,000070,5,17.82,17.97,17.75,17.84,3662200,65352963.0
2026-03-13 10:00:00,2026-03-13,20260313100000000,000070,5,17.86,18.02,17.71,17.75,3307530,59098749.1
2026-03-13 10:05:00,2026-03-13,20260313100500000,000070,5,17.75,17.81,17.65,17.8,1732000,30688093.0
2026-03-13 10:10:00,2026-03-13,20260313101000000,000070,5,17.8,17.99,17.73,17.75,2991900,53601480.0
2026-03-13 10:15:00,2026-03-13,20260313101500000,000070,5,17.74,17.75,17.5,17.65,1754600,30920351.0
2026-03-13 10:20:00,2026-03-13,20260313102000000,000070,5,17.65,17.76,17.64,17.65,695100,12298189.0
2026-03-13 10:25:00,2026-03-13,20260313102500000,000070,5,17.65,17.67,17.54,17.6,789500,13903261.0
2026-03-13 10:30:00,2026-03-13,20260313103000000,000070,5,17.6,17.76,17.59,17.73,647000,11427349.0
2026-03-13 10:35:00,2026-03-13,20260313103500000,000070,5,17.73,17.73,17.65,17.68,470200,8312067.0
2026-03-13 10:40:00,2026-03-13,20260313104000000,000070,5,17.68,17.69,17.6,17.65,660700,11661035.0
2026-03-13 10:45:00,2026-03-13,20260313104500000,000070,5,17.63,17.78,17.62,17.65,904400,15997913.0
2026-03-13 10:50:00,2026-03-13,20260313105000000,000070,5,17.64,17.64,17.37,17.38,2019200,35312353.0
2026-03-13 10:55:00,2026-03-13,20260313105500000,000070,5,17.37,17.37,17.21,17.33,3034400,52435152.0
2026-03-13 11:00:00,2026-03-13,20260313110000000,000070,5,17.33,17.55,17.23,17.55,1822500,31626834.0
2026-03-13 11:05:00,2026-03-13,20260313110500000,000070,5,17.54,17.56,17.42,17.53,1036600,18138616.0
2026-03-13 11:10:00,2026-03-13,20260313111000000,000070,5,17.48,17.48,17.41,17.44,701100,12246693.0
2026-03-13 11:15:00,2026-03-13,20260313111500000,000070,5,17.43,17.5,17.35,17.35,496200,8633254.0
2026-03-13 11:20:00,2026-03-13,20260313112000000,000070,5,17.35,17.37,17.3,17.31,908000,15744184.0
2026-03-13 11:25:00,2026-03-13,20260313112500000,000070,5,17.32,17.35,17.3,17.33,920900,15952478.0
2026-03-13 11:30:00,2026-03-13,20260313113000000,000070,5,17.31,17.36,17.29,17.34,760500,13183229.0
2026-03-13 13:05:00,2026-03-13,20260313130500000,000070,5,17.34,17.43,17.27,17.4,823100,14271516.0
2026-03-13 13:10:00,2026-03-13,20260313131000000,000070,5,17.39,17.39,17.3,17.39,458400,7950280.0
2026-03-13 13:15:00,2026-03-13,20260313131500000,000070,5,17.41,17.42,17.35,17.35,530800,9226371.0
2026-03-13 13:20:00,2026-03-13,20260313132000000,000070,5,17.34,17.43,17.34,17.36,656800,11415628.0
2026-03-13 13:25:00,2026-03-13,20260313132500000,000070,5,17.35,17.36,17.25,17.27,1135500,19635438.0
2026-03-13 13:30:00,2026-03-13,20260313133000000,000070,5,17.27,17.28,17.21,17.23,1253400,21599056.0
2026-03-13 13:35:00,2026-03-13,20260313133500000,000070,5,17.23,17.31,17.23,17.28,830000,14335000.0
2026-03-13 13:40:00,2026-03-13,20260313134000000,000070,5,17.26,17.27,17.21,17.26,1113200,19186649.0
2026-03-13 13:45:00,2026-03-13,20260313134500000,000070,5,17.25,17.29,17.22,17.29,707900,12202320.0
2026-03-13 13:50:00,2026-03-13,20260313135000000,000070,5,17.29,17.45,17.29,17.32,1170600,20350674.0
2026-03-13 13:55:00,2026-03-13,20260313135500000,000070,5,17.33,17.37,17.29,17.29,410300,7113875.0
2026-03-13 14:00:00,2026-03-13,20260313140000000,000070,5,17.3,17.3,17.25,17.26,483500,8350313.0
2026-03-13 14:05:00,2026-03-13,20260313140500000,000070,5,17.27,17.28,17.2,17.2,843100,14530032.0
2026-03-13 14:10:00,2026-03-13,20260313141000000,000070,5,17.2,17.25,17.15,17.25,1719879,29565276.64
2026-03-13 14:15:00,2026-03-13,20260313141500000,000070,5,17.23,17.31,17.23,17.3,755200,13049061.0
2026-03-13 14:20:00,2026-03-13,20260313142000000,000070,5,17.3,17.3,17.26,17.26,526500,9099144.0
2026-03-13 14:25:00,2026-03-13,20260313142500000,000070,5,17.27,17.28,17.2,17.2,522100,9001516.0
2026-03-13 14:30:00,2026-03-13,20260313143000000,000070,5,17.2,17.23,17.2,17.2,629300,10830873.0
2026-03-13 14:35:00,2026-03-13,20260313143500000,000070,5,17.21,17.23,17.17,17.2,1242600,21380334.0
2026-03-13 14:40:00,2026-03-13,20260313144000000,000070,5,17.19,17.28,17.17,17.17,1165000,20043920.0
2026-03-13 14:45:00,2026-03-13,20260313144500000,000070,5,17.17,17.19,17.13,17.15,1429300,24525667.0
2026-03-13 14:50:00,2026-03-13,20260313145000000,000070,5,17.15,17.19,17.05,17.07,2460800,42125152.0
2026-03-13 14:55:00,2026-03-13,20260313145500000,000070,5,17.11,17.16,17.06,17.15,1762400,30174503.0
2026-03-13 15:00:00,2026-03-13,20260313150000000,000070,5,17.16,17.16,17.09,17.09,2587030,44238599.7
2026-03-16 09:35:00,2026-03-16,20260316093500000,000070,5,17.17,17.17,16.51,16.66,8570200,143565544.0
2026-03-16 09:40:00,2026-03-16,20260316094000000,000070,5,16.65,16.81,16.49,16.81,7397288,122651984.96
2026-03-16 09:45:00,2026-03-16,20260316094500000,000070,5,16.8,16.9,16.66,16.67,4012900,67454946.8
2026-03-16 09:50:00,2026-03-16,20260316095000000,000070,5,16.67,16.9,16.66,16.81,2570500,43158812.4
2026-03-16 09:55:00,2026-03-16,20260316095500000,000070,5,16.83,16.88,16.67,16.8,2370400,39673112.0
2026-03-16 10:00:00,2026-03-16,20260316100000000,000070,5,16.8,16.81,16.55,16.67,1520952,25337624.76
2026-03-16 10:05:00,2026-03-16,20260316100500000,000070,5,16.67,16.67,16.42,16.47,3565000,58850439.0
2026-03-16 10:10:00,2026-03-16,20260316101000000,000070,5,16.52,16.52,16.42,16.51,2229200,36716092.52
2026-03-16 10:15:00,2026-03-16,20260316101500000,000070,5,16.51,16.59,16.47,16.59,1215700,20089456.0
2026-03-16 10:20:00,2026-03-16,20260316102000000,000070,5,16.6,16.66,16.49,16.49,1344600,22271961.0
2026-03-16 10:25:00,2026-03-16,20260316102500000,000070,5,16.48,16.52,16.38,16.4,2331100,38286862.0
2026-03-16 10:30:00,2026-03-16,20260316103000000,000070,5,16.41,16.42,16.38,16.39,1067100,17494082.0
2026-03-16 10:35:00,2026-03-16,20260316103500000,000070,5,16.39,16.49,16.39,16.43,628600,10327232.0
2026-03-16 10:40:00,2026-03-16,20260316104000000,000070,5,16.43,16.5,16.39,16.48,635000,10433742.0
2026-03-16 10:45:00,2026-03-16,20260316104500000,000070,5,16.47,16.49,16.43,16.43,630000,10361714.0
2026-03-16 10:50:00,2026-03-16,20260316105000000,000070,5,16.43,16.43,16.38,16.42,556000,9121938.0
2026-03-16 10:55:00,2026-03-16,20260316105500000,000070,5,16.43,16.48,16.41,16.47,505340,8307064.2
2026-03-16 11:00:00,2026-03-16,20260316110000000,000070,5,16.48,16.48,16.36,16.37,1553440,25477844.6
2026-03-16 11:05:00,2026-03-16,20260316110500000,000070,5,16.39,16.42,16.33,16.34,1213200,19861495.0
2026-03-16 11:10:00,2026-03-16,20260316111000000,000070,5,16.34,16.36,16.29,16.34,1210900,19760149.0
2026-03-16 11:15:00,2026-03-16,20260316111500000,000070,5,16.34,16.4,16.29,16.3,763700,12474028.0
2026-03-16 11:20:00,2026-03-16,20260316112000000,000070,5,16.32,16.32,16.28,16.3,973300,15862662.0
2026-03-16 11:25:00,2026-03-16,20260316112500000,000070,5,16.29,16.33,16.26,16.33,794500,12941736.0
2026-03-16 11:30:00,2026-03-16,20260316113000000,000070,5,16.33,16.38,16.33,16.37,409000,6687309.0
2026-03-16 13:05:00,2026-03-16,20260316130500000,000070,5,16.37,16.55,16.35,16.52,1675700,27597193.0
2026-03-16 13:10:00,2026-03-16,20260316131000000,000070,5,16.52,16.6,16.48,16.6,1783102,29517967.16
2026-03-16 13:15:00,2026-03-16,20260316131500000,000070,5,16.58,16.7,16.56,16.65,995598,16569551.84
2026-03-16 13:20:00,2026-03-16,20260316132000000,000070,5,16.65,16.71,16.63,16.71,915500,15265009.0
2026-03-16 13:25:00,2026-03-16,20260316132500000,000070,5,16.7,16.77,16.68,16.76,664200,11109750.0
2026-03-16 13:30:00,2026-03-16,20260316133000000,000070,5,16.76,16.77,16.69,16.7,656700,10984321.0
2026-03-16 13:35:00,2026-03-16,20260316133500000,000070,5,16.71,16.81,16.66,16.66,1269100,21236943.0
2026-03-16 13:40:00,2026-03-16,20260316134000000,000070,5,16.66,16.76,16.63,16.72,526600,8798994.0
2026-03-16 13:45:00,2026-03-16,20260316134500000,000070,5,16.73,16.78,16.65,16.76,961800,16076687.0
2026-03-16 13:50:00,2026-03-16,20260316135000000,000070,5,16.74,16.8,16.65,16.67,666500,11142525.0
2026-03-16 13:55:00,2026-03-16,20260316135500000,000070,5,16.67,16.69,16.65,16.65,348800,5816586.0
2026-03-16 14:00:00,2026-03-16,20260316140000000,000070,5,16.65,16.66,16.6,16.62,457400,7605663.0
2026-03-16 14:05:00,2026-03-16,20260316140500000,000070,5,16.59,16.61,16.54,16.55,1234300,20445765.0
2026-03-16 14:10:00,2026-03-16,20260316141000000,000070,5,16.54,16.63,16.54,16.62,538000,8919899.0
2026-03-16 14:15:00,2026-03-16,20260316141500000,000070,5,16.64,16.66,16.62,16.63,304100,5060444.0
2026-03-16 14:20:00,2026-03-16,20260316142000000,000070,5,16.63,16.69,16.62,16.69,610600,10177567.0
2026-03-16 14:25:00,2026-03-16,20260316142500000,000070,5,16.68,16.7,16.67,16.67,406000,6773199.0
2026-03-16 14:30:00,2026-03-16,20260316143000000,000070,5,16.67,16.67,16.62,16.63,577000,9606797.0
2026-03-16 14:35:00,2026-03-16,20260316143500000,000070,5,16.63,16.69,16.59,16.66,680200,11325403.0
2026-03-16 14:40:00,2026-03-16,20260316144000000,000070,5,16.66,16.67,16.61,16.61,702600,11692759.0
2026-03-16 14:45:00,2026-03-16,20260316144500000,000070,5,16.59,16.63,16.59,16.63,846000,14051075.0
2026-03-16 14:50:00,2026-03-16,20260316145000000,000070,5,16.63,16.65,16.63,16.64,764200,12717863.0
2026-03-16 14:55:00,2026-03-16,20260316145500000,000070,5,16.63,16.67,16.62,16.67,1585200,26386684.0
2026-03-16 15:00:00,2026-03-16,20260316150000000,000070,5,16.68,16.69,16.64,16.67,1499700,24995151.0
2026-03-17 09:35:00,2026-03-17,20260317093500000,000070,5,16.75,16.8,16.13,16.27,6222200,101714407.0
2026-03-17 09:40:00,2026-03-17,20260317094000000,000070,5,16.27,16.33,16.04,16.16,3716000,60030946.0
2026-03-17 09:45:00,2026-03-17,20260317094500000,000070,5,16.15,16.16,15.97,16.08,3269034,52453618.98
2026-03-17 09:50:00,2026-03-17,20260317095000000,000070,5,16.09,16.22,16.06,16.14,1976100,31940194.0
2026-03-17 09:55:00,2026-03-17,20260317095500000,000070,5,16.15,16.24,16.1,16.1,1200700,19438908.0
2026-03-17 10:00:00,2026-03-17,20260317100000000,000070,5,16.08,16.19,16.05,16.17,1644700,26466026.0
2026-03-17 10:05:00,2026-03-17,20260317100500000,000070,5,16.19,16.2,16.07,16.07,991400,15978560.0
2026-03-17 10:10:00,2026-03-17,20260317101000000,000070,5,16.06,16.15,16.05,16.12,897600,14457137.0
2026-03-17 10:15:00,2026-03-17,20260317101500000,000070,5,16.11,16.11,15.97,15.97,2199900,35233206.0
2026-03-17 10:20:00,2026-03-17,20260317102000000,000070,5,15.96,16.0,15.91,15.98,1734200,27660338.0
2026-03-17 10:25:00,2026-03-17,20260317102500000,000070,5,15.98,16.02,15.96,15.98,1264700,20210249.0
2026-03-17 10:30:00,2026-03-17,20260317103000000,000070,5,15.98,15.98,15.92,15.96,1343600,21412794.0
2026-03-17 10:35:00,2026-03-17,20260317103500000,000070,5,15.95,16.07,15.95,16.07,856900,13711686.0
2026-03-17 10:40:00,2026-03-17,20260317104000000,000070,5,16.07,16.07,15.98,15.98,527400,8442269.0
2026-03-17 10:45:00,2026-03-17,20260317104500000,000070,5,15.99,16.01,15.92,15.98,844000,13467806.0
2026-03-17 10:50:00,2026-03-17,20260317105000000,000070,5,15.98,16.01,15.94,15.96,674700,10778623.0
2026-03-17 10:55:00,2026-03-17,20260317105500000,000070,5,15.95,15.96,15.9,15.91,664800,10585533.0
2026-03-17 11:00:00,2026-03-17,20260317110000000,000070,5,15.91,15.97,15.91,15.93,416903,6644970.79
2026-03-17 11:05:00,2026-03-17,20260317110500000,000070,5,15.92,15.93,15.88,15.91,953300,15153760.0
2026-03-17 11:10:00,2026-03-17,20260317111000000,000070,5,15.9,15.91,15.83,15.84,1048900,16637837.0
2026-03-17 11:15:00,2026-03-17,20260317111500000,000070,5,15.84,15.94,15.81,15.91,1509500,23934534.0
2026-03-17 11:20:00,2026-03-17,20260317112000000,000070,5,15.91,15.93,15.88,15.93,351380,5589708.8
2026-03-17 11:25:00,2026-03-17,20260317112500000,000070,5,15.92,15.93,15.86,15.86,257100,4084910.0
2026-03-17 11:30:00,2026-03-17,20260317113000000,000070,5,15.86,15.92,15.85,15.89,437700,6953641.0
2026-03-17 13:05:00,2026-03-17,20260317130500000,000070,5,15.89,15.98,15.89,15.93,789700,12574051.0
2026-03-17 13:10:00,2026-03-17,20260317131000000,000070,5,15.93,15.93,15.9,15.91,348800,5550938.0
2026-03-17 13:15:00,2026-03-17,20260317131500000,000070,5,15.9,15.91,15.85,15.86,581000,9220882.0
2026-03-17 13:20:00,2026-03-17,20260317132000000,000070,5,15.86,15.9,15.85,15.86,682300,10831937.0
2026-03-17 13:25:00,2026-03-17,20260317132500000,000070,5,15.86,15.88,15.82,15.83,527200,8348596.0
2026-03-17 13:30:00,2026-03-17,20260317133000000,000070,5,15.83,15.83,15.77,15.8,2598200,40983916.0
2026-03-17 13:35:00,2026-03-17,20260317133500000,000070,5,15.8,15.81,15.77,15.78,633000,9992767.0
2026-03-17 13:40:00,2026-03-17,20260317134000000,000070,5,15.77,15.8,15.75,15.78,605700,9554715.0
2026-03-17 13:45:00,2026-03-17,20260317134500000,000070,5,15.79,15.79,15.68,15.68,2308131,36254887.56
2026-03-17 13:50:00,2026-03-17,20260317135000000,000070,5,15.68,15.7,15.65,15.7,989100,15510792.0
2026-03-17 13:55:00,2026-03-17,20260317135500000,000070,5,15.69,15.7,15.65,15.69,1680460,26300818.8
2026-03-17 14:00:00,2026-03-17,20260317140000000,000070,5,15.68,15.68,15.65,15.65,711400,11142901.0
2026-03-17 14:05:00,2026-03-17,20260317140500000,000070,5,15.64,15.69,15.62,15.62,707800,11075694.0
2026-03-17 14:10:00,2026-03-17,20260317141000000,000070,5,15.62,15.65,15.6,15.65,953800,14896595.0
2026-03-17 14:15:00,2026-03-17,20260317141500000,000070,5,15.64,15.64,15.6,15.62,660900,10324321.0
2026-03-17 14:20:00,2026-03-17,20260317142000000,000070,5,15.63,15.68,15.61,15.61,722000,11292866.0
2026-03-17 14:25:00,2026-03-17,20260317142500000,000070,5,15.61,15.62,15.58,15.61,846240,13204065.0
2026-03-17 14:30:00,2026-03-17,20260317143000000,000070,5,15.61,15.62,15.58,15.59,640700,9993004.0
2026-03-17 14:35:00,2026-03-17,20260317143500000,000070,5,15.59,15.61,15.54,15.57,1029500,16031323.0
2026-03-17 14:40:00,2026-03-17,20260317144000000,000070,5,15.57,15.57,15.51,15.53,988000,15347749.0
2026-03-17 14:45:00,2026-03-17,20260317144500000,000070,5,15.52,15.57,15.48,15.49,2534100,39310378.0
2026-03-17 14:50:00,2026-03-17,20260317145000000,000070,5,15.5,15.51,15.43,15.48,3055500,47155182.0
2026-03-17 14:55:00,2026-03-17,20260317145500000,000070,5,15.49,15.49,15.42,15.42,1981600,30641914.0
2026-03-17 15:00:00,2026-03-17,20260317150000000,000070,5,15.44,15.48,15.43,15.48,1833940,28354853.2
2026-03-18 09:35:00,2026-03-18,20260318093500000,000070,5,15.74,15.74,15.4,15.54,4455900,69289328.0
2026-03-18 09:40:00,2026-03-18,20260318094000000,000070,5,15.57,15.64,15.41,15.6,2764700,42893468.0
2026-03-18 09:45:00,2026-03-18,20260318094500000,000070,5,15.6,15.73,15.59,15.59,2583441,40423023.01
2026-03-18 09:50:00,2026-03-18,20260318095000000,000070,5,15.58,15.63,15.54,15.54,1786100,27849202.0
2026-03-18 09:55:00,2026-03-18,20260318095500000,000070,5,15.56,15.57,15.42,15.42,1571480,24377683.8
2026-03-18 10:00:00,2026-03-18,20260318100000000,000070,5,15.41,15.43,15.36,15.43,1356220,20875319.2
2026-03-18 10:05:00,2026-03-18,20260318100500000,000070,5,15.44,15.52,15.42,15.49,1151100,17814963.0
2026-03-18 10:10:00,2026-03-18,20260318101000000,000070,5,15.48,15.67,15.48,15.66,1899100,29539309.0
2026-03-18 10:15:00,2026-03-18,20260318101500000,000070,5,15.65,15.75,15.6,15.63,1984100,31087456.0
2026-03-18 10:20:00,2026-03-18,20260318102000000,000070,5,15.63,15.73,15.63,15.72,1049700,16470683.0
2026-03-18 10:25:00,2026-03-18,20260318102500000,000070,5,15.72,15.73,15.59,15.62,873400,13689182.0
2026-03-18 10:30:00,2026-03-18,20260318103000000,000070,5,15.61,15.61,15.51,15.53,733700,11400467.0
2026-03-18 10:35:00,2026-03-18,20260318103500000,000070,5,15.56,15.56,15.51,15.55,622100,9662612.0
2026-03-18 10:40:00,2026-03-18,20260318104000000,000070,5,15.54,15.62,15.53,15.57,348600,5429220.0
2026-03-18 10:45:00,2026-03-18,20260318104500000,000070,5,15.57,15.59,15.55,15.56,283400,4411909.0
2026-03-18 10:50:00,2026-03-18,20260318105000000,000070,5,15.57,15.57,15.51,15.52,460400,7155029.0
2026-03-18 10:55:00,2026-03-18,20260318105500000,000070,5,15.51,15.55,15.46,15.48,652100,10117490.0
2026-03-18 11:00:00,2026-03-18,20260318110000000,000070,5,15.46,15.51,15.46,15.5,376700,5833776.0
2026-03-18 11:05:00,2026-03-18,20260318110500000,000070,5,15.5,15.55,15.5,15.52,440200,6833998.0
2026-03-18 11:10:00,2026-03-18,20260318111000000,000070,5,15.53,15.59,15.5,15.57,376700,5858388.0
2026-03-18 11:15:00,2026-03-18,20260318111500000,000070,5,15.58,15.62,15.56,15.57,512200,7986639.0
2026-03-18 11:20:00,2026-03-18,20260318112000000,000070,5,15.58,15.66,15.58,15.64,443700,6935042.0
2026-03-18 11:25:00,2026-03-18,20260318112500000,000070,5,15.64,15.65,15.58,15.58,401300,6264755.0
2026-03-18 11:30:00,2026-03-18,20260318113000000,000070,5,15.58,15.6,15.55,15.59,345400,5382370.0
2026-03-18 13:05:00,2026-03-18,20260318130500000,000070,5,15.59,15.69,15.57,15.65,753760,11783541.8
2026-03-18 13:10:00,2026-03-18,20260318131000000,000070,5,15.65,15.68,15.58,15.59,480700,7519905.0
2026-03-18 13:15:00,2026-03-18,20260318131500000,000070,5,15.59,15.59,15.54,15.56,386400,6012509.0
2026-03-18 13:20:00,2026-03-18,20260318132000000,000070,5,15.56,15.68,15.56,15.68,590900,9233926.0
2026-03-18 13:25:00,2026-03-18,20260318132500000,000070,5,15.68,15.68,15.62,15.66,432200,6765040.0
2026-03-18 13:30:00,2026-03-18,20260318133000000,000070,5,15.67,15.67,15.55,15.55,470000,7326010.0
2026-03-18 13:35:00,2026-03-18,20260318133500000,000070,5,15.56,15.57,15.5,15.53,807700,12539940.0
2026-03-18 13:40:00,2026-03-18,20260318134000000,000070,5,15.53,15.63,15.53,15.59,493500,7690106.0
2026-03-18 13:45:00,2026-03-18,20260318134500000,000070,5,15.59,15.62,15.58,15.61,368800,5753524.0
2026-03-18 13:50:00,2026-03-18,20260318135000000,000070,5,15.62,15.66,15.6,15.61,470200,7348440.0
2026-03-18 13:55:00,2026-03-18,20260318135500000,000070,5,15.61,15.62,15.58,15.59,412300,6428033.0
2026-03-18 14:00:00,2026-03-18,20260318140000000,000070,5,15.58,15.61,15.56,15.6,456500,7114425.0
2026-03-18 14:05:00,2026-03-18,20260318140500000,000070,5,15.6,15.66,15.6,15.65,705300,11023868.0
2026-03-18 14:10:00,2026-03-18,20260318141000000,000070,5,15.65,15.72,15.64,15.69,1035900,16243060.0
2026-03-18 14:15:00,2026-03-18,20260318141500000,000070,5,15.67,15.7,15.65,15.65,840700,13180385.0
2026-03-18 14:20:00,2026-03-18,20260318142000000,000070,5,15.65,15.73,15.65,15.73,699000,10973384.0
2026-03-18 14:25:00,2026-03-18,20260318142500000,000070,5,15.72,15.78,15.71,15.78,838640,13204525.2
2026-03-18 14:30:00,2026-03-18,20260318143000000,000070,5,15.77,15.78,15.74,15.75,588100,9267374.0
2026-03-18 14:35:00,2026-03-18,20260318143500000,000070,5,15.75,15.8,15.72,15.8,1247400,19661058.0
2026-03-18 14:40:00,2026-03-18,20260318144000000,000070,5,15.8,15.82,15.78,15.78,863300,13641965.0
2026-03-18 14:45:00,2026-03-18,20260318144500000,000070,5,15.79,15.89,15.78,15.88,1739400,27586217.2
2026-03-18 14:50:00,2026-03-18,20260318145000000,000070,5,15.87,15.9,15.86,15.87,1614240,25646765.0
2026-03-18 14:55:00,2026-03-18,20260318145500000,000070,5,15.86,15.89,15.85,15.89,1409600,22371847.0
2026-03-18 15:00:00,2026-03-18,20260318150000000,000070,5,15.89,15.89,15.86,15.89,1331300,21147422.0
2026-03-19 09:35:00,2026-03-19,20260319093500000,000070,5,15.48,15.64,15.45,15.52,3683500,57223517.0
2026-03-19 09:40:00,2026-03-19,20260319094000000,000070,5,15.47,15.56,15.4,15.5,2301900,35628678.0
2026-03-19 09:45:00,2026-03-19,20260319094500000,000070,5,15.5,15.74,15.5,15.59,1477300,23065360.0
2026-03-19 09:50:00,2026-03-19,20260319095000000,000070,5,15.59,15.63,15.49,15.61,2066500,32105476.0
2026-03-19 09:55:00,2026-03-19,20260319095500000,000070,5,15.62,15.77,15.59,15.67,2111300,33098204.0
2026-03-19 10:00:00,2026-03-19,20260319100000000,000070,5,15.67,15.76,15.62,15.72,873700,13714202.0
2026-03-19 10:05:00,2026-03-19,20260319100500000,000070,5,15.72,15.78,15.69,15.72,828700,13041198.0
2026-03-19 10:10:00,2026-03-19,20260319101000000,000070,5,15.71,15.71,15.55,15.55,833000,13002879.0
2026-03-19 10:15:00,2026-03-19,20260319101500000,000070,5,15.56,15.57,15.48,15.49,1102100,17087440.0
2026-03-19 10:20:00,2026-03-19,20260319102000000,000070,5,15.47,15.5,15.42,15.49,1054900,16294499.0
2026-03-19 10:25:00,2026-03-19,20260319102500000,000070,5,15.48,15.52,15.44,15.46,675500,10450809.0
2026-03-19 10:30:00,2026-03-19,20260319103000000,000070,5,15.47,15.65,15.47,15.65,497400,7726169.0
2026-03-19 10:35:00,2026-03-19,20260319103500000,000070,5,15.65,15.72,15.64,15.66,813100,12745413.0
2026-03-19 10:40:00,2026-03-19,20260319104000000,000070,5,15.66,15.74,15.66,15.72,603400,9473647.0
2026-03-19 10:45:00,2026-03-19,20260319104500000,000070,5,15.74,15.79,15.7,15.71,1027460,16188890.4
2026-03-19 10:50:00,2026-03-19,20260319105000000,000070,5,15.69,15.71,15.66,15.66,312600,4903474.0
2026-03-19 10:55:00,2026-03-19,20260319105500000,000070,5,15.66,15.66,15.62,15.62,272600,4263877.0
2026-03-19 11:00:00,2026-03-19,20260319110000000,000070,5,15.62,15.65,15.6,15.6,253100,3954102.0
2026-03-19 11:05:00,2026-03-19,20260319110500000,000070,5,15.61,15.66,15.6,15.61,374200,5848068.0
2026-03-19 11:10:00,2026-03-19,20260319111000000,000070,5,15.62,15.63,15.6,15.61,463600,7238152.0
2026-03-19 11:15:00,2026-03-19,20260319111500000,000070,5,15.61,15.62,15.53,15.53,447000,6967596.0
2026-03-19 11:20:00,2026-03-19,20260319112000000,000070,5,15.54,15.6,15.54,15.59,330600,5147467.0
2026-03-19 11:25:00,2026-03-19,20260319112500000,000070,5,15.59,15.59,15.5,15.53,519500,8075287.0
2026-03-19 11:30:00,2026-03-19,20260319113000000,000070,5,15.52,15.56,15.49,15.56,366700,5690113.0
2026-03-19 13:05:00,2026-03-19,20260319130500000,000070,5,15.57,15.57,15.44,15.46,708120,10959872.0
2026-03-19 13:10:00,2026-03-19,20260319131000000,000070,5,15.46,15.49,15.41,15.41,564500,8719445.0
2026-03-19 13:15:00,2026-03-19,20260319131500000,000070,5,15.42,15.43,15.35,15.35,1158600,17824864.0
2026-03-19 13:20:00,2026-03-19,20260319132000000,000070,5,15.35,15.35,15.26,15.3,2160100,33050423.0
2026-03-19 13:25:00,2026-03-19,20260319132500000,000070,5,15.3,15.31,15.26,15.28,761400,11633970.0
2026-03-19 13:30:00,2026-03-19,20260319133000000,000070,5,15.27,15.27,15.18,15.2,1224200,18624007.0
2026-03-19 13:35:00,2026-03-19,20260319133500000,000070,5,15.19,15.24,15.19,15.24,689200,10488656.0
2026-03-19 13:40:00,2026-03-19,20260319134000000,000070,5,15.25,15.25,15.17,15.19,796100,12095967.0
2026-03-19 13:45:00,2026-03-19,20260319134500000,000070,5,15.18,15.2,15.16,15.18,605600,9191410.0
2026-03-19 13:50:00,2026-03-19,20260319135000000,000070,5,15.17,15.18,15.14,15.18,728400,11042035.0
2026-03-19 13:55:00,2026-03-19,20260319135500000,000070,5,15.17,15.27,15.14,15.26,1094700,16647006.0
2026-03-19 14:00:00,2026-03-19,20260319140000000,000070,5,15.27,15.28,15.19,15.21,629000,9577184.0
2026-03-19 14:05:00,2026-03-19,20260319140500000,000070,5,15.19,15.26,15.15,15.26,1040200,15799991.0
2026-03-19 14:10:00,2026-03-19,20260319141000000,000070,5,15.26,15.26,15.2,15.23,910000,13850217.0
2026-03-19 14:15:00,2026-03-19,20260319141500000,000070,5,15.23,15.25,15.19,15.19,606900,9238455.0
2026-03-19 14:20:00,2026-03-19,20260319142000000,000070,5,15.18,15.21,15.16,15.16,757400,11503177.0
2026-03-19 14:25:00,2026-03-19,20260319142500000,000070,5,15.16,15.18,15.15,15.16,633800,9610421.0
2026-03-19 14:30:00,2026-03-19,20260319143000000,000070,5,15.16,15.16,15.15,15.15,645500,9782727.0
2026-03-19 14:35:00,2026-03-19,20260319143500000,000070,5,15.16,15.16,15.08,15.11,1409800,21308916.0
2026-03-19 14:40:00,2026-03-19,20260319144000000,000070,5,15.11,15.12,15.07,15.11,910900,13751757.0
2026-03-19 14:45:00,2026-03-19,20260319144500000,000070,5,15.11,15.12,15.06,15.07,866100,13075091.0
2026-03-19 14:50:00,2026-03-19,20260319145000000,000070,5,15.05,15.11,15.05,15.09,1263500,19062434.0
2026-03-19 14:55:00,2026-03-19,20260319145500000,000070,5,15.1,15.19,15.09,15.18,1282600,19412912.0
2026-03-19 15:00:00,2026-03-19,20260319150000000,000070,5,15.18,15.22,15.18,15.22,1222800,18594759.0
2026-03-20 09:35:00,2026-03-20,20260320093500000,000070,5,15.47,15.56,15.29,15.33,4097700,63309654.0
2026-03-20 09:40:00,2026-03-20,20260320094000000,000070,5,15.32,15.49,15.25,15.48,2865900,44016762.0
2026-03-20 09:45:00,2026-03-20,20260320094500000,000070,5,15.47,15.59,15.44,15.46,2491900,38690565.0
2026-03-20 09:50:00,2026-03-20,20260320095000000,000070,5,15.47,15.52,15.34,15.35,1477300,22813380.0
2026-03-20 09:55:00,2026-03-20,20260320095500000,000070,5,15.35,15.37,15.17,15.19,1495700,22836718.0
2026-03-20 10:00:00,2026-03-20,20260320100000000,000070,5,15.19,15.31,15.18,15.28,1227300,18695822.0
2026-03-20 10:05:00,2026-03-20,20260320100500000,000070,5,15.29,15.32,15.21,15.26,1301000,19868148.0
2026-03-20 10:10:00,2026-03-20,20260320101000000,000070,5,15.25,15.36,15.25,15.36,1422800,21802939.0
2026-03-20 10:15:00,2026-03-20,20260320101500000,000070,5,15.37,15.46,15.28,15.28,1448900,22287425.0
2026-03-20 10:20:00,2026-03-20,20260320102000000,000070,5,15.27,15.37,15.21,15.32,970000,14812131.0
2026-03-20 10:25:00,2026-03-20,20260320102500000,000070,5,15.32,15.4,15.29,15.33,686600,10537216.0
2026-03-20 10:30:00,2026-03-20,20260320103000000,000070,5,15.37,15.39,15.32,15.35,658000,10107986.0
2026-03-20 10:35:00,2026-03-20,20260320103500000,000070,5,15.36,15.36,15.17,15.23,1312900,20013395.0
2026-03-20 10:40:00,2026-03-20,20260320104000000,000070,5,15.23,15.25,15.08,15.08,1050000,15925294.0
2026-03-20 10:45:00,2026-03-20,20260320104500000,000070,5,15.08,15.12,15.0,15.0,1279000,19257352.0
2026-03-20 10:50:00,2026-03-20,20260320105000000,000070,5,15.0,15.07,14.98,15.07,1325300,19889503.0
2026-03-20 10:55:00,2026-03-20,20260320105500000,000070,5,15.07,15.07,14.97,14.97,1112300,16701659.0
2026-03-20 11:00:00,2026-03-20,20260320110000000,000070,5,14.97,14.97,14.87,14.88,1442220,21476494.6
2026-03-20 11:05:00,2026-03-20,20260320110500000,000070,5,14.89,14.95,14.88,14.91,795660,11861195.0
2026-03-20 11:10:00,2026-03-20,20260320111000000,000070,5,14.91,15.04,14.89,15.04,838800,12541160.0
2026-03-20 11:15:00,2026-03-20,20260320111500000,000070,5,15.06,15.09,14.98,15.05,624000,9384147.0
2026-03-20 11:20:00,2026-03-20,20260320112000000,000070,5,15.06,15.17,15.06,15.12,707900,10710189.0
2026-03-20 11:25:00,2026-03-20,20260320112500000,000070,5,15.12,15.14,15.09,15.11,474600,7173558.0
2026-03-20 11:30:00,2026-03-20,20260320113000000,000070,5,15.1,15.11,15.02,15.07,405900,6111994.0
2026-03-20 13:05:00,2026-03-20,20260320130500000,000070,5,15.07,15.12,15.0,15.06,1003700,15102358.0
2026-03-20 13:10:00,2026-03-20,20260320131000000,000070,5,15.05,15.1,15.0,15.05,462000,6952248.0
2026-03-20 13:15:00,2026-03-20,20260320131500000,000070,5,15.05,15.05,14.87,14.87,669400,9997640.0
2026-03-20 13:20:00,2026-03-20,20260320132000000,000070,5,14.87,14.92,14.83,14.91,1024600,15234577.0
2026-03-20 13:25:00,2026-03-20,20260320132500000,000070,5,14.91,14.91,14.88,14.9,478500,7127822.0
2026-03-20 13:30:00,2026-03-20,20260320133000000,000070,5,14.9,14.95,14.89,14.94,511300,7629303.0
2026-03-20 13:35:00,2026-03-20,20260320133500000,000070,5,14.95,14.96,14.91,14.92,340100,5080211.0
2026-03-20 13:40:00,2026-03-20,20260320134000000,000070,5,14.92,14.93,14.87,14.87,335700,4998063.0
2026-03-20 13:45:00,2026-03-20,20260320134500000,000070,5,14.88,14.89,14.84,14.86,532500,7911583.0
2026-03-20 13:50:00,2026-03-20,20260320135000000,000070,5,14.86,14.86,14.82,14.86,403300,5986827.0
2026-03-20 13:55:00,2026-03-20,20260320135500000,000070,5,14.87,14.87,14.82,14.82,581500,8624539.0
2026-03-20 14:00:00,2026-03-20,20260320140000000,000070,5,14.82,14.84,14.81,14.82,363000,5379008.0
2026-03-20 14:05:00,2026-03-20,20260320140500000,000070,5,14.82,14.87,14.81,14.83,571920,8481031.0
2026-03-20 14:10:00,2026-03-20,20260320141000000,000070,5,14.82,14.84,14.77,14.77,901200,13342905.0
2026-03-20 14:15:00,2026-03-20,20260320141500000,000070,5,14.75,14.78,14.75,14.76,498300,7356937.0
2026-03-20 14:20:00,2026-03-20,20260320142000000,000070,5,14.76,14.79,14.74,14.77,475600,7020157.0
2026-03-20 14:25:00,2026-03-20,20260320142500000,000070,5,14.77,14.78,14.74,14.74,496400,7327862.0
2026-03-20 14:30:00,2026-03-20,20260320143000000,000070,5,14.74,14.76,14.74,14.75,402300,5932472.0
2026-03-20 14:35:00,2026-03-20,20260320143500000,000070,5,14.74,14.76,14.69,14.69,818100,12039804.0
2026-03-20 14:40:00,2026-03-20,20260320144000000,000070,5,14.69,14.71,14.67,14.68,708500,10404295.0
2026-03-20 14:45:00,2026-03-20,20260320144500000,000070,5,14.67,14.68,14.64,14.64,771800,11316259.0
2026-03-20 14:50:00,2026-03-20,20260320145000000,000070,5,14.64,14.68,14.63,14.63,1421200,20814132.0
2026-03-20 14:55:00,2026-03-20,20260320145500000,000070,5,14.63,14.65,14.6,14.6,1535680,22462333.0
2026-03-20 15:00:00,2026-03-20,20260320150000000,000070,5,14.6,14.64,14.6,14.64,1212120,17725687.4
2026-03-23 09:35:00,2026-03-23,20260323093500000,000070,5,14.28,14.31,14.02,14.19,6886900,97639892.0
2026-03-23 09:40:00,2026-03-23,20260323094000000,000070,5,14.15,14.22,13.83,14.14,5965000,83400184.0
2026-03-23 09:45:00,2026-03-23,20260323094500000,000070,5,14.18,14.28,14.1,14.19,3651300,51884998.0
2026-03-23 09:50:00,2026-03-23,20260323095000000,000070,5,14.16,14.19,14.03,14.08,2482600,35048392.0
2026-03-23 09:55:00,2026-03-23,20260323095500000,000070,5,14.12,14.15,14.03,14.1,1970920,27781694.2
2026-03-23 10:00:00,2026-03-23,20260323100000000,000070,5,14.12,14.33,14.12,14.28,2103800,29912817.0
2026-03-23 10:05:00,2026-03-23,20260323100500000,000070,5,14.28,14.35,14.24,14.34,1502700,21497136.0
2026-03-23 10:10:00,2026-03-23,20260323101000000,000070,5,14.33,14.42,14.33,14.4,1196800,17204368.0
2026-03-23 10:15:00,2026-03-23,20260323101500000,000070,5,14.41,14.41,14.26,14.26,1231700,17674252.0
2026-03-23 10:20:00,2026-03-23,20260323102000000,000070,5,14.26,14.35,14.25,14.33,1024600,14636405.0
2026-03-23 10:25:00,2026-03-23,20260323102500000,000070,5,14.32,14.34,14.23,14.25,1322700,18907427.0
2026-03-23 10:30:00,2026-03-23,20260323103000000,000070,5,14.26,14.26,14.16,14.17,737600,10485548.0
2026-03-23 10:35:00,2026-03-23,20260323103500000,000070,5,14.18,14.26,14.17,14.2,996800,14168700.0
2026-03-23 10:40:00,2026-03-23,20260323104000000,000070,5,14.21,14.3,14.2,14.26,680800,9695427.4
2026-03-23 10:45:00,2026-03-23,20260323104500000,000070,5,14.26,14.33,14.25,14.29,715460,10219102.2
2026-03-23 10:50:00,2026-03-23,20260323105000000,000070,5,14.29,14.31,14.24,14.28,1111200,15869900.0
2026-03-23 10:55:00,2026-03-23,20260323105500000,000070,5,14.26,14.28,14.18,14.18,782700,11136556.0
2026-03-23 11:00:00,2026-03-23,20260323110000000,000070,5,14.18,14.28,14.17,14.24,289100,4110856.0
2026-03-23 11:05:00,2026-03-23,20260323110500000,000070,5,14.24,14.3,14.21,14.28,524300,7472592.0
2026-03-23 11:10:00,2026-03-23,20260323111000000,000070,5,14.28,14.29,14.18,14.19,343800,4890584.0
2026-03-23 11:15:00,2026-03-23,20260323111500000,000070,5,14.18,14.2,14.12,14.15,429500,6081316.0
2026-03-23 11:20:00,2026-03-23,20260323112000000,000070,5,14.14,14.17,14.12,14.12,444800,6291656.0
2026-03-23 11:25:00,2026-03-23,20260323112500000,000070,5,14.12,14.15,14.09,14.12,432300,6103461.0
2026-03-23 11:30:00,2026-03-23,20260323113000000,000070,5,14.11,14.11,14.04,14.05,524000,7369150.0
2026-03-23 13:05:00,2026-03-23,20260323130500000,000070,5,14.0,14.14,13.99,14.1,2800640,39307079.0
2026-03-23 13:10:00,2026-03-23,20260323131000000,000070,5,14.09,14.09,13.95,13.95,893800,12527926.0
2026-03-23 13:15:00,2026-03-23,20260323131500000,000070,5,13.95,14.02,13.92,13.98,970900,13549720.0
2026-03-23 13:20:00,2026-03-23,20260323132000000,000070,5,13.98,13.98,13.88,13.88,917000,12743559.0
2026-03-23 13:25:00,2026-03-23,20260323132500000,000070,5,13.88,13.9,13.83,13.88,905000,12542002.0
2026-03-23 13:30:00,2026-03-23,20260323133000000,000070,5,13.88,13.9,13.82,13.82,810700,11235536.0
2026-03-23 13:35:00,2026-03-23,20260323133500000,000070,5,13.83,13.91,13.79,13.9,1310800,18145721.0
2026-03-23 13:40:00,2026-03-23,20260323134000000,000070,5,13.9,13.95,13.84,13.9,940800,13072639.0
2026-03-23 13:45:00,2026-03-23,20260323134500000,000070,5,13.91,13.91,13.76,13.76,508100,7027691.0
2026-03-23 13:50:00,2026-03-23,20260323135000000,000070,5,13.77,13.82,13.73,13.74,729100,10039060.0
2026-03-23 13:55:00,2026-03-23,20260323135500000,000070,5,13.74,13.76,13.68,13.7,1019800,13993309.0
2026-03-23 14:00:00,2026-03-23,20260323140000000,000070,5,13.7,13.87,13.69,13.8,910800,12549908.0
2026-03-23 14:05:00,2026-03-23,20260323140500000,000070,5,13.81,13.86,13.73,13.73,751000,10346758.0
2026-03-23 14:10:00,2026-03-23,20260323141000000,000070,5,13.74,13.74,13.67,13.7,824700,11291487.0
2026-03-23 14:15:00,2026-03-23,20260323141500000,000070,5,13.72,13.72,13.6,13.63,717200,9803192.0
2026-03-23 14:20:00,2026-03-23,20260323142000000,000070,5,13.63,13.72,13.62,13.71,966500,13202585.0
2026-03-23 14:25:00,2026-03-23,20260323142500000,000070,5,13.72,13.75,13.59,13.75,1583400,21670781.0
2026-03-23 14:30:00,2026-03-23,20260323143000000,000070,5,13.72,13.83,13.68,13.74,719600,9898305.0
2026-03-23 14:35:00,2026-03-23,20260323143500000,000070,5,13.74,13.76,13.6,13.62,666700,9128590.0
2026-03-23 14:40:00,2026-03-23,20260323144000000,000070,5,13.62,13.65,13.6,13.62,914200,12448015.0
2026-03-23 14:45:00,2026-03-23,20260323144500000,000070,5,13.62,13.65,13.59,13.6,977700,13311155.0
2026-03-23 14:50:00,2026-03-23,20260323145000000,000070,5,13.59,13.59,13.51,13.53,2873700,38769407.0
2026-03-23 14:55:00,2026-03-23,20260323145500000,000070,5,13.52,13.56,13.45,13.48,5092890,68629889.0
2026-03-23 15:00:00,2026-03-23,20260323150000000,000070,5,13.48,13.6,13.47,13.6,1724800,23314936.0
2026-03-24 09:35:00,2026-03-24,20260324093500000,000070,5,14.0,14.0,13.71,13.95,6141000,85256234.0
2026-03-24 09:40:00,2026-03-24,20260324094000000,000070,5,13.94,14.08,13.89,14.04,4216500,59025642.0
2026-03-24 09:45:00,2026-03-24,20260324094500000,000070,5,14.07,14.1,13.83,13.93,2954000,41307451.0
2026-03-24 09:50:00,2026-03-24,20260324095000000,000070,5,13.93,14.09,13.86,14.01,3410920,47729491.0
2026-03-24 09:55:00,2026-03-24,20260324095500000,000070,5,14.01,14.26,13.98,14.09,5976900,84509177.0
2026-03-24 10:00:00,2026-03-24,20260324100000000,000070,5,14.1,14.1,13.97,13.97,1649100,23190835.0
2026-03-24 10:05:00,2026-03-24,20260324100500000,000070,5,13.98,14.0,13.9,13.9,1187600,16565858.0
2026-03-24 10:10:00,2026-03-24,20260324101000000,000070,5,13.88,13.96,13.86,13.91,980200,13647106.0
2026-03-24 10:15:00,2026-03-24,20260324101500000,000070,5,13.91,13.98,13.83,13.84,1121500,15594606.0
2026-03-24 10:20:00,2026-03-24,20260324102000000,000070,5,13.83,13.84,13.78,13.84,1069100,14757201.0
2026-03-24 10:25:00,2026-03-24,20260324102500000,000070,5,13.85,13.95,13.84,13.91,683800,9503120.0
2026-03-24 10:30:00,2026-03-24,20260324103000000,000070,5,13.89,13.98,13.87,13.97,515600,7183041.0
2026-03-24 10:35:00,2026-03-24,20260324103500000,000070,5,14.02,14.23,14.02,14.18,3978500,56147425.0
2026-03-24 10:40:00,2026-03-24,20260324104000000,000070,5,14.18,14.23,14.13,14.2,1648440,23365497.0
2026-03-24 10:45:00,2026-03-24,20260324104500000,000070,5,14.19,14.33,14.17,14.33,2271200,32383899.0
2026-03-24 10:50:00,2026-03-24,20260324105000000,000070,5,14.33,14.35,14.23,14.32,1536500,21948450.0
2026-03-24 10:55:00,2026-03-24,20260324105500000,000070,5,14.31,14.31,14.21,14.27,868300,12390247.0
2026-03-24 11:00:00,2026-03-24,20260324110000000,000070,5,14.27,14.28,14.2,14.24,463900,6607889.0
2026-03-24 11:05:00,2026-03-24,20260324110500000,000070,5,14.24,14.28,14.2,14.24,622700,8860894.0
2026-03-24 11:10:00,2026-03-24,20260324111000000,000070,5,14.23,14.27,14.16,14.17,818300,11628022.0
2026-03-24 11:15:00,2026-03-24,20260324111500000,000070,5,14.18,14.21,14.13,14.18,743600,10532040.0
2026-03-24 11:20:00,2026-03-24,20260324112000000,000070,5,14.18,14.24,14.15,14.15,322900,4583202.0
2026-03-24 11:25:00,2026-03-24,20260324112500000,000070,5,14.15,14.19,14.14,14.16,211600,2996939.0
2026-03-24 11:30:00,2026-03-24,20260324113000000,000070,5,14.17,14.17,14.12,14.14,297900,4213994.0
2026-03-24 13:05:00,2026-03-24,20260324130500000,000070,5,14.14,14.15,13.98,13.99,1092200,15325259.0
2026-03-24 13:10:00,2026-03-24,20260324131000000,000070,5,13.98,13.99,13.92,13.93,577100,8051597.0
2026-03-24 13:15:00,2026-03-24,20260324131500000,000070,5,13.93,13.96,13.92,13.92,513700,7160754.0
2026-03-24 13:20:00,2026-03-24,20260324132000000,000070,5,13.92,13.94,13.9,13.92,549400,7644751.0
2026-03-24 13:25:00,2026-03-24,20260324132500000,000070,5,13.92,13.94,13.88,13.89,802800,11166732.0
2026-03-24 13:30:00,2026-03-24,20260324133000000,000070,5,13.89,13.89,13.86,13.89,619300,8592300.0
2026-03-24 13:35:00,2026-03-24,20260324133500000,000070,5,13.89,14.05,13.88,14.04,803900,11219092.0
2026-03-24 13:40:00,2026-03-24,20260324134000000,000070,5,14.04,14.09,14.01,14.05,684900,9623949.0
2026-03-24 13:45:00,2026-03-24,20260324134500000,000070,5,14.05,14.09,14.02,14.02,513600,7219724.0
2026-03-24 13:50:00,2026-03-24,20260324135000000,000070,5,14.02,14.06,14.0,14.0,589900,8273746.0
2026-03-24 13:55:00,2026-03-24,20260324135500000,000070,5,14.01,14.03,13.96,13.97,485900,6803179.0
2026-03-24 14:00:00,2026-03-24,20260324140000000,000070,5,13.97,14.03,13.96,14.0,458900,6424111.0
2026-03-24 14:05:00,2026-03-24,20260324140500000,000070,5,14.0,14.08,14.0,14.05,608900,8552943.0
2026-03-24 14:10:00,2026-03-24,20260324141000000,000070,5,14.06,14.13,14.05,14.11,476700,6717076.0
2026-03-24 14:15:00,2026-03-24,20260324141500000,000070,5,14.12,14.22,14.1,14.2,722600,10223282.0
2026-03-24 14:20:00,2026-03-24,20260324142000000,000070,5,14.21,14.26,14.18,14.24,957000,13613436.0
2026-03-24 14:25:00,2026-03-24,20260324142500000,000070,5,14.24,14.32,14.24,14.32,1098900,15704677.0
2026-03-24 14:30:00,2026-03-24,20260324143000000,000070,5,14.31,14.35,14.27,14.34,1614700,23103877.0
2026-03-24 14:35:00,2026-03-24,20260324143500000,000070,5,14.33,14.48,14.33,14.46,2120400,30544577.0
2026-03-24 14:40:00,2026-03-24,20260324144000000,000070,5,14.46,14.48,14.37,14.37,1374700,19839345.0
2026-03-24 14:45:00,2026-03-24,20260324144500000,000070,5,14.38,14.42,14.38,14.41,847200,12203633.0
2026-03-24 14:50:00,2026-03-24,20260324145000000,000070,5,14.41,14.43,14.38,14.39,1295300,18664774.0
2026-03-24 14:55:00,2026-03-24,20260324145500000,000070,5,14.4,14.42,14.39,14.42,1521900,21921255.0
2026-03-24 15:00:00,2026-03-24,20260324150000000,000070,5,14.41,14.43,14.38,14.42,1561000,22495527.0
2026-03-25 09:35:00,2026-03-25,20260325093500000,000070,5,14.95,15.36,14.95,15.35,11645920,175719804.2
2026-03-25 09:40:00,2026-03-25,20260325094000000,000070,5,15.38,15.86,15.38,15.86,22701060,358405924.6
2026-03-25 09:45:00,2026-03-25,20260325094500000,000070,5,15.86,15.86,15.86,15.86,1019920,16175931.2
2026-03-25 09:50:00,2026-03-25,20260325095000000,000070,5,15.86,15.86,15.86,15.86,877100,13910806.0
2026-03-25 09:55:00,2026-03-25,20260325095500000,000070,5,15.86,15.86,15.86,15.86,358700,5688982.0
2026-03-25 10:00:00,2026-03-25,20260325100000000,000070,5,15.86,15.86,15.86,15.86,273400,4336124.0
2026-03-25 10:05:00,2026-03-25,20260325100500000,000070,5,15.86,15.86,15.86,15.86,217600,3451136.0
2026-03-25 10:10:00,2026-03-25,20260325101000000,000070,5,15.86,15.86,15.86,15.86,306200,4856332.0
2026-03-25 10:15:00,2026-03-25,20260325101500000,000070,5,15.86,15.86,15.86,15.86,200600,3181516.0
2026-03-25 10:20:00,2026-03-25,20260325102000000,000070,5,15.86,15.86,15.86,15.86,176700,2802462.0
2026-03-25 10:25:00,2026-03-25,20260325102500000,000070,5,15.86,15.86,15.86,15.86,174500,2767570.0
2026-03-25 10:30:00,2026-03-25,20260325103000000,000070,5,15.86,15.86,15.86,15.86,141500,2244190.0
2026-03-25 10:35:00,2026-03-25,20260325103500000,000070,5,15.86,15.86,15.86,15.86,82200,1303692.0
2026-03-25 10:40:00,2026-03-25,20260325104000000,000070,5,15.86,15.86,15.86,15.86,113500,1800110.0
2026-03-25 10:45:00,2026-03-25,20260325104500000,000070,5,15.86,15.86,15.86,15.86,62200,986492.0
2026-03-25 10:50:00,2026-03-25,20260325105000000,000070,5,15.86,15.86,15.86,15.86,51500,816790.0
2026-03-25 10:55:00,2026-03-25,20260325105500000,000070,5,15.86,15.86,15.86,15.86,87404,1386227.44
2026-03-25 11:00:00,2026-03-25,20260325110000000,000070,5,15.86,15.86,15.86,15.86,68700,1089582.0
2026-03-25 11:05:00,2026-03-25,20260325110500000,000070,5,15.86,15.86,15.86,15.86,58200,923052.0
2026-03-25 11:10:00,2026-03-25,20260325111000000,000070,5,15.86,15.86,15.86,15.86,92100,1460706.0
2026-03-25 11:15:00,2026-03-25,20260325111500000,000070,5,15.86,15.86,15.86,15.86,359700,5704842.0
2026-03-25 11:20:00,2026-03-25,20260325112000000,000070,5,15.86,15.86,15.86,15.86,104700,1660542.0
2026-03-25 11:25:00,2026-03-25,20260325112500000,000070,5,15.86,15.86,15.86,15.86,110300,1749358.0
2026-03-25 11:30:00,2026-03-25,20260325113000000,000070,5,15.86,15.86,15.86,15.86,68240,1082286.4
2026-03-25 13:05:00,2026-03-25,20260325130500000,000070,5,15.86,15.86,15.86,15.86,165600,2626416.0
2026-03-25 13:10:00,2026-03-25,20260325131000000,000070,5,15.86,15.86,15.86,15.86,53800,853268.0
2026-03-25 13:15:00,2026-03-25,20260325131500000,000070,5,15.86,15.86,15.86,15.86,48800,773968.0
2026-03-25 13:20:00,2026-03-25,20260325132000000,000070,5,15.86,15.86,15.86,15.86,58800,932568.0
2026-03-25 13:25:00,2026-03-25,20260325132500000,000070,5,15.86,15.86,15.86,15.86,20500,325130.0
2026-03-25 13:30:00,2026-03-25,20260325133000000,000070,5,15.86,15.86,15.86,15.86,50700,804102.0
2026-03-25 13:35:00,2026-03-25,20260325133500000,000070,5,15.86,15.86,15.86,15.86,49700,788242.0
2026-03-25 13:40:00,2026-03-25,20260325134000000,000070,5,15.86,15.86,15.86,15.86,37900,601094.0
2026-03-25 13:45:00,2026-03-25,20260325134500000,000070,5,15.86,15.86,15.86,15.86,43200,685152.0
2026-03-25 13:50:00,2026-03-25,20260325135000000,000070,5,15.86,15.86,15.86,15.86,40500,642330.0
2026-03-25 13:55:00,2026-03-25,20260325135500000,000070,5,15.86,15.86,15.86,15.86,28300,448838.0
2026-03-25 14:00:00,2026-03-25,20260325140000000,000070,5,15.86,15.86,15.86,15.86,38500,610610.0
2026-03-25 14:05:00,2026-03-25,20260325140500000,000070,5,15.86,15.86,15.86,15.86,26900,426634.0
2026-03-25 14:10:00,2026-03-25,20260325141000000,000070,5,15.86,15.86,15.86,15.86,31800,504348.0
2026-03-25 14:15:00,2026-03-25,20260325141500000,000070,5,15.86,15.86,15.86,15.86,28502,452041.72
2026-03-25 14:20:00,2026-03-25,20260325142000000,000070,5,15.86,15.86,15.86,15.86,40600,643916.0
2026-03-25 14:25:00,2026-03-25,20260325142500000,000070,5,15.86,15.86,15.86,15.86,92100,1460706.0
2026-03-25 14:30:00,2026-03-25,20260325143000000,000070,5,15.86,15.86,15.86,15.86,35200,558272.0
2026-03-25 14:35:00,2026-03-25,20260325143500000,000070,5,15.86,15.86,15.86,15.86,32200,510692.0
2026-03-25 14:40:00,2026-03-25,20260325144000000,000070,5,15.86,15.86,15.86,15.86,75300,1194258.0
2026-03-25 14:45:00,2026-03-25,20260325144500000,000070,5,15.86,15.86,15.86,15.86,49200,780312.0
2026-03-25 14:50:00,2026-03-25,20260325145000000,000070,5,15.86,15.86,15.86,15.86,68100,1080066.0
2026-03-25 14:55:00,2026-03-25,20260325145500000,000070,5,15.86,15.86,15.86,15.86,45520,721947.2
2026-03-25 15:00:00,2026-03-25,20260325150000000,000070,5,15.86,15.86,15.86,15.86,182500,2894450.0
2026-03-26 09:35:00,2026-03-26,20260326093500000,000070,5,15.68,16.18,15.5,16.18,29468366,468496993.7
2026-03-26 09:40:00,2026-03-26,20260326094000000,000070,5,16.16,16.16,15.8,15.98,11136400,177795541.0
2026-03-26 09:45:00,2026-03-26,20260326094500000,000070,5,15.98,16.06,15.79,15.82,7323500,116484397.0
2026-03-26 09:50:00,2026-03-26,20260326095000000,000070,5,15.8,15.85,15.7,15.75,4218520,66531593.2
2026-03-26 09:55:00,2026-03-26,20260326095500000,000070,5,15.74,15.75,15.62,15.73,3463100,54337634.0
2026-03-26 10:00:00,2026-03-26,20260326100000000,000070,5,15.72,15.96,15.72,15.95,3704100,58702248.0
2026-03-26 10:05:00,2026-03-26,20260326100500000,000070,5,15.93,16.0,15.88,15.92,3496100,55744325.6
2026-03-26 10:10:00,2026-03-26,20260326101000000,000070,5,15.91,16.26,15.91,16.15,7923000,127775989.0
2026-03-26 10:15:00,2026-03-26,20260326101500000,000070,5,16.14,16.22,16.05,16.17,6527100,105288958.0
2026-03-26 10:20:00,2026-03-26,20260326102000000,000070,5,16.18,16.19,15.98,16.01,3981800,64053940.0
2026-03-26 10:25:00,2026-03-26,20260326102500000,000070,5,16.0,16.05,15.92,15.93,2362200,37752394.0
2026-03-26 10:30:00,2026-03-26,20260326103000000,000070,5,15.92,15.92,15.83,15.88,1670900,26527522.0
2026-03-26 10:35:00,2026-03-26,20260326103500000,000070,5,15.88,15.93,15.85,15.85,1947100,30942447.0
2026-03-26 10:40:00,2026-03-26,20260326104000000,000070,5,15.85,15.9,15.78,15.81,1430800,22668987.0
2026-03-26 10:45:00,2026-03-26,20260326104500000,000070,5,15.8,15.9,15.8,15.87,1307900,20736584.0
2026-03-26 10:50:00,2026-03-26,20260326105000000,000070,5,15.87,15.92,15.85,15.86,1165900,18510178.0
2026-03-26 10:55:00,2026-03-26,20260326105500000,000070,5,15.87,15.9,15.84,15.9,1364500,21646858.0
2026-03-26 11:00:00,2026-03-26,20260326110000000,000070,5,15.9,15.92,15.82,15.9,1491600,23664902.0
2026-03-26 11:05:00,2026-03-26,20260326110500000,000070,5,15.9,15.92,15.85,15.91,1037900,16491905.0
2026-03-26 11:10:00,2026-03-26,20260326111000000,000070,5,15.9,15.9,15.81,15.83,1232600,19538742.0
2026-03-26 11:15:00,2026-03-26,20260326111500000,000070,5,15.84,15.9,15.82,15.9,928600,14729730.0
2026-03-26 11:20:00,2026-03-26,20260326112000000,000070,5,15.89,15.9,15.82,15.83,1203700,19086920.0
2026-03-26 11:25:00,2026-03-26,20260326112500000,000070,5,15.83,15.86,15.8,15.85,1136000,17985682.0
2026-03-26 11:30:00,2026-03-26,20260326113000000,000070,5,15.86,15.86,15.78,15.8,1072000,16951489.0
2026-03-26 13:05:00,2026-03-26,20260326130500000,000070,5,15.79,15.8,15.66,15.7,1818700,28575283.0
2026-03-26 13:10:00,2026-03-26,20260326131000000,000070,5,15.71,15.71,15.64,15.66,1133000,17761882.0
2026-03-26 13:15:00,2026-03-26,20260326131500000,000070,5,15.65,15.67,15.59,15.61,1639560,25619499.4
2026-03-26 13:20:00,2026-03-26,20260326132000000,000070,5,15.61,15.64,15.57,15.57,1292700,20166625.0
2026-03-26 13:25:00,2026-03-26,20260326132500000,000070,5,15.57,15.57,15.51,15.55,1587800,24676053.0
2026-03-26 13:30:00,2026-03-26,20260326133000000,000070,5,15.55,15.56,15.52,15.55,1125300,17484268.0
2026-03-26 13:35:00,2026-03-26,20260326133500000,000070,5,15.54,15.58,15.51,15.55,1298200,20173077.0
2026-03-26 13:40:00,2026-03-26,20260326134000000,000070,5,15.56,15.61,15.53,15.53,1008500,15705251.0
2026-03-26 13:45:00,2026-03-26,20260326134500000,000070,5,15.53,15.61,15.53,15.57,1221700,19029285.0
2026-03-26 13:50:00,2026-03-26,20260326135000000,000070,5,15.57,15.59,15.55,15.56,754100,11740814.0
2026-03-26 13:55:00,2026-03-26,20260326135500000,000070,5,15.57,15.59,15.54,15.56,640660,9969651.6
2026-03-26 14:00:00,2026-03-26,20260326140000000,000070,5,15.56,15.62,15.56,15.59,906600,14133487.0
2026-03-26 14:05:00,2026-03-26,20260326140500000,000070,5,15.58,15.66,15.56,15.65,815000,12720653.0
2026-03-26 14:10:00,2026-03-26,20260326141000000,000070,5,15.65,15.72,15.63,15.69,1208800,18946237.0
2026-03-26 14:15:00,2026-03-26,20260326141500000,000070,5,15.69,15.69,15.61,15.62,659400,10328169.0
2026-03-26 14:20:00,2026-03-26,20260326142000000,000070,5,15.61,15.62,15.54,15.55,1096000,17078496.0
2026-03-26 14:25:00,2026-03-26,20260326142500000,000070,5,15.55,15.57,15.53,15.55,537900,8364061.0
2026-03-26 14:30:00,2026-03-26,20260326143000000,000070,5,15.55,15.57,15.54,15.57,692900,10773844.0
2026-03-26 14:35:00,2026-03-26,20260326143500000,000070,5,15.57,15.59,15.51,15.58,1428420,22205077.2
2026-03-26 14:40:00,2026-03-26,20260326144000000,000070,5,15.58,15.6,15.47,15.49,1789200,27782097.0
2026-03-26 14:45:00,2026-03-26,20260326144500000,000070,5,15.49,15.53,15.48,15.51,1475000,22865092.0
2026-03-26 14:50:00,2026-03-26,20260326145000000,000070,5,15.51,15.55,15.5,15.54,1570360,24370060.2
2026-03-26 14:55:00,2026-03-26,20260326145500000,000070,5,15.55,15.62,15.54,15.6,1657400,25827560.0
2026-03-26 15:00:00,2026-03-26,20260326150000000,000070,5,15.6,15.62,15.56,15.56,2042600,31819238.0
2026-03-27 09:35:00,2026-03-27,20260327093500000,000070,5,15.09,15.24,14.93,14.95,13257200,200309596.0
2026-03-27 09:40:00,2026-03-27,20260327094000000,000070,5,14.96,15.35,14.93,15.19,4759600,71917073.0
2026-03-27 09:45:00,2026-03-27,20260327094500000,000070,5,15.15,15.24,15.06,15.09,2583300,39158634.0
2026-03-27 09:50:00,2026-03-27,20260327095000000,000070,5,15.09,15.15,15.0,15.15,2507700,37755183.0
2026-03-27 09:55:00,2026-03-27,20260327095500000,000070,5,15.14,15.35,15.14,15.31,2178400,33263792.0
2026-03-27 10:00:00,2026-03-27,20260327100000000,000070,5,15.31,15.42,15.28,15.34,1558400,23923075.0
2026-03-27 10:05:00,2026-03-27,20260327100500000,000070,5,15.33,15.38,15.23,15.33,2203100,33749062.0
2026-03-27 10:10:00,2026-03-27,20260327101000000,000070,5,15.31,15.51,15.31,15.45,1591500,24555325.0
2026-03-27 10:15:00,2026-03-27,20260327101500000,000070,5,15.44,15.64,15.43,15.6,1905860,29649599.0
2026-03-27 10:20:00,2026-03-27,20260327102000000,000070,5,15.59,15.59,15.39,15.46,1260100,19522140.0
2026-03-27 10:25:00,2026-03-27,20260327102500000,000070,5,15.45,15.49,15.38,15.49,1471100,22699271.0
2026-03-27 10:30:00,2026-03-27,20260327103000000,000070,5,15.51,15.7,15.51,15.54,2650800,41417287.0
2026-03-27 10:35:00,2026-03-27,20260327103500000,000070,5,15.55,15.65,15.55,15.65,1363900,21279320.0
2026-03-27 10:40:00,2026-03-27,20260327104000000,000070,5,15.65,15.65,15.46,15.51,1189300,18488367.0
2026-03-27 10:45:00,2026-03-27,20260327104500000,000070,5,15.5,15.56,15.47,15.47,926100,14363108.0
2026-03-27 10:50:00,2026-03-27,20260327105000000,000070,5,15.47,15.56,15.46,15.51,1076800,16684658.0
2026-03-27 10:55:00,2026-03-27,20260327105500000,000070,5,15.5,15.57,15.46,15.49,833200,12930577.0
2026-03-27 11:00:00,2026-03-27,20260327110000000,000070,5,15.48,15.6,15.46,15.57,987100,15314442.0
2026-03-27 11:05:00,2026-03-27,20260327110500000,000070,5,15.58,15.64,15.55,15.56,919200,14345961.0
2026-03-27 11:10:00,2026-03-27,20260327111000000,000070,5,15.55,15.73,15.55,15.73,1400200,21918930.0
2026-03-27 11:15:00,2026-03-27,20260327111500000,000070,5,15.74,15.78,15.67,15.68,1552300,24447439.0
2026-03-27 11:20:00,2026-03-27,20260327112000000,000070,5,15.68,15.72,15.64,15.7,828300,12989899.0
2026-03-27 11:25:00,2026-03-27,20260327112500000,000070,5,15.7,15.89,15.69,15.89,2722700,43099005.0
2026-03-27 11:30:00,2026-03-27,20260327113000000,000070,5,15.89,15.91,15.85,15.9,2257700,35870893.0
2026-03-27 13:05:00,2026-03-27,20260327130500000,000070,5,15.91,15.94,15.68,15.68,2317100,36608608.0
2026-03-27 13:10:00,2026-03-27,20260327131000000,000070,5,15.68,15.78,15.67,15.71,1047000,16460439.0
2026-03-27 13:15:00,2026-03-27,20260327131500000,000070,5,15.71,15.73,15.62,15.73,1068600,16761878.0
2026-03-27 13:20:00,2026-03-27,20260327132000000,000070,5,15.71,15.82,15.66,15.8,1159600,18269153.0
2026-03-27 13:25:00,2026-03-27,20260327132500000,000070,5,15.8,15.92,15.8,15.85,2113500,33533890.0
2026-03-27 13:30:00,2026-03-27,20260327133000000,000070,5,15.85,15.87,15.8,15.81,731000,11572469.0
2026-03-27 13:35:00,2026-03-27,20260327133500000,000070,5,15.8,15.83,15.73,15.74,664800,10498946.0
2026-03-27 13:40:00,2026-03-27,20260327134000000,000070,5,15.74,15.79,15.7,15.76,654200,10303286.0
2026-03-27 13:45:00,2026-03-27,20260327134500000,000070,5,15.74,15.74,15.68,15.68,1092900,17169398.0
2026-03-27 13:50:00,2026-03-27,20260327135000000,000070,5,15.68,15.74,15.68,15.72,766100,12039747.0
2026-03-27 13:55:00,2026-03-27,20260327135500000,000070,5,15.72,15.85,15.71,15.8,1580300,24986976.0
2026-03-27 14:00:00,2026-03-27,20260327140000000,000070,5,15.8,15.81,15.72,15.72,573900,9046581.0
2026-03-27 14:05:00,2026-03-27,20260327140500000,000070,5,15.73,15.75,15.69,15.71,710000,11155928.0
2026-03-27 14:10:00,2026-03-27,20260327141000000,000070,5,15.72,15.73,15.65,15.66,691300,10847128.0
2026-03-27 14:15:00,2026-03-27,20260327141500000,000070,5,15.67,15.72,15.66,15.71,734600,11526882.0
2026-03-27 14:20:00,2026-03-27,20260327142000000,000070,5,15.71,15.73,15.67,15.69,688800,10816453.0
2026-03-27 14:25:00,2026-03-27,20260327142500000,000070,5,15.69,15.7,15.67,15.68,711800,11161476.0
2026-03-27 14:30:00,2026-03-27,20260327143000000,000070,5,15.68,15.69,15.63,15.63,819200,12826192.0
2026-03-27 14:35:00,2026-03-27,20260327143500000,000070,5,15.64,15.7,15.63,15.66,996900,15613717.0
2026-03-27 14:40:00,2026-03-27,20260327144000000,000070,5,15.66,15.67,15.64,15.65,1015600,15895566.0
2026-03-27 14:45:00,2026-03-27,20260327144500000,000070,5,15.65,15.68,15.65,15.67,1541500,24146206.0
2026-03-27 14:50:00,2026-03-27,20260327145000000,000070,5,15.67,15.68,15.65,15.66,1401700,21958161.0
2026-03-27 14:55:00,2026-03-27,20260327145500000,000070,5,15.66,15.7,15.65,15.7,1912100,29962283.0
2026-03-27 15:00:00,2026-03-27,20260327150000000,000070,5,15.69,15.7,15.68,15.68,1761200,27628103.0
2026-03-30 09:35:00,2026-03-30,20260330093500000,000070,5,15.4,15.93,15.22,15.84,6999305,108956167.45
2026-03-30 09:40:00,2026-03-30,20260330094000000,000070,5,15.78,16.12,15.78,16.11,6881000,109766779.8
2026-03-30 09:45:00,2026-03-30,20260330094500000,000070,5,16.11,16.15,15.89,16.0,5155400,82684971.0
2026-03-30 09:50:00,2026-03-30,20260330095000000,000070,5,15.96,16.1,15.94,16.0,4340400,69487116.0
2026-03-30 09:55:00,2026-03-30,20260330095500000,000070,5,16.0,16.07,15.85,15.97,4815900,76828177.0
2026-03-30 10:00:00,2026-03-30,20260330100000000,000070,5,15.97,16.1,15.86,15.89,3070600,49108693.0
2026-03-30 10:05:00,2026-03-30,20260330100500000,000070,5,15.89,15.97,15.78,15.88,2851000,45162834.0
2026-03-30 10:10:00,2026-03-30,20260330101000000,000070,5,15.9,16.01,15.83,15.89,1716100,27313692.0
2026-03-30 10:15:00,2026-03-30,20260330101500000,000070,5,15.89,15.97,15.81,15.85,1463300,23238999.0
2026-03-30 10:20:00,2026-03-30,20260330102000000,000070,5,15.85,15.94,15.8,15.84,1065300,16895408.0
2026-03-30 10:25:00,2026-03-30,20260330102500000,000070,5,15.83,15.89,15.81,15.85,969800,15369306.0
2026-03-30 10:30:00,2026-03-30,20260330103000000,000070,5,15.85,15.9,15.84,15.89,760400,12068750.0
2026-03-30 10:35:00,2026-03-30,20260330103500000,000070,5,15.88,15.95,15.83,15.9,1024300,16276931.0
2026-03-30 10:40:00,2026-03-30,20260330104000000,000070,5,15.9,15.94,15.8,15.8,1423500,22582578.0
2026-03-30 10:45:00,2026-03-30,20260330104500000,000070,5,15.8,15.88,15.8,15.83,691000,10944542.0
2026-03-30 10:50:00,2026-03-30,20260330105000000,000070,5,15.83,15.87,15.82,15.86,642440,10172918.8
2026-03-30 10:55:00,2026-03-30,20260330105500000,000070,5,15.86,15.95,15.83,15.95,696800,11064670.0
2026-03-30 11:00:00,2026-03-30,20260330110000000,000070,5,15.96,15.97,15.9,15.94,1077100,17165030.0
2026-03-30 11:05:00,2026-03-30,20260330110500000,000070,5,15.94,16.07,15.88,16.07,1726600,27534190.0
2026-03-30 11:10:00,2026-03-30,20260330111000000,000070,5,16.07,16.27,16.06,16.15,4681400,75650341.0
2026-03-30 11:15:00,2026-03-30,20260330111500000,000070,5,16.15,16.16,15.98,15.99,1252700,20125102.0
2026-03-30 11:20:00,2026-03-30,20260330112000000,000070,5,15.99,16.04,15.96,16.0,949800,15192095.0
2026-03-30 11:25:00,2026-03-30,20260330112500000,000070,5,15.99,16.35,15.99,16.29,3735600,60701304.0
2026-03-30 11:30:00,2026-03-30,20260330113000000,000070,5,16.29,16.4,16.28,16.33,4146400,67748066.0
2026-03-30 13:05:00,2026-03-30,20260330130500000,000070,5,16.35,16.38,16.16,16.27,4044800,65819012.0
2026-03-30 13:10:00,2026-03-30,20260330131000000,000070,5,16.27,16.3,16.16,16.2,1466300,23801749.0
2026-03-30 13:15:00,2026-03-30,20260330131500000,000070,5,16.21,16.35,16.18,16.3,3745900,60832242.0
2026-03-30 13:20:00,2026-03-30,20260330132000000,000070,5,16.28,16.3,16.2,16.21,1389900,22561757.0
2026-03-30 13:25:00,2026-03-30,20260330132500000,000070,5,16.21,16.21,16.15,16.15,902700,14600832.0
2026-03-30 13:30:00,2026-03-30,20260330133000000,000070,5,16.15,16.16,16.12,16.12,885500,14291057.0
2026-03-30 13:35:00,2026-03-30,20260330133500000,000070,5,16.13,16.18,16.07,16.17,1410000,22731888.0
2026-03-30 13:40:00,2026-03-30,20260330134000000,000070,5,16.17,16.18,16.05,16.09,1006400,16220535.0
2026-03-30 13:45:00,2026-03-30,20260330134500000,000070,5,16.09,16.1,16.05,16.06,865600,13914467.0
2026-03-30 13:50:00,2026-03-30,20260330135000000,000070,5,16.06,16.1,16.03,16.1,690500,11083341.0
2026-03-30 13:55:00,2026-03-30,20260330135500000,000070,5,16.1,16.17,16.07,16.13,1163300,18746740.0
2026-03-30 14:00:00,2026-03-30,20260330140000000,000070,5,16.13,16.19,16.1,16.19,958800,15472524.0
2026-03-30 14:05:00,2026-03-30,20260330140500000,000070,5,16.17,16.22,16.13,16.18,1304300,21099527.0
2026-03-30 14:10:00,2026-03-30,20260330141000000,000070,5,16.19,16.21,16.14,16.16,1036500,16768223.0
2026-03-30 14:15:00,2026-03-30,20260330141500000,000070,5,16.15,16.18,16.15,16.16,969400,15665731.0
2026-03-30 14:20:00,2026-03-30,20260330142000000,000070,5,16.17,16.2,16.14,16.17,979900,15848655.0
2026-03-30 14:25:00,2026-03-30,20260330142500000,000070,5,16.17,16.18,16.14,16.16,1046400,16908092.0
2026-03-30 14:30:00,2026-03-30,20260330143000000,000070,5,16.15,16.18,16.14,16.17,1023160,16533149.0
2026-03-30 14:35:00,2026-03-30,20260330143500000,000070,5,16.17,16.2,16.14,16.18,1295600,20948923.0
2026-03-30 14:40:00,2026-03-30,20260330144000000,000070,5,16.18,16.2,16.15,16.17,1826100,29535989.37
2026-03-30 14:45:00,2026-03-30,20260330144500000,000070,5,16.17,16.19,16.14,16.16,2059000,33264593.0
2026-03-30 14:50:00,2026-03-30,20260330145000000,000070,5,16.18,16.19,16.16,16.18,2439100,39449736.0
2026-03-30 14:55:00,2026-03-30,20260330145500000,000070,5,16.17,16.18,16.16,16.17,3523100,56961353.0
2026-03-30 15:00:00,2026-03-30,20260330150000000,000070,5,16.17,16.18,16.15,16.18,3543000,57283680.0
2026-03-31 09:35:00,2026-03-31,20260331093500000,000070,5,16.05,16.05,15.48,15.65,11319700,177883792.0
2026-03-31 09:40:00,2026-03-31,20260331094000000,000070,5,15.65,15.79,15.62,15.66,4441160,69661428.4
2026-03-31 09:45:00,2026-03-31,20260331094500000,000070,5,15.66,15.96,15.66,15.94,3903600,61650363.4
2026-03-31 09:50:00,2026-03-31,20260331095000000,000070,5,15.93,16.54,15.9,16.53,9106440,147950545.2
2026-03-31 09:55:00,2026-03-31,20260331095500000,000070,5,16.56,17.15,16.56,17.05,20331500,343238285.0
2026-03-31 10:00:00,2026-03-31,20260331100000000,000070,5,17.04,17.05,16.75,16.92,9097517,153631839.43
2026-03-31 10:05:00,2026-03-31,20260331100500000,000070,5,16.92,16.97,16.78,16.88,5749100,97066106.0
2026-03-31 10:10:00,2026-03-31,20260331101000000,000070,5,16.86,17.35,16.79,17.31,9811205,167831352.4
2026-03-31 10:15:00,2026-03-31,20260331101500000,000070,5,17.3,17.31,17.1,17.31,5866900,100975991.0
2026-03-31 10:20:00,2026-03-31,20260331102000000,000070,5,17.32,17.46,17.22,17.3,7708500,133702152.0
2026-03-31 10:25:00,2026-03-31,20260331102500000,000070,5,17.3,17.33,17.13,17.14,3472400,59842228.0
2026-03-31 10:30:00,2026-03-31,20260331103000000,000070,5,17.13,17.21,17.05,17.06,2672500,45836110.0
2026-03-31 10:35:00,2026-03-31,20260331103500000,000070,5,17.12,17.17,16.98,16.98,3761300,64199125.8
2026-03-31 10:40:00,2026-03-31,20260331104000000,000070,5,16.98,17.13,16.94,17.03,2688200,45720039.75
2026-03-31 10:45:00,2026-03-31,20260331104500000,000070,5,17.02,17.08,16.89,17.08,2401531,40757121.45
2026-03-31 10:50:00,2026-03-31,20260331105000000,000070,5,17.08,17.08,16.89,16.89,1860300,31554225.0
2026-03-31 10:55:00,2026-03-31,20260331105500000,000070,5,16.9,16.97,16.89,16.9,1387500,23472418.0
2026-03-31 11:00:00,2026-03-31,20260331110000000,000070,5,16.9,16.9,16.79,16.8,2573600,43329331.0
2026-03-31 11:05:00,2026-03-31,20260331110500000,000070,5,16.81,16.84,16.77,16.8,1538500,25846790.0
2026-03-31 11:10:00,2026-03-31,20260331111000000,000070,5,16.8,16.94,16.79,16.91,1816000,30624473.0
2026-03-31 11:15:00,2026-03-31,20260331111500000,000070,5,16.91,16.91,16.75,16.8,1254800,21082790.0
2026-03-31 11:20:00,2026-03-31,20260331112000000,000070,5,16.79,16.83,16.72,16.73,2226700,37325611.0
2026-03-31 11:25:00,2026-03-31,20260331112500000,000070,5,16.73,16.76,16.67,16.71,2008700,33556061.0
2026-03-31 11:30:00,2026-03-31,20260331113000000,000070,5,16.7,16.74,16.62,16.7,2706200,45067814.0
2026-03-31 13:05:00,2026-03-31,20260331130500000,000070,5,16.7,16.86,16.62,16.81,1456500,24387820.0
2026-03-31 13:10:00,2026-03-31,20260331131000000,000070,5,16.81,16.81,16.73,16.78,840600,14095810.0
2026-03-31 13:15:00,2026-03-31,20260331131500000,000070,5,16.77,16.77,16.63,16.69,827800,13828216.0
2026-03-31 13:20:00,2026-03-31,20260331132000000,000070,5,16.7,16.79,16.66,16.77,760800,12739354.0
2026-03-31 13:25:00,2026-03-31,20260331132500000,000070,5,16.76,16.8,16.69,16.8,974000,16305950.0
2026-03-31 13:30:00,2026-03-31,20260331133000000,000070,5,16.8,16.9,16.78,16.87,1191500,20068880.0
2026-03-31 13:35:00,2026-03-31,20260331133500000,000070,5,16.85,16.87,16.77,16.84,1072100,18041075.0
2026-03-31 13:40:00,2026-03-31,20260331134000000,000070,5,16.84,16.86,16.79,16.85,582200,9794041.0
2026-03-31 13:45:00,2026-03-31,20260331134500000,000070,5,16.84,16.93,16.82,16.84,1037400,17504075.0
2026-03-31 13:50:00,2026-03-31,20260331135000000,000070,5,16.83,17.08,16.83,17.06,2107300,35786872.0
2026-03-31 13:55:00,2026-03-31,20260331135500000,000070,5,17.05,17.8,17.05,17.8,15760403,278318859.4
2026-03-31 14:00:00,2026-03-31,20260331140000000,000070,5,17.8,17.8,17.8,17.8,1856040,33037512.0
2026-03-31 14:05:00,2026-03-31,20260331140500000,000070,5,17.8,17.8,17.8,17.8,1151800,20502040.0
2026-03-31 14:10:00,2026-03-31,20260331141000000,000070,5,17.8,17.8,17.8,17.8,929500,16545100.0
2026-03-31 14:15:00,2026-03-31,20260331141500000,000070,5,17.8,17.8,17.8,17.8,1180492,21012757.6
2026-03-31 14:20:00,2026-03-31,20260331142000000,000070,5,17.8,17.8,17.8,17.8,859781,15304101.8
2026-03-31 14:25:00,2026-03-31,20260331142500000,000070,5,17.8,17.8,17.8,17.8,940100,16733780.0
2026-03-31 14:30:00,2026-03-31,20260331143000000,000070,5,17.8,17.8,17.8,17.8,511500,9104700.0
2026-03-31 14:35:00,2026-03-31,20260331143500000,000070,5,17.8,17.8,17.8,17.8,557000,9914600.0
2026-03-31 14:40:00,2026-03-31,20260331144000000,000070,5,17.8,17.8,17.8,17.8,493220,8779316.0
2026-03-31 14:45:00,2026-03-31,20260331144500000,000070,5,17.8,17.8,17.8,17.8,743042,13226147.6
2026-03-31 14:50:00,2026-03-31,20260331145000000,000070,5,17.8,17.8,17.8,17.8,535440,9530832.0
2026-03-31 14:55:00,2026-03-31,20260331145500000,000070,5,17.8,17.8,17.8,17.8,642900,11443620.0
2026-03-31 15:00:00,2026-03-31,20260331150000000,000070,5,17.8,17.8,17.8,17.8,837000,14898600.0
2026-04-01 09:35:00,2026-04-01,20260401093500000,000070,5,18.0,19.0,18.0,18.81,51505800,961974772.2
2026-04-01 09:40:00,2026-04-01,20260401094000000,000070,5,18.83,18.83,18.12,18.27,20921800,385375125.0
2026-04-01 09:45:00,2026-04-01,20260401094500000,000070,5,18.22,18.48,18.2,18.42,11217400,205473849.0
2026-04-01 09:50:00,2026-04-01,20260401095000000,000070,5,18.43,18.71,18.38,18.42,10370020,192270997.4
2026-04-01 09:55:00,2026-04-01,20260401095500000,000070,5,18.41,18.48,18.3,18.38,5123800,94159609.74
2026-04-01 10:00:00,2026-04-01,20260401100000000,000070,5,18.37,18.61,18.35,18.35,4113200,76001026.0
2026-04-01 10:05:00,2026-04-01,20260401100500000,000070,5,18.35,18.45,18.33,18.36,3752100,68962925.0
2026-04-01 10:10:00,2026-04-01,20260401101000000,000070,5,18.37,18.45,18.28,18.36,3637300,66725946.0
2026-04-01 10:15:00,2026-04-01,20260401101500000,000070,5,18.38,18.49,18.35,18.43,2392900,44054458.0
2026-04-01 10:20:00,2026-04-01,20260401102000000,000070,5,18.43,18.52,18.3,18.31,2267900,41734140.0
2026-04-01 10:25:00,2026-04-01,20260401102500000,000070,5,18.31,18.34,18.21,18.3,3683100,67279702.0
2026-04-01 10:30:00,2026-04-01,20260401103000000,000070,5,18.3,18.3,18.15,18.17,4154900,75723577.0
2026-04-01 10:35:00,2026-04-01,20260401103500000,000070,5,18.16,18.3,18.13,18.24,2284000,41595922.0
2026-04-01 10:40:00,2026-04-01,20260401104000000,000070,5,18.23,18.23,18.13,18.13,2424900,44074639.0
2026-04-01 10:45:00,2026-04-01,20260401104500000,000070,5,18.13,18.23,18.11,18.11,2377800,43161735.0
2026-04-01 10:50:00,2026-04-01,20260401105000000,000070,5,18.17,18.33,18.12,18.22,2672400,48660519.0
2026-04-01 10:55:00,2026-04-01,20260401105500000,000070,5,18.23,18.42,18.21,18.42,1884100,34518862.0
2026-04-01 11:00:00,2026-04-01,20260401110000000,000070,5,18.41,18.41,18.27,18.37,1556700,28553657.0
2026-04-01 11:05:00,2026-04-01,20260401110500000,000070,5,18.34,18.35,18.22,18.24,982200,17947114.0
2026-04-01 11:10:00,2026-04-01,20260401111000000,000070,5,18.23,18.45,18.23,18.44,1192000,21906079.0
2026-04-01 11:15:00,2026-04-01,20260401111500000,000070,5,18.44,18.53,18.36,18.38,1887100,34850055.0
2026-04-01 11:20:00,2026-04-01,20260401112000000,000070,5,18.37,18.46,18.37,18.46,825600,15206005.6
2026-04-01 11:25:00,2026-04-01,20260401112500000,000070,5,18.44,18.45,18.32,18.33,1057800,19444094.0
2026-04-01 11:30:00,2026-04-01,20260401113000000,000070,5,18.33,18.35,18.25,18.25,1219400,22294358.0
2026-04-01 13:05:00,2026-04-01,20260401130500000,000070,5,18.3,18.3,18.1,18.16,2504000,45515330.0
2026-04-01 13:10:00,2026-04-01,20260401131000000,000070,5,18.16,18.16,18.03,18.04,1756500,31784630.0
2026-04-01 13:15:00,2026-04-01,20260401131500000,000070,5,18.03,18.11,18.01,18.04,1618500,29222810.0
2026-04-01 13:20:00,2026-04-01,20260401132000000,000070,5,18.04,18.1,18.03,18.08,1114200,20130181.0
2026-04-01 13:25:00,2026-04-01,20260401132500000,000070,5,18.08,18.15,18.07,18.08,1395400,25274092.0
2026-04-01 13:30:00,2026-04-01,20260401133000000,000070,5,18.09,18.11,18.04,18.08,1166100,21075898.0
2026-04-01 13:35:00,2026-04-01,20260401133500000,000070,5,18.1,18.16,18.04,18.06,1413500,25575969.0
2026-04-01 13:40:00,2026-04-01,20260401134000000,000070,5,18.06,18.09,18.04,18.05,1141000,20608129.0
2026-04-01 13:45:00,2026-04-01,20260401134500000,000070,5,18.05,18.12,18.04,18.05,1186700,21445682.0
2026-04-01 13:50:00,2026-04-01,20260401135000000,000070,5,18.06,18.06,18.0,18.03,2648600,47714883.0
2026-04-01 13:55:00,2026-04-01,20260401135500000,000070,5,18.04,18.11,17.98,17.99,1325900,23919382.0
2026-04-01 14:00:00,2026-04-01,20260401140000000,000070,5,17.99,17.99,17.87,17.9,2817940,50486438.8
2026-04-01 14:05:00,2026-04-01,20260401140500000,000070,5,17.89,17.94,17.87,17.9,1428700,25581133.0
2026-04-01 14:10:00,2026-04-01,20260401141000000,000070,5,17.9,17.95,17.83,17.84,1499500,26839039.95
2026-04-01 14:15:00,2026-04-01,20260401141500000,000070,5,17.85,17.9,17.85,17.88,1465805,26193595.15
2026-04-01 14:20:00,2026-04-01,20260401142000000,000070,5,17.88,17.96,17.88,17.9,1583800,28374955.0
2026-04-01 14:25:00,2026-04-01,20260401142500000,000070,5,17.9,17.96,17.89,17.94,1378100,24708108.0
2026-04-01 14:30:00,2026-04-01,20260401143000000,000070,5,17.93,17.93,17.86,17.87,2190900,39153937.95
2026-04-01 14:35:00,2026-04-01,20260401143500000,000070,5,17.87,17.95,17.87,17.91,2329200,41700681.0
2026-04-01 14:40:00,2026-04-01,20260401144000000,000070,5,17.9,17.94,17.85,17.94,2798800,50041445.0
2026-04-01 14:45:00,2026-04-01,20260401144500000,000070,5,17.93,17.93,17.88,17.9,2102300,37609455.0
2026-04-01 14:50:00,2026-04-01,20260401145000000,000070,5,17.9,18.23,17.9,18.23,4617500,83233711.0
2026-04-01 14:55:00,2026-04-01,20260401145500000,000070,5,18.24,18.36,18.18,18.31,6202596,113336275.08
2026-04-01 15:00:00,2026-04-01,20260401150000000,000070,5,18.32,18.47,18.28,18.45,6550048,120451946.88
2026-04-02 09:35:00,2026-04-02,20260402093500000,000070,5,17.82,19.0,17.77,18.74,25775682,476482926.96
2026-04-02 09:40:00,2026-04-02,20260402094000000,000070,5,18.74,18.81,18.23,18.48,12126400,224785546.88
2026-04-02 09:45:00,2026-04-02,20260402094500000,000070,5,18.47,18.62,18.31,18.44,5223657,96402978.24
2026-04-02 09:50:00,2026-04-02,20260402095000000,000070,5,18.45,18.8,18.45,18.62,5478700,102118410.0
2026-04-02 09:55:00,2026-04-02,20260402095500000,000070,5,18.61,18.75,18.53,18.65,6436900,119991367.0
2026-04-02 10:00:00,2026-04-02,20260402100000000,000070,5,18.65,18.73,18.51,18.59,4182822,77929551.78
2026-04-02 10:05:00,2026-04-02,20260402100500000,000070,5,18.6,18.8,18.58,18.72,5011978,93881392.48
2026-04-02 10:10:00,2026-04-02,20260402101000000,000070,5,18.7,18.75,18.61,18.7,2867600,53543567.14
2026-04-02 10:15:00,2026-04-02,20260402101500000,000070,5,18.7,18.73,18.39,18.42,3539400,65678010.0
2026-04-02 10:20:00,2026-04-02,20260402102000000,000070,5,18.42,18.65,18.38,18.55,2799400,51793967.0
2026-04-02 10:25:00,2026-04-02,20260402102500000,000070,5,18.56,18.69,18.55,18.55,1788900,33298613.0
2026-04-02 10:30:00,2026-04-02,20260402103000000,000070,5,18.55,18.7,18.55,18.7,1601900,29845523.0
2026-04-02 10:35:00,2026-04-02,20260402103500000,000070,5,18.7,18.88,18.62,18.88,3457800,64829726.0
2026-04-02 10:40:00,2026-04-02,20260402104000000,000070,5,18.87,19.22,18.72,19.22,11258000,213603400.0
2026-04-02 10:45:00,2026-04-02,20260402104500000,000070,5,19.22,19.72,19.22,19.6,15771500,306317767.06
2026-04-02 10:50:00,2026-04-02,20260402105000000,000070,5,19.67,19.69,19.5,19.62,7556800,148153043.13
2026-04-02 10:55:00,2026-04-02,20260402105500000,000070,5,19.6,20.09,19.51,20.08,7541360,149068250.0
2026-04-02 11:00:00,2026-04-02,20260402110000000,000070,5,20.04,20.3,19.93,20.0,16458021,332422644.8
2026-04-02 11:05:00,2026-04-02,20260402110500000,000070,5,20.0,20.0,19.65,19.74,5257200,104319248.0
2026-04-02 11:10:00,2026-04-02,20260402111000000,000070,5,19.73,19.89,19.56,19.75,3602100,70919317.0
2026-04-02 11:15:00,2026-04-02,20260402111500000,000070,5,19.75,19.93,19.72,19.85,1807900,35848369.0
2026-04-02 11:20:00,2026-04-02,20260402112000000,000070,5,19.83,19.95,19.81,19.85,1738400,34528789.0
2026-04-02 11:25:00,2026-04-02,20260402112500000,000070,5,19.84,19.97,19.77,19.93,1670600,33229829.0
2026-04-02 11:30:00,2026-04-02,20260402113000000,000070,5,19.92,19.93,19.8,19.85,1364000,27097369.0
2026-04-02 13:05:00,2026-04-02,20260402130500000,000070,5,19.85,19.85,19.54,19.54,2552600,50155052.0
2026-04-02 13:10:00,2026-04-02,20260402131000000,000070,5,19.54,19.62,19.49,19.49,1821200,35617177.0
2026-04-02 13:15:00,2026-04-02,20260402131500000,000070,5,19.49,19.58,19.42,19.57,2303200,44879354.0
2026-04-02 13:20:00,2026-04-02,20260402132000000,000070,5,19.57,19.57,19.41,19.41,1347300,26217878.0
2026-04-02 13:25:00,2026-04-02,20260402132500000,000070,5,19.41,19.58,19.39,19.54,1650200,32154789.0
2026-04-02 13:30:00,2026-04-02,20260402133000000,000070,5,19.53,19.63,19.53,19.58,1090000,21348048.0
2026-04-02 13:35:00,2026-04-02,20260402133500000,000070,5,19.57,19.57,19.38,19.42,1005000,19554858.0
2026-04-02 13:40:00,2026-04-02,20260402134000000,000070,5,19.43,19.45,19.35,19.36,1690500,32767533.0
2026-04-02 13:45:00,2026-04-02,20260402134500000,000070,5,19.36,19.45,19.36,19.41,1014700,19683570.0
2026-04-02 13:50:00,2026-04-02,20260402135000000,000070,5,19.41,19.43,19.37,19.4,1317200,25535943.0
2026-04-02 13:55:00,2026-04-02,20260402135500000,000070,5,19.41,19.48,19.38,19.41,888640,17257772.0
2026-04-02 14:00:00,2026-04-02,20260402140000000,000070,5,19.4,19.48,19.39,19.43,637300,12377495.0
2026-04-02 14:05:00,2026-04-02,20260402140500000,000070,5,19.44,19.47,19.35,19.36,1523831,29543829.54
2026-04-02 14:10:00,2026-04-02,20260402141000000,000070,5,19.36,19.47,19.36,19.37,1293400,25102450.0
2026-04-02 14:15:00,2026-04-02,20260402141500000,000070,5,19.38,19.42,19.35,19.38,1974300,38208701.03
2026-04-02 14:20:00,2026-04-02,20260402142000000,000070,5,19.38,19.58,19.38,19.52,1572700,30680935.0
2026-04-02 14:25:00,2026-04-02,20260402142500000,000070,5,19.5,19.6,19.5,19.52,1118200,21863851.0
2026-04-02 14:30:00,2026-04-02,20260402143000000,000070,5,19.51,19.53,19.4,19.45,1225000,23855913.0
2026-04-02 14:35:00,2026-04-02,20260402143500000,000070,5,19.41,19.45,19.29,19.34,3769700,72978517.0
2026-04-02 14:40:00,2026-04-02,20260402144000000,000070,5,19.34,19.35,19.3,19.31,2645000,51119438.0
2026-04-02 14:45:00,2026-04-02,20260402144500000,000070,5,19.32,19.45,19.31,19.35,2459200,47614392.0
2026-04-02 14:50:00,2026-04-02,20260402145000000,000070,5,19.35,19.36,19.3,19.33,2997300,57923676.0
2026-04-02 14:55:00,2026-04-02,20260402145500000,000070,5,19.31,19.36,19.3,19.35,5293968,102377793.12
2026-04-02 15:00:00,2026-04-02,20260402150000000,000070,5,19.35,19.37,19.29,19.37,4666860,90261482.6
2026-04-03 09:35:00,2026-04-03,20260403093500000,000070,5,19.03,19.57,19.03,19.42,17485978,338085036.84
2026-04-03 09:40:00,2026-04-03,20260403094000000,000070,5,19.42,19.48,19.23,19.3,9480400,183520062.54
2026-04-03 09:45:00,2026-04-03,20260403094500000,000070,5,19.31,19.4,19.17,19.28,7484100,144289331.0
2026-04-03 09:50:00,2026-04-03,20260403095000000,000070,5,19.28,19.39,19.12,19.24,6156900,118457306.0
2026-04-03 09:55:00,2026-04-03,20260403095500000,000070,5,19.24,19.33,18.94,18.94,5938300,113731756.4
2026-04-03 10:00:00,2026-04-03,20260403100000000,000070,5,18.98,19.12,18.96,19.05,6265060,119084503.6
2026-04-03 10:05:00,2026-04-03,20260403100500000,000070,5,19.05,19.31,19.05,19.08,2891540,55559414.8
2026-04-03 10:10:00,2026-04-03,20260403101000000,000070,5,19.09,19.13,18.95,18.95,3613600,68723298.6
2026-04-03 10:15:00,2026-04-03,20260403101500000,000070,5,18.96,18.99,18.82,18.84,4912000,92743426.2
2026-04-03 10:20:00,2026-04-03,20260403102000000,000070,5,18.83,19.09,18.78,19.02,4446900,83929310.0
2026-04-03 10:25:00,2026-04-03,20260403102500000,000070,5,19.02,19.16,18.95,18.95,2256200,43023576.0
2026-04-03 10:30:00,2026-04-03,20260403103000000,000070,5,18.95,19.2,18.94,19.19,2331200,44525624.0
2026-04-03 10:35:00,2026-04-03,20260403103500000,000070,5,19.18,19.42,19.11,19.42,3782468,72851985.84
2026-04-03 10:40:00,2026-04-03,20260403104000000,000070,5,19.43,19.55,19.15,19.2,8043500,156205258.98
2026-04-03 10:45:00,2026-04-03,20260403104500000,000070,5,19.2,19.28,19.16,19.2,2336895,44951889.1
2026-04-03 10:50:00,2026-04-03,20260403105000000,000070,5,19.2,19.47,19.19,19.37,2076240,40154445.93
2026-04-03 10:55:00,2026-04-03,20260403105500000,000070,5,19.37,19.45,19.33,19.34,2098900,40723032.0
2026-04-03 11:00:00,2026-04-03,20260403110000000,000070,5,19.35,19.37,19.24,19.28,980200,18915918.0
2026-04-03 11:05:00,2026-04-03,20260403110500000,000070,5,19.28,19.28,19.15,19.18,1324000,25418635.0
2026-04-03 11:10:00,2026-04-03,20260403111000000,000070,5,19.18,19.22,19.07,19.13,1252400,23969127.0
2026-04-03 11:15:00,2026-04-03,20260403111500000,000070,5,19.14,19.14,18.97,18.99,1540000,29338839.0
2026-04-03 11:20:00,2026-04-03,20260403112000000,000070,5,18.98,19.02,18.9,18.95,1639700,31086976.0
2026-04-03 11:25:00,2026-04-03,20260403112500000,000070,5,18.95,19.01,18.94,18.95,887900,16842258.0
2026-04-03 11:30:00,2026-04-03,20260403113000000,000070,5,18.94,18.95,18.86,18.89,1118900,21145786.0
2026-04-03 13:05:00,2026-04-03,20260403130500000,000070,5,18.9,18.9,18.64,18.65,2887100,54147843.0
2026-04-03 13:10:00,2026-04-03,20260403131000000,000070,5,18.65,18.85,18.65,18.8,1829700,34343376.0
2026-04-03 13:15:00,2026-04-03,20260403131500000,000070,5,18.81,18.82,18.68,18.71,1329500,24894800.0
2026-04-03 13:20:00,2026-04-03,20260403132000000,000070,5,18.72,18.75,18.55,18.59,2551700,47468430.0
2026-04-03 13:25:00,2026-04-03,20260403132500000,000070,5,18.58,18.66,18.54,18.59,1847100,34316879.0
2026-04-03 13:30:00,2026-04-03,20260403133000000,000070,5,18.6,18.73,18.6,18.66,1272300,23765008.0
2026-04-03 13:35:00,2026-04-03,20260403133500000,000070,5,18.65,18.88,18.62,18.88,1742102,32683644.3
2026-04-03 13:40:00,2026-04-03,20260403134000000,000070,5,18.88,18.9,18.8,18.86,1194200,22506631.8
2026-04-03 13:45:00,2026-04-03,20260403134500000,000070,5,18.84,18.95,18.81,18.93,1543620,29176631.0
2026-04-03 13:50:00,2026-04-03,20260403135000000,000070,5,18.92,18.93,18.82,18.91,1341000,25331307.0
2026-04-03 13:55:00,2026-04-03,20260403135500000,000070,5,18.89,18.89,18.78,18.78,1228500,23118998.0
2026-04-03 14:00:00,2026-04-03,20260403140000000,000070,5,18.78,18.92,18.76,18.88,1006400,18969652.0
2026-04-03 14:05:00,2026-04-03,20260403140500000,000070,5,18.88,18.93,18.81,18.81,1409500,26582107.0
2026-04-03 14:10:00,2026-04-03,20260403141000000,000070,5,18.81,18.88,18.78,18.78,1333400,25103768.0
2026-04-03 14:15:00,2026-04-03,20260403141500000,000070,5,18.79,18.94,18.77,18.91,1325400,24983528.0
2026-04-03 14:20:00,2026-04-03,20260403142000000,000070,5,18.92,18.93,18.82,18.84,830000,15673460.0
2026-04-03 14:25:00,2026-04-03,20260403142500000,000070,5,18.84,18.85,18.69,18.69,1199300,22525845.0
2026-04-03 14:30:00,2026-04-03,20260403143000000,000070,5,18.7,18.7,18.65,18.69,1340900,25046734.0
2026-04-03 14:35:00,2026-04-03,20260403143500000,000070,5,18.7,18.75,18.61,18.61,2001648,37383757.6
2026-04-03 14:40:00,2026-04-03,20260403144000000,000070,5,18.62,18.71,18.6,18.7,1632800,30436540.0
2026-04-03 14:45:00,2026-04-03,20260403144500000,000070,5,18.71,18.78,18.68,18.7,1908840,35728295.6
2026-04-03 14:50:00,2026-04-03,20260403145000000,000070,5,18.7,18.74,18.69,18.71,2042500,38206914.0
2026-04-03 14:55:00,2026-04-03,20260403145500000,000070,5,18.72,18.78,18.67,18.7,3431300,64243413.0
2026-04-03 15:00:00,2026-04-03,20260403150000000,000070,5,18.7,18.71,18.62,18.68,4629221,86474839.28
2026-04-07 09:35:00,2026-04-07,20260407093500000,000070,5,18.37,19.05,18.15,18.82,15918034,297166185.3
2026-04-07 09:40:00,2026-04-07,20260407094000000,000070,5,18.8,18.81,18.45,18.56,7919800,147429765.0
2026-04-07 09:45:00,2026-04-07,20260407094500000,000070,5,18.56,18.75,18.52,18.54,5210500,97136136.0
2026-04-07 09:50:00,2026-04-07,20260407095000000,000070,5,18.53,18.55,18.25,18.4,7686534,141488192.58
2026-04-07 09:55:00,2026-04-07,20260407095500000,000070,5,18.39,18.47,18.3,18.41,5813900,106913676.0
2026-04-07 10:00:00,2026-04-07,20260407100000000,000070,5,18.41,18.41,18.3,18.35,3209200,58918571.0
2026-04-07 10:05:00,2026-04-07,20260407100500000,000070,5,18.34,18.43,18.22,18.31,5859940,107201004.4
2026-04-07 10:10:00,2026-04-07,20260407101000000,000070,5,18.31,18.37,18.21,18.32,3836300,70105285.0
2026-04-07 10:15:00,2026-04-07,20260407101500000,000070,5,18.32,18.4,18.3,18.39,2102900,38557992.0
2026-04-07 10:20:00,2026-04-07,20260407102000000,000070,5,18.39,18.39,18.25,18.27,2228600,40752865.0
2026-04-07 10:25:00,2026-04-07,20260407102500000,000070,5,18.28,18.29,18.21,18.22,3731200,68088662.0
2026-04-07 10:30:00,2026-04-07,20260407103000000,000070,5,18.21,18.25,18.16,18.25,4297500,78170774.0
2026-04-07 10:35:00,2026-04-07,20260407103500000,000070,5,18.35,18.35,18.23,18.27,2193800,40124657.0
2026-04-07 10:40:00,2026-04-07,20260407104000000,000070,5,18.27,18.35,18.2,18.33,1896400,34615246.0
2026-04-07 10:45:00,2026-04-07,20260407104500000,000070,5,18.33,18.36,18.25,18.3,1841300,33704882.0
2026-04-07 10:50:00,2026-04-07,20260407105000000,000070,5,18.29,18.39,18.28,18.32,2281300,41812536.0
2026-04-07 10:55:00,2026-04-07,20260407105500000,000070,5,18.34,18.35,18.21,18.22,1396100,25484811.0
2026-04-07 11:00:00,2026-04-07,20260407110000000,000070,5,18.22,18.29,18.18,18.28,1583300,28828892.0
2026-04-07 11:05:00,2026-04-07,20260407110500000,000070,5,18.29,18.32,18.23,18.23,848800,15508976.0
2026-04-07 11:10:00,2026-04-07,20260407111000000,000070,5,18.22,18.22,18.17,18.2,1122800,20428606.0
2026-04-07 11:15:00,2026-04-07,20260407111500000,000070,5,18.2,18.21,18.08,18.09,2414900,43797150.0
2026-04-07 11:20:00,2026-04-07,20260407112000000,000070,5,18.09,18.11,18.07,18.09,2123400,38409779.0
2026-04-07 11:25:00,2026-04-07,20260407112500000,000070,5,18.08,18.14,18.07,18.1,1592100,28802790.0
2026-04-07 11:30:00,2026-04-07,20260407113000000,000070,5,18.09,18.15,18.06,18.06,1150400,20828721.0
2026-04-07 13:05:00,2026-04-07,20260407130500000,000070,5,18.05,18.29,18.04,18.25,2858400,51953148.0
2026-04-07 13:10:00,2026-04-07,20260407131000000,000070,5,18.25,18.35,18.21,18.3,2001300,36613055.0
2026-04-07 13:15:00,2026-04-07,20260407131500000,000070,5,18.29,18.29,18.1,18.14,1268500,23041199.0
2026-04-07 13:20:00,2026-04-07,20260407132000000,000070,5,18.12,18.16,18.09,18.11,1247500,22597817.0
2026-04-07 13:25:00,2026-04-07,20260407132500000,000070,5,18.13,18.17,18.1,18.15,1267331,22979686.41
2026-04-07 13:30:00,2026-04-07,20260407133000000,000070,5,18.15,18.24,18.1,18.22,1077800,19593908.0
2026-04-07 13:35:00,2026-04-07,20260407133500000,000070,5,18.21,18.27,18.18,18.23,816200,14873977.0
2026-04-07 13:40:00,2026-04-07,20260407134000000,000070,5,18.21,18.29,18.18,18.27,992000,18094739.0
2026-04-07 13:45:00,2026-04-07,20260407134500000,000070,5,18.26,18.3,18.18,18.21,969300,17686741.0
2026-04-07 13:50:00,2026-04-07,20260407135000000,000070,5,18.21,18.25,18.18,18.19,769600,14009472.0
2026-04-07 13:55:00,2026-04-07,20260407135500000,000070,5,18.19,18.19,18.11,18.15,1070100,19441661.0
2026-04-07 14:00:00,2026-04-07,20260407140000000,000070,5,18.15,18.2,18.1,18.2,1255700,22787607.0
2026-04-07 14:05:00,2026-04-07,20260407140500000,000070,5,18.2,18.23,18.14,18.14,1162000,21125877.0
2026-04-07 14:10:00,2026-04-07,20260407141000000,000070,5,18.14,18.23,18.1,18.19,1398500,25386869.0
2026-04-07 14:15:00,2026-04-07,20260407141500000,000070,5,18.19,18.21,18.16,18.17,1087800,19781118.0
2026-04-07 14:20:00,2026-04-07,20260407142000000,000070,5,18.17,18.22,18.17,18.17,1197200,21782285.0
2026-04-07 14:25:00,2026-04-07,20260407142500000,000070,5,18.16,18.17,18.12,18.15,996900,18095068.0
2026-04-07 14:30:00,2026-04-07,20260407143000000,000070,5,18.16,18.2,18.11,18.15,1382000,25087883.0
2026-04-07 14:35:00,2026-04-07,20260407143500000,000070,5,18.14,18.17,18.06,18.08,2247800,40704634.0
2026-04-07 14:40:00,2026-04-07,20260407144000000,000070,5,18.08,18.1,18.04,18.07,2215800,40013143.0
2026-04-07 14:45:00,2026-04-07,20260407144500000,000070,5,18.07,18.11,18.06,18.08,1917500,34676746.0
2026-04-07 14:50:00,2026-04-07,20260407145000000,000070,5,18.09,18.18,18.08,18.13,2462800,44632043.0
2026-04-07 14:55:00,2026-04-07,20260407145500000,000070,5,18.14,18.14,18.11,18.12,2905620,52645664.2
2026-04-07 15:00:00,2026-04-07,20260407150000000,000070,5,18.12,18.13,18.1,18.13,4782800,86666099.0
2026-04-08 09:35:00,2026-04-08,20260408093500000,000070,5,18.4,18.51,18.0,18.36,14374000,262370975.0
2026-04-08 09:40:00,2026-04-08,20260408094000000,000070,5,18.36,18.69,18.22,18.6,10190340,188347580.8
2026-04-08 09:45:00,2026-04-08,20260408094500000,000070,5,18.62,18.68,18.32,18.35,6062900,112191481.0
2026-04-08 09:50:00,2026-04-08,20260408095000000,000070,5,18.37,18.65,18.37,18.55,5000000,92740274.0
2026-04-08 09:55:00,2026-04-08,20260408095500000,000070,5,18.54,18.65,18.39,18.47,4432900,82130015.0
2026-04-08 10:00:00,2026-04-08,20260408100000000,000070,5,18.48,18.58,18.4,18.56,3773800,69799332.0
2026-04-08 10:05:00,2026-04-08,20260408100500000,000070,5,18.56,18.57,18.25,18.26,4398300,80885379.0
2026-04-08 10:10:00,2026-04-08,20260408101000000,000070,5,18.3,18.42,18.25,18.4,2758866,50572284.5
2026-04-08 10:15:00,2026-04-08,20260408101500000,000070,5,18.39,18.4,18.26,18.26,2957300,54147193.0
2026-04-08 10:20:00,2026-04-08,20260408102000000,000070,5,18.25,18.3,18.18,18.22,2533300,46187109.0
2026-04-08 10:25:00,2026-04-08,20260408102500000,000070,5,18.29,18.4,18.23,18.37,1914100,35094210.0
2026-04-08 10:30:00,2026-04-08,20260408103000000,000070,5,18.38,18.39,18.26,18.38,1574600,28854457.0
2026-04-08 10:35:00,2026-04-08,20260408103500000,000070,5,18.37,18.37,18.3,18.35,1264100,23171030.98
2026-04-08 10:40:00,2026-04-08,20260408104000000,000070,5,18.35,18.37,18.3,18.31,1404700,25754615.0
2026-04-08 10:45:00,2026-04-08,20260408104500000,000070,5,18.31,18.38,18.31,18.38,1044500,19172828.98
2026-04-08 10:50:00,2026-04-08,20260408105000000,000070,5,18.38,18.46,18.34,18.41,1301400,23947184.0
2026-04-08 10:55:00,2026-04-08,20260408105500000,000070,5,18.41,18.42,18.35,18.38,1136700,20902422.0
2026-04-08 11:00:00,2026-04-08,20260408110000000,000070,5,18.38,18.44,18.35,18.36,890900,16388040.0
2026-04-08 11:05:00,2026-04-08,20260408110500000,000070,5,18.36,18.48,18.36,18.4,1328700,24481009.0
2026-04-08 11:10:00,2026-04-08,20260408111000000,000070,5,18.4,18.47,18.4,18.47,701400,12936566.0
2026-04-08 11:15:00,2026-04-08,20260408111500000,000070,5,18.47,18.54,18.44,18.52,1226800,22695339.0
2026-04-08 11:20:00,2026-04-08,20260408112000000,000070,5,18.53,18.53,18.47,18.49,863000,15957789.0
2026-04-08 11:25:00,2026-04-08,20260408112500000,000070,5,18.49,18.49,18.42,18.42,842500,15539504.0
2026-04-08 11:30:00,2026-04-08,20260408113000000,000070,5,18.42,18.43,18.35,18.38,1204300,22140473.0
2026-04-08 13:05:00,2026-04-08,20260408130500000,000070,5,18.4,18.58,18.4,18.48,2441100,45183019.0
2026-04-08 13:10:00,2026-04-08,20260408131000000,000070,5,18.48,18.49,18.4,18.42,1117100,20603817.0
2026-04-08 13:15:00,2026-04-08,20260408131500000,000070,5,18.42,18.48,18.41,18.48,1008300,18591683.0
2026-04-08 13:20:00,2026-04-08,20260408132000000,000070,5,18.48,18.7,18.45,18.7,2673300,49604343.0
2026-04-08 13:25:00,2026-04-08,20260408132500000,000070,5,18.67,19.05,18.63,18.75,12181200,229591037.0
2026-04-08 13:30:00,2026-04-08,20260408133000000,000070,5,18.75,18.75,18.65,18.68,3235900,60520361.0
2026-04-08 13:35:00,2026-04-08,20260408133500000,000070,5,18.66,18.79,18.59,18.66,3802700,71037351.0
2026-04-08 13:40:00,2026-04-08,20260408134000000,000070,5,18.67,18.89,18.67,18.8,3771900,70976714.0
2026-04-08 13:45:00,2026-04-08,20260408134500000,000070,5,18.79,18.79,18.73,18.76,1583200,29701805.0
2026-04-08 13:50:00,2026-04-08,20260408135000000,000070,5,18.76,18.77,18.67,18.71,1908231,35711524.25
2026-04-08 13:55:00,2026-04-08,20260408135500000,000070,5,18.7,18.73,18.63,18.65,1989100,37145294.0
2026-04-08 14:00:00,2026-04-08,20260408140000000,000070,5,18.65,18.7,18.65,18.67,1707700,31886397.0
2026-04-08 14:05:00,2026-04-08,20260408140500000,000070,5,18.67,18.79,18.66,18.73,1537800,28838656.0
2026-04-08 14:10:00,2026-04-08,20260408141000000,000070,5,18.72,18.85,18.72,18.76,2336757,43891834.61
2026-04-08 14:15:00,2026-04-08,20260408141500000,000070,5,18.76,18.88,18.69,18.87,2511200,47203282.43
2026-04-08 14:20:00,2026-04-08,20260408142000000,000070,5,18.87,18.88,18.76,18.76,1925100,36242089.0
2026-04-08 14:25:00,2026-04-08,20260408142500000,000070,5,18.76,18.82,18.76,18.79,1147100,21553707.0
2026-04-08 14:30:00,2026-04-08,20260408143000000,000070,5,18.78,18.8,18.73,18.74,1453400,27277127.0
2026-04-08 14:35:00,2026-04-08,20260408143500000,000070,5,18.75,18.85,18.74,18.82,1822600,34281025.0
2026-04-08 14:40:00,2026-04-08,20260408144000000,000070,5,18.82,18.94,18.82,18.91,3025900,57107893.6
2026-04-08 14:45:00,2026-04-08,20260408144500000,000070,5,18.9,18.9,18.85,18.88,2696100,50899528.0
2026-04-08 14:50:00,2026-04-08,20260408145000000,000070,5,18.88,18.9,18.85,18.88,2403900,45374389.0
2026-04-08 14:55:00,2026-04-08,20260408145500000,000070,5,18.87,18.91,18.83,18.9,4890400,92310601.0
2026-04-08 15:00:00,2026-04-08,20260408150000000,000070,5,18.91,18.98,18.88,18.98,7279740,137829716.2
2026-04-09 09:35:00,2026-04-09,20260409093500000,000070,5,18.67,18.83,18.37,18.37,13990300,260111182.0
2026-04-09 09:40:00,2026-04-09,20260409094000000,000070,5,18.33,18.36,18.11,18.3,8527100,155664618.0
2026-04-09 09:45:00,2026-04-09,20260409094500000,000070,5,18.3,18.35,18.11,18.21,5719500,104075159.0
2026-04-09 09:50:00,2026-04-09,20260409095000000,000070,5,18.21,18.41,18.17,18.39,3299600,60391225.0
2026-04-09 09:55:00,2026-04-09,20260409095500000,000070,5,18.39,18.68,18.37,18.51,3941100,72903158.0
2026-04-09 10:00:00,2026-04-09,20260409100000000,000070,5,18.53,18.92,18.53,18.87,8250040,155197092.0
2026-04-09 10:05:00,2026-04-09,20260409100500000,000070,5,18.86,18.95,18.72,18.95,4477800,84321204.58
2026-04-09 10:10:00,2026-04-09,20260409101000000,000070,5,18.94,19.04,18.73,18.79,3568300,67472315.0
2026-04-09 10:15:00,2026-04-09,20260409101500000,000070,5,18.79,18.99,18.79,18.99,2952200,55854219.0
2026-04-09 10:20:00,2026-04-09,20260409102000000,000070,5,19.05,19.09,18.95,19.03,5183000,98627496.6
2026-04-09 10:25:00,2026-04-09,20260409102500000,000070,5,19.03,19.03,18.85,18.89,2055100,38858330.0
2026-04-09 10:30:00,2026-04-09,20260409103000000,000070,5,18.91,19.0,18.82,18.99,1725600,32606802.0
2026-04-09 10:35:00,2026-04-09,20260409103500000,000070,5,19.02,19.03,18.88,18.88,1546000,29308306.0
2026-04-09 10:40:00,2026-04-09,20260409104000000,000070,5,18.88,18.96,18.85,18.91,1666700,31515593.0
2026-04-09 10:45:00,2026-04-09,20260409104500000,000070,5,18.94,19.04,18.87,18.87,5411200,102552354.0
2026-04-09 10:50:00,2026-04-09,20260409105000000,000070,5,18.85,18.85,18.6,18.66,3624400,67846383.0
2026-04-09 10:55:00,2026-04-09,20260409105500000,000070,5,18.67,18.69,18.51,18.52,3180200,59107460.0
2026-04-09 11:00:00,2026-04-09,20260409110000000,000070,5,18.51,18.67,18.51,18.61,1148300,21349404.0
2026-04-09 11:05:00,2026-04-09,20260409110500000,000070,5,18.6,18.65,18.54,18.61,1805700,33531210.0
2026-04-09 11:10:00,2026-04-09,20260409111000000,000070,5,18.6,18.62,18.5,18.53,1204100,22325677.0
2026-04-09 11:15:00,2026-04-09,20260409111500000,000070,5,18.53,18.59,18.46,18.52,1728400,31968662.0
2026-04-09 11:20:00,2026-04-09,20260409112000000,000070,5,18.5,18.66,18.48,18.65,1138100,21129687.0
2026-04-09 11:25:00,2026-04-09,20260409112500000,000070,5,18.64,18.7,18.55,18.55,681700,12712140.0
2026-04-09 11:30:00,2026-04-09,20260409113000000,000070,5,18.55,18.57,18.5,18.52,533100,9883769.0
2026-04-09 13:05:00,2026-04-09,20260409130500000,000070,5,18.52,18.54,18.43,18.43,1453000,26831407.0
2026-04-09 13:10:00,2026-04-09,20260409131000000,000070,5,18.43,18.45,18.39,18.41,1474000,27139345.0
2026-04-09 13:15:00,2026-04-09,20260409131500000,000070,5,18.42,18.45,18.33,18.33,1697700,31187295.0
2026-04-09 13:20:00,2026-04-09,20260409132000000,000070,5,18.33,18.41,18.31,18.39,1350800,24816465.0
2026-04-09 13:25:00,2026-04-09,20260409132500000,000070,5,18.39,18.42,18.33,18.4,991200,18209610.0
2026-04-09 13:30:00,2026-04-09,20260409133000000,000070,5,18.41,18.42,18.37,18.37,796900,14659165.0
2026-04-09 13:35:00,2026-04-09,20260409133500000,000070,5,18.37,18.49,18.36,18.47,1193800,22014024.0
2026-04-09 13:40:00,2026-04-09,20260409134000000,000070,5,18.47,18.63,18.42,18.59,1339500,24832445.0
2026-04-09 13:45:00,2026-04-09,20260409134500000,000070,5,18.59,19.18,18.55,19.09,8022300,152186531.0
2026-04-09 13:50:00,2026-04-09,20260409135000000,000070,5,19.09,19.65,18.99,19.65,22926219,444000119.44
2026-04-09 13:55:00,2026-04-09,20260409135500000,000070,5,19.65,20.22,19.53,20.18,24050981,480548574.41
2026-04-09 14:00:00,2026-04-09,20260409140000000,000070,5,20.16,20.88,20.11,20.88,22818593,470534037.82
2026-04-09 14:05:00,2026-04-09,20260409140500000,000070,5,20.88,20.88,20.88,20.88,2993300,62500104.0
2026-04-09 14:10:00,2026-04-09,20260409141000000,000070,5,20.88,20.88,20.88,20.88,1545363,32267179.44
2026-04-09 14:15:00,2026-04-09,20260409141500000,000070,5,20.88,20.88,20.88,20.88,997600,20829888.0
2026-04-09 14:20:00,2026-04-09,20260409142000000,000070,5,20.88,20.88,20.88,20.88,757745,15821715.6
2026-04-09 14:25:00,2026-04-09,20260409142500000,000070,5,20.88,20.88,20.88,20.88,484640,10119283.2
2026-04-09 14:30:00,2026-04-09,20260409143000000,000070,5,20.88,20.88,20.88,20.88,645500,13478040.0
2026-04-09 14:35:00,2026-04-09,20260409143500000,000070,5,20.88,20.88,20.88,20.88,542491,11327212.08
2026-04-09 14:40:00,2026-04-09,20260409144000000,000070,5,20.88,20.88,20.88,20.88,329700,6884136.0
2026-04-09 14:45:00,2026-04-09,20260409144500000,000070,5,20.88,20.88,20.88,20.88,396900,8287272.0
2026-04-09 14:50:00,2026-04-09,20260409145000000,000070,5,20.88,20.88,20.88,20.88,557900,11648952.0
2026-04-09 14:55:00,2026-04-09,20260409145500000,000070,5,20.88,20.88,20.88,20.88,548856,11460113.28
2026-04-09 15:00:00,2026-04-09,20260409150000000,000070,5,20.88,20.88,20.88,20.88,943341,19696960.08
2026-04-10 09:35:00,2026-04-10,20260410093500000,000070,5,20.88,20.88,19.85,20.01,35163302,713253586.22
2026-04-10 09:40:00,2026-04-10,20260410094000000,000070,5,20.01,20.02,19.52,19.75,14733598,291442659.2
2026-04-10 09:45:00,2026-04-10,20260410094500000,000070,5,19.72,19.95,19.62,19.94,8422000,165899061.6
2026-04-10 09:50:00,2026-04-10,20260410095000000,000070,5,19.96,20.26,19.96,20.18,12211300,245737483.0
2026-04-10 09:55:00,2026-04-10,20260410095500000,000070,5,20.18,20.35,20.01,20.1,7378900,148985739.0
2026-04-10 10:00:00,2026-04-10,20260410100000000,000070,5,20.1,20.18,19.98,19.99,4719500,94622918.0
2026-04-10 10:05:00,2026-04-10,20260410100500000,000070,5,20.01,20.02,19.83,19.9,5239600,104421572.0
2026-04-10 10:10:00,2026-04-10,20260410101000000,000070,5,19.87,20.05,19.87,20.04,3844600,76845065.0
2026-04-10 10:15:00,2026-04-10,20260410101500000,000070,5,20.08,20.21,20.02,20.16,3975300,80000654.0
2026-04-10 10:20:00,2026-04-10,20260410102000000,000070,5,20.17,20.17,20.0,20.0,2425000,48694387.0
2026-04-10 10:25:00,2026-04-10,20260410102500000,000070,5,20.0,20.16,19.95,20.11,3418300,68442723.0
2026-04-10 10:30:00,2026-04-10,20260410103000000,000070,5,20.1,20.19,19.8,19.82,3363100,67172433.0
2026-04-10 10:35:00,2026-04-10,20260410103500000,000070,5,19.84,19.97,19.75,19.83,3375800,66965330.0
2026-04-10 10:40:00,2026-04-10,20260410104000000,000070,5,19.91,19.98,19.82,19.87,1905180,37891882.6
2026-04-10 10:45:00,2026-04-10,20260410104500000,000070,5,19.89,19.96,19.85,19.85,1373500,27333050.0
2026-04-10 10:50:00,2026-04-10,20260410105000000,000070,5,19.85,19.9,19.8,19.89,1534500,30444446.0
2026-04-10 10:55:00,2026-04-10,20260410105500000,000070,5,19.88,19.95,19.85,19.9,1220900,24301948.0
2026-04-10 11:00:00,2026-04-10,20260410110000000,000070,5,19.9,19.96,19.86,19.88,1220400,24281416.0
2026-04-10 11:05:00,2026-04-10,20260410110500000,000070,5,19.89,19.89,19.63,19.71,3341900,65956753.0
2026-04-10 11:10:00,2026-04-10,20260410111000000,000070,5,19.71,19.72,19.65,19.65,1869100,36792213.0
2026-04-10 11:15:00,2026-04-10,20260410111500000,000070,5,19.65,19.67,19.6,19.65,1897500,37240024.0
2026-04-10 11:20:00,2026-04-10,20260410112000000,000070,5,19.64,19.7,19.63,19.7,1141300,22428932.0
2026-04-10 11:25:00,2026-04-10,20260410112500000,000070,5,19.7,19.77,19.69,19.76,1094200,21586510.0
2026-04-10 11:30:00,2026-04-10,20260410113000000,000070,5,19.76,19.78,19.67,19.7,1422900,28060004.8
2026-04-10 13:05:00,2026-04-10,20260410130500000,000070,5,19.75,20.08,19.75,19.99,3478440,69494361.0
2026-04-10 13:10:00,2026-04-10,20260410131000000,000070,5,20.0,20.01,19.81,19.85,2117100,42162961.0
2026-04-10 13:15:00,2026-04-10,20260410131500000,000070,5,19.85,19.86,19.63,19.63,2422660,47745661.6
2026-04-10 13:20:00,2026-04-10,20260410132000000,000070,5,19.61,19.62,19.51,19.53,4410300,86277706.98
2026-04-10 13:25:00,2026-04-10,20260410132500000,000070,5,19.53,19.62,19.49,19.58,2546420,49756301.0
2026-04-10 13:30:00,2026-04-10,20260410133000000,000070,5,19.58,19.58,19.5,19.52,1927908,37659505.0
2026-04-10 13:35:00,2026-04-10,20260410133500000,000070,5,19.52,19.61,19.45,19.57,2109400,41130825.0
2026-04-10 13:40:00,2026-04-10,20260410134000000,000070,5,19.56,19.6,19.54,19.55,1351000,26430677.0
2026-04-10 13:45:00,2026-04-10,20260410134500000,000070,5,19.53,19.66,19.48,19.61,1583000,30973873.0
2026-04-10 13:50:00,2026-04-10,20260410135000000,000070,5,19.61,19.7,19.58,19.68,1821700,35795614.0
2026-04-10 13:55:00,2026-04-10,20260410135500000,000070,5,19.67,19.73,19.61,19.71,1011500,19900793.0
2026-04-10 14:00:00,2026-04-10,20260410140000000,000070,5,19.7,19.76,19.67,19.67,1241500,24479500.0
2026-04-10 14:05:00,2026-04-10,20260410140500000,000070,5,19.67,19.7,19.63,19.7,962200,18920817.0
2026-04-10 14:10:00,2026-04-10,20260410141000000,000070,5,19.7,19.82,19.66,19.81,1367600,27012569.0
2026-04-10 14:15:00,2026-04-10,20260410141500000,000070,5,19.84,19.9,19.78,19.9,2545300,50533067.78
2026-04-10 14:20:00,2026-04-10,20260410142000000,000070,5,19.91,19.98,19.8,19.81,3076900,61271126.0
2026-04-10 14:25:00,2026-04-10,20260410142500000,000070,5,19.8,19.94,19.8,19.88,1493300,29658868.0
2026-04-10 14:30:00,2026-04-10,20260410143000000,000070,5,19.89,19.91,19.81,19.83,1252400,24869263.0
2026-04-10 14:35:00,2026-04-10,20260410143500000,000070,5,19.83,20.0,19.83,19.96,2842136,56675692.76
2026-04-10 14:40:00,2026-04-10,20260410144000000,000070,5,19.97,19.99,19.81,19.81,1950400,38788289.0
2026-04-10 14:45:00,2026-04-10,20260410144500000,000070,5,19.79,19.86,19.78,19.81,2938320,58252988.0
2026-04-10 14:50:00,2026-04-10,20260410145000000,000070,5,19.8,19.82,19.74,19.74,3410788,67468085.87
2026-04-10 14:55:00,2026-04-10,20260410145500000,000070,5,19.75,19.78,19.72,19.73,4420040,87292804.6
2026-04-10 15:00:00,2026-04-10,20260410150000000,000070,5,19.75,19.76,19.71,19.76,4504506,88939182.5
2026-04-13 09:35:00,2026-04-13,20260413093500000,000070,5,19.11,19.59,18.9,19.17,18178500,348280584.0
2026-04-13 09:40:00,2026-04-13,20260413094000000,000070,5,19.17,19.57,19.08,19.57,6956600,134375832.4
2026-04-13 09:45:00,2026-04-13,20260413094500000,000070,5,19.57,19.86,19.49,19.86,7501900,147326195.6
2026-04-13 09:50:00,2026-04-13,20260413095000000,000070,5,19.88,20.08,19.8,20.04,12771700,255174084.0
2026-04-13 09:55:00,2026-04-13,20260413095500000,000070,5,20.0,20.0,19.73,19.87,5112100,101517628.0
2026-04-13 10:00:00,2026-04-13,20260413100000000,000070,5,19.89,19.99,19.73,19.82,3199900,63553608.0
2026-04-13 10:05:00,2026-04-13,20260413100500000,000070,5,19.85,20.05,19.82,19.89,3547500,70763084.0
2026-04-13 10:10:00,2026-04-13,20260413101000000,000070,5,19.89,20.12,19.78,19.97,4440200,88737764.6
2026-04-13 10:15:00,2026-04-13,20260413101500000,000070,5,19.97,20.16,19.94,19.95,3294000,66026924.0
2026-04-13 10:20:00,2026-04-13,20260413102000000,000070,5,19.95,20.11,19.93,20.07,2094100,41974065.0
2026-04-13 10:25:00,2026-04-13,20260413102500000,000070,5,20.05,20.05,19.93,20.0,1707500,34133404.0
2026-04-13 10:30:00,2026-04-13,20260413103000000,000070,5,20.03,20.03,19.83,19.95,1487500,29604355.4
2026-04-13 10:35:00,2026-04-13,20260413103500000,000070,5,19.96,20.04,19.87,20.04,1633100,32584485.0
2026-04-13 10:40:00,2026-04-13,20260413104000000,000070,5,20.04,20.25,20.0,20.25,3985420,80218624.0
2026-04-13 10:45:00,2026-04-13,20260413104500000,000070,5,20.24,20.24,20.08,20.08,2893000,58264839.0
2026-04-13 10:50:00,2026-04-13,20260413105000000,000070,5,20.08,20.11,20.0,20.0,1294300,25932426.0
2026-04-13 10:55:00,2026-04-13,20260413105500000,000070,5,20.0,20.07,19.92,20.06,1062700,21251609.6
2026-04-13 11:00:00,2026-04-13,20260413110000000,000070,5,20.07,20.07,19.96,20.02,813500,16287113.0
2026-04-13 11:05:00,2026-04-13,20260413110500000,000070,5,20.01,20.03,19.91,19.96,951500,18996263.0
2026-04-13 11:10:00,2026-04-13,20260413111000000,000070,5,19.95,19.97,19.85,19.85,1117500,22233659.0
2026-04-13 11:15:00,2026-04-13,20260413111500000,000070,5,19.85,19.9,19.81,19.88,1064900,21138070.0
2026-04-13 11:20:00,2026-04-13,20260413112000000,000070,5,19.88,19.95,19.83,19.84,786000,15627717.0
2026-04-13 11:25:00,2026-04-13,20260413112500000,000070,5,19.83,19.84,19.73,19.78,1233500,24405332.6
2026-04-13 11:30:00,2026-04-13,20260413113000000,000070,5,19.78,19.85,19.74,19.84,1013300,20064668.0
2026-04-13 13:05:00,2026-04-13,20260413130500000,000070,5,19.86,20.09,19.82,20.0,2494200,49796157.0
2026-04-13 13:10:00,2026-04-13,20260413131000000,000070,5,20.04,20.15,19.96,19.96,2650200,53191902.0
2026-04-13 13:15:00,2026-04-13,20260413131500000,000070,5,20.0,20.11,19.96,20.02,2026543,40596554.0
2026-04-13 13:20:00,2026-04-13,20260413132000000,000070,5,20.02,20.02,19.92,19.93,806000,16086408.0
2026-04-13 13:25:00,2026-04-13,20260413132500000,000070,5,19.93,20.03,19.88,19.94,844800,16854133.0
2026-04-13 13:30:00,2026-04-13,20260413133000000,000070,5,19.94,20.0,19.94,19.99,789400,15774192.0
2026-04-13 13:35:00,2026-04-13,20260413133500000,000070,5,19.99,20.06,19.95,20.0,1234000,24682959.0
2026-04-13 13:40:00,2026-04-13,20260413134000000,000070,5,20.0,20.32,19.98,20.32,3576300,72139597.0
2026-04-13 13:45:00,2026-04-13,20260413134500000,000070,5,20.32,20.5,20.2,20.4,5787100,118033509.0
2026-04-13 13:50:00,2026-04-13,20260413135000000,000070,5,20.43,21.47,20.43,21.42,13674300,286098610.48
2026-04-13 13:55:00,2026-04-13,20260413135500000,000070,5,21.41,21.41,20.83,20.94,8266700,174301167.0
2026-04-13 14:00:00,2026-04-13,20260413140000000,000070,5,20.93,21.12,20.88,21.02,4524500,95083262.0
2026-04-13 14:05:00,2026-04-13,20260413140500000,000070,5,21.02,21.6,20.96,21.5,7601960,162623396.4
2026-04-13 14:10:00,2026-04-13,20260413141000000,000070,5,21.5,21.73,21.48,21.5,8030166,173517274.68
2026-04-13 14:15:00,2026-04-13,20260413141500000,000070,5,21.5,21.64,21.48,21.57,4604900,99102084.0
2026-04-13 14:20:00,2026-04-13,20260413142000000,000070,5,21.53,21.56,21.38,21.38,2166900,46553651.0
2026-04-13 14:25:00,2026-04-13,20260413142500000,000070,5,21.38,21.39,21.25,21.29,3232300,68894785.0
2026-04-13 14:30:00,2026-04-13,20260413143000000,000070,5,21.28,21.42,21.26,21.34,1853800,39563807.0
2026-04-13 14:35:00,2026-04-13,20260413143500000,000070,5,21.34,21.35,21.23,21.25,1768680,37670239.6
2026-04-13 14:40:00,2026-04-13,20260413144000000,000070,5,21.25,21.32,21.16,21.19,2696700,57282389.0
2026-04-13 14:45:00,2026-04-13,20260413144500000,000070,5,21.2,21.28,21.14,21.18,3290900,69802240.0
2026-04-13 14:50:00,2026-04-13,20260413145000000,000070,5,21.18,21.3,21.17,21.3,4300240,91196482.8
2026-04-13 14:55:00,2026-04-13,20260413145500000,000070,5,21.3,21.3,21.16,21.17,4726740,100286919.19
2026-04-13 15:00:00,2026-04-13,20260413150000000,000070,5,21.16,21.16,21.08,21.1,7384049,155872484.9
2026-04-14 09:35:00,2026-04-14,20260414093500000,000070,5,21.25,21.5,20.77,20.77,20639660,435376932.2
2026-04-14 09:40:00,2026-04-14,20260414094000000,000070,5,20.77,20.91,20.68,20.81,7922100,164725415.0
2026-04-14 09:45:00,2026-04-14,20260414094500000,000070,5,20.88,20.9,20.56,20.66,7955000,164442519.0
2026-04-14 09:50:00,2026-04-14,20260414095000000,000070,5,20.66,20.72,20.54,20.59,5873600,121117483.4
2026-04-14 09:55:00,2026-04-14,20260414095500000,000070,5,20.59,20.59,20.39,20.41,6412900,131260302.0
2026-04-14 10:00:00,2026-04-14,20260414100000000,000070,5,20.41,20.51,20.37,20.5,5475460,111786119.4
2026-04-14 10:05:00,2026-04-14,20260414100500000,000070,5,20.5,20.62,20.41,20.43,3928900,80546875.0
2026-04-14 10:10:00,2026-04-14,20260414101000000,000070,5,20.39,20.39,20.21,20.29,6758640,137148298.2
2026-04-14 10:15:00,2026-04-14,20260414101500000,000070,5,20.3,20.3,20.06,20.1,6013800,121181483.0
2026-04-14 10:20:00,2026-04-14,20260414102000000,000070,5,20.1,20.29,20.08,20.22,4149700,83796724.0
2026-04-14 10:25:00,2026-04-14,20260414102500000,000070,5,20.22,20.23,20.07,20.12,3218220,64856697.4
2026-04-14 10:30:00,2026-04-14,20260414103000000,000070,5,20.12,20.21,20.11,20.21,2281100,45980542.0
2026-04-14 10:35:00,2026-04-14,20260414103500000,000070,5,20.19,20.36,20.18,20.36,3373800,68378431.0
2026-04-14 10:40:00,2026-04-14,20260414104000000,000070,5,20.38,20.57,20.33,20.4,5807200,118759040.0
2026-04-14 10:45:00,2026-04-14,20260414104500000,000070,5,20.45,20.55,20.37,20.38,2306200,47187076.0
2026-04-14 10:50:00,2026-04-14,20260414105000000,000070,5,20.39,20.63,20.37,20.51,2100900,43152143.0
2026-04-14 10:55:00,2026-04-14,20260414105500000,000070,5,20.52,20.71,20.48,20.69,2424100,49989509.0
2026-04-14 11:00:00,2026-04-14,20260414110000000,000070,5,20.69,20.69,20.43,20.45,2124200,43611528.0
2026-04-14 11:05:00,2026-04-14,20260414110500000,000070,5,20.45,20.84,20.41,20.84,3468300,71543032.0
2026-04-14 11:10:00,2026-04-14,20260414111000000,000070,5,20.88,20.89,20.63,20.73,2297300,47735947.0
2026-04-14 11:15:00,2026-04-14,20260414111500000,000070,5,20.73,20.76,20.62,20.62,1225202,25358296.42
2026-04-14 11:20:00,2026-04-14,20260414112000000,000070,5,20.61,20.62,20.5,20.58,1003800,20656526.0
2026-04-14 11:25:00,2026-04-14,20260414112500000,000070,5,20.58,20.6,20.45,20.52,1046600,21473356.0
2026-04-14 11:30:00,2026-04-14,20260414113000000,000070,5,20.51,20.54,20.46,20.46,1090200,22351192.0
2026-04-14 13:05:00,2026-04-14,20260414130500000,000070,5,20.55,20.98,20.36,20.36,2824620,58125490.8
2026-04-14 13:10:00,2026-04-14,20260414131000000,000070,5,20.36,20.39,20.26,20.3,1600200,32536282.0
2026-04-14 13:15:00,2026-04-14,20260414131500000,000070,5,20.29,20.31,20.23,20.24,1702700,34493620.04
2026-04-14 13:20:00,2026-04-14,20260414132000000,000070,5,20.24,20.24,20.13,20.16,2992500,60368804.0
2026-04-14 13:25:00,2026-04-14,20260414132500000,000070,5,20.16,20.16,19.85,19.95,7657900,153271247.4
2026-04-14 13:30:00,2026-04-14,20260414133000000,000070,5,19.96,20.1,19.88,20.09,3533720,70592841.2
2026-04-14 13:35:00,2026-04-14,20260414133500000,000070,5,20.08,20.09,19.93,20.08,2191000,43840205.6
2026-04-14 13:40:00,2026-04-14,20260414134000000,000070,5,20.08,20.19,20.05,20.13,1676600,33775243.0
2026-04-14 13:45:00,2026-04-14,20260414134500000,000070,5,20.14,20.32,20.14,20.24,1759200,35605255.0
2026-04-14 13:50:00,2026-04-14,20260414135000000,000070,5,20.23,20.37,20.2,20.37,1461700,29679356.0
2026-04-14 13:55:00,2026-04-14,20260414135500000,000070,5,20.37,20.44,20.2,20.21,1598700,32509000.0
2026-04-14 14:00:00,2026-04-14,20260414140000000,000070,5,20.21,20.41,20.21,20.35,1264120,25641381.0
2026-04-14 14:05:00,2026-04-14,20260414140500000,000070,5,20.35,20.35,20.14,20.24,1683780,34075897.2
2026-04-14 14:10:00,2026-04-14,20260414141000000,000070,5,20.2,20.23,20.12,20.13,1200900,24223865.4
2026-04-14 14:15:00,2026-04-14,20260414141500000,000070,5,20.14,20.17,20.09,20.12,1321000,26586592.0
2026-04-14 14:20:00,2026-04-14,20260414142000000,000070,5,20.11,20.17,20.07,20.15,924100,18595713.0
2026-04-14 14:25:00,2026-04-14,20260414142500000,000070,5,20.15,20.2,20.13,20.16,1066300,21508529.0
2026-04-14 14:30:00,2026-04-14,20260414143000000,000070,5,20.16,20.23,20.15,20.23,1448000,29233659.0
2026-04-14 14:35:00,2026-04-14,20260414143500000,000070,5,20.23,20.34,20.23,20.26,1535700,31148539.8
2026-04-14 14:40:00,2026-04-14,20260414144000000,000070,5,20.26,20.31,20.24,20.27,1563200,31696581.0
2026-04-14 14:45:00,2026-04-14,20260414144500000,000070,5,20.27,20.31,20.24,20.31,2605800,52818763.0
2026-04-14 14:50:00,2026-04-14,20260414145000000,000070,5,20.31,20.35,20.24,20.25,4648200,94252761.0
2026-04-14 14:55:00,2026-04-14,20260414145500000,000070,5,20.26,20.3,20.24,20.27,4607000,93393586.28
2026-04-14 15:00:00,2026-04-14,20260414150000000,000070,5,20.28,20.29,20.24,20.28,5601204,113548859.52
2026-04-15 09:35:00,2026-04-15,20260415093500000,000070,5,19.99,20.2,19.71,19.9,14157620,281391454.3
2026-04-15 09:40:00,2026-04-15,20260415094000000,000070,5,19.92,19.94,19.53,19.53,9711700,190867181.0
2026-04-15 09:45:00,2026-04-15,20260415094500000,000070,5,19.53,19.85,19.53,19.85,5642100,111486528.0
2026-04-15 09:50:00,2026-04-15,20260415095000000,000070,5,19.85,19.99,19.83,19.96,3605000,71780105.0
2026-04-15 09:55:00,2026-04-15,20260415095500000,000070,5,19.96,20.02,19.85,19.89,3033700,60465619.0
2026-04-15 10:00:00,2026-04-15,20260415100000000,000070,5,19.89,19.89,19.8,19.86,2007400,39808050.0
2026-04-15 10:05:00,2026-04-15,20260415100500000,000070,5,19.86,19.93,19.68,19.93,2934400,58075446.0
2026-04-15 10:10:00,2026-04-15,20260415101000000,000070,5,19.93,19.93,19.71,19.74,1867700,36976465.2
2026-04-15 10:15:00,2026-04-15,20260415101500000,000070,5,19.74,19.74,19.43,19.54,8357000,163435313.0
2026-04-15 10:20:00,2026-04-15,20260415102000000,000070,5,19.56,19.71,19.56,19.64,2771180,54386260.18
2026-04-15 10:25:00,2026-04-15,20260415102500000,000070,5,19.64,19.67,19.52,19.52,3072000,60137304.0
2026-04-15 10:30:00,2026-04-15,20260415103000000,000070,5,19.52,19.63,19.52,19.59,2417360,47316560.4
2026-04-15 10:35:00,2026-04-15,20260415103500000,000070,5,19.59,19.59,19.49,19.5,2595600,50689939.0
2026-04-15 10:40:00,2026-04-15,20260415104000000,000070,5,19.51,19.55,19.36,19.37,5854200,113872810.16
2026-04-15 10:45:00,2026-04-15,20260415104500000,000070,5,19.36,19.37,19.26,19.33,4665542,90089239.5
2026-04-15 10:50:00,2026-04-15,20260415105000000,000070,5,19.33,19.35,19.22,19.25,3755700,72357178.0
2026-04-15 10:55:00,2026-04-15,20260415105500000,000070,5,19.25,19.41,19.2,19.21,2362400,45570649.0
2026-04-15 11:00:00,2026-04-15,20260415110000000,000070,5,19.21,19.3,19.21,19.23,1802000,34686729.0
2026-04-15 11:05:00,2026-04-15,20260415110500000,000070,5,19.25,19.31,19.22,19.28,1067200,20558918.0
2026-04-15 11:10:00,2026-04-15,20260415111000000,000070,5,19.3,19.3,19.18,19.19,2366700,45491555.0
2026-04-15 11:15:00,2026-04-15,20260415111500000,000070,5,19.2,19.29,19.16,19.26,2603000,49988973.0
2026-04-15 11:20:00,2026-04-15,20260415112000000,000070,5,19.26,19.37,19.26,19.3,1259000,24327360.0
2026-04-15 11:25:00,2026-04-15,20260415112500000,000070,5,19.29,19.3,19.17,19.23,1585000,30455051.0
2026-04-15 11:30:00,2026-04-15,20260415113000000,000070,5,19.23,19.3,19.23,19.3,630300,12143091.0
2026-04-15 13:05:00,2026-04-15,20260415130500000,000070,5,19.32,19.32,19.09,19.1,2574400,49305615.0
2026-04-15 13:10:00,2026-04-15,20260415131000000,000070,5,19.1,19.19,19.06,19.06,1689300,32309504.0
2026-04-15 13:15:00,2026-04-15,20260415131500000,000070,5,19.06,19.06,18.95,18.95,3627100,68963555.0
2026-04-15 13:20:00,2026-04-15,20260415132000000,000070,5,18.97,19.07,18.97,18.98,2407000,45753255.0
2026-04-15 13:25:00,2026-04-15,20260415132500000,000070,5,18.98,19.01,18.89,18.89,2146700,40694028.0
2026-04-15 13:30:00,2026-04-15,20260415133000000,000070,5,18.89,18.94,18.83,18.94,4848660,91532566.8
2026-04-15 13:35:00,2026-04-15,20260415133500000,000070,5,18.94,19.04,18.89,18.89,1870500,35465864.0
2026-04-15 13:40:00,2026-04-15,20260415134000000,000070,5,18.89,18.96,18.83,18.88,2050802,38739941.72
2026-04-15 13:45:00,2026-04-15,20260415134500000,000070,5,18.92,19.06,18.91,18.97,2270000,43109796.0
2026-04-15 13:50:00,2026-04-15,20260415135000000,000070,5,18.97,18.97,18.91,18.94,915400,17334801.0
2026-04-15 13:55:00,2026-04-15,20260415135500000,000070,5,18.93,19.09,18.93,19.09,1583800,30098969.0
2026-04-15 14:00:00,2026-04-15,20260415140000000,000070,5,19.07,19.08,19.0,19.02,1223900,23285157.0
2026-04-15 14:05:00,2026-04-15,20260415140500000,000070,5,19.02,19.03,18.93,18.95,839000,15919068.0
2026-04-15 14:10:00,2026-04-15,20260415141000000,000070,5,18.94,18.95,18.86,18.86,1471300,27794197.96
2026-04-15 14:15:00,2026-04-15,20260415141500000,000070,5,18.86,18.9,18.83,18.87,1519200,28648039.94
2026-04-15 14:20:00,2026-04-15,20260415142000000,000070,5,18.87,18.9,18.81,18.89,2568900,48369958.94
2026-04-15 14:25:00,2026-04-15,20260415142500000,000070,5,18.89,18.9,18.82,18.82,1040700,19634682.0
2026-04-15 14:30:00,2026-04-15,20260415143000000,000070,5,18.82,18.93,18.79,18.9,1944200,36635492.98
2026-04-15 14:35:00,2026-04-15,20260415143500000,000070,5,18.9,18.9,18.78,18.78,1780900,33525917.0
2026-04-15 14:40:00,2026-04-15,20260415144000000,000070,5,18.78,18.83,18.74,18.78,2992000,56154572.0
2026-04-15 14:45:00,2026-04-15,20260415144500000,000070,5,18.78,18.85,18.77,18.82,2256160,42452279.2
2026-04-15 14:50:00,2026-04-15,20260415145000000,000070,5,18.81,18.81,18.74,18.77,3480521,65321559.53
2026-04-15 14:55:00,2026-04-15,20260415145500000,000070,5,18.77,18.81,18.75,18.81,4769275,89533016.25
2026-04-15 15:00:00,2026-04-15,20260415150000000,000070,5,18.81,18.9,18.81,18.88,3819400,72089291.0
2026-04-16 09:35:00,2026-04-16,20260416093500000,000070,5,18.61,18.73,18.45,18.55,12657860,235226354.6
2026-04-16 09:40:00,2026-04-16,20260416094000000,000070,5,18.55,18.9,18.52,18.8,5643500,105383647.2
2026-04-16 09:45:00,2026-04-16,20260416094500000,000070,5,18.81,18.91,18.71,18.85,3491660,65770570.4
2026-04-16 09:50:00,2026-04-16,20260416095000000,000070,5,18.85,19.05,18.8,18.99,4394400,83319346.0
2026-04-16 09:55:00,2026-04-16,20260416095500000,000070,5,18.97,19.0,18.85,18.97,1945300,36817837.0
2026-04-16 10:00:00,2026-04-16,20260416100000000,000070,5,18.96,19.38,18.96,19.33,7567815,145406392.13
2026-04-16 10:05:00,2026-04-16,20260416100500000,000070,5,19.34,19.8,19.32,19.76,13798542,269967417.28
2026-04-16 10:10:00,2026-04-16,20260416101000000,000070,5,19.76,19.8,19.48,19.63,7236480,142217639.0
2026-04-16 10:15:00,2026-04-16,20260416101500000,000070,5,19.63,19.79,19.57,19.77,6223700,122708955.0
2026-04-16 10:20:00,2026-04-16,20260416102000000,000070,5,19.87,20.09,19.71,19.71,8403500,167255373.0
2026-04-16 10:25:00,2026-04-16,20260416102500000,000070,5,19.71,19.75,19.6,19.61,2319900,45645539.0
2026-04-16 10:30:00,2026-04-16,20260416103000000,000070,5,19.61,19.74,19.54,19.55,1856240,36406831.0
2026-04-16 10:35:00,2026-04-16,20260416103500000,000070,5,19.55,19.65,19.51,19.58,1420200,27822593.0
2026-04-16 10:40:00,2026-04-16,20260416104000000,000070,5,19.58,19.78,19.57,19.7,1349100,26510553.0
2026-04-16 10:45:00,2026-04-16,20260416104500000,000070,5,19.7,19.85,19.69,19.79,2189600,43276798.0
2026-04-16 10:50:00,2026-04-16,20260416105000000,000070,5,19.79,20.25,19.7,20.25,8755120,175680487.6
2026-04-16 10:55:00,2026-04-16,20260416105500000,000070,5,20.25,20.49,20.1,20.25,9220968,187241847.64
2026-04-16 11:00:00,2026-04-16,20260416110000000,000070,5,20.25,20.31,20.15,20.25,2763600,55877718.0
2026-04-16 11:05:00,2026-04-16,20260416110500000,000070,5,20.32,20.77,20.31,20.77,24634989,509749162.53
2026-04-16 11:10:00,2026-04-16,20260416111000000,000070,5,20.77,20.77,20.77,20.77,3895736,80914436.72
2026-04-16 11:15:00,2026-04-16,20260416111500000,000070,5,20.77,20.77,20.77,20.77,2435300,50581181.0
2026-04-16 11:20:00,2026-04-16,20260416112000000,000070,5,20.77,20.77,20.77,20.77,1521600,31603632.0
2026-04-16 11:25:00,2026-04-16,20260416112500000,000070,5,20.77,20.77,20.29,20.37,14081600,290739055.0
2026-04-16 11:30:00,2026-04-16,20260416113000000,000070,5,20.36,20.42,20.25,20.4,5261100,107011346.0
2026-04-16 13:05:00,2026-04-16,20260416130500000,000070,5,20.4,20.5,20.24,20.24,3790200,77183884.6
2026-04-16 13:10:00,2026-04-16,20260416131000000,000070,5,20.23,20.38,20.2,20.38,2253900,45675539.0
2026-04-16 13:15:00,2026-04-16,20260416131500000,000070,5,20.37,20.6,20.28,20.49,2774300,56854283.0
2026-04-16 13:20:00,2026-04-16,20260416132000000,000070,5,20.46,20.48,20.39,20.41,1360700,27818538.0
2026-04-16 13:25:00,2026-04-16,20260416132500000,000070,5,20.41,20.42,20.27,20.36,1346000,27376919.0
2026-04-16 13:30:00,2026-04-16,20260416133000000,000070,5,20.36,20.37,20.25,20.25,910100,18489290.0
2026-04-16 13:35:00,2026-04-16,20260416133500000,000070,5,20.25,20.4,20.25,20.4,1078980,21904820.0
2026-04-16 13:40:00,2026-04-16,20260416134000000,000070,5,20.4,20.58,20.39,20.53,2158747,44262877.3
2026-04-16 13:45:00,2026-04-16,20260416134500000,000070,5,20.52,20.62,20.45,20.48,1363500,28007019.0
2026-04-16 13:50:00,2026-04-16,20260416135000000,000070,5,20.48,20.76,20.47,20.69,4350520,89945812.6
2026-04-16 13:55:00,2026-04-16,20260416135500000,000070,5,20.68,20.77,20.62,20.72,6615700,137230110.0
2026-04-16 14:00:00,2026-04-16,20260416140000000,000070,5,20.72,20.77,20.71,20.77,8663800,179890802.0
2026-04-16 14:05:00,2026-04-16,20260416140500000,000070,5,20.77,20.77,20.68,20.76,6037640,125352262.8
2026-04-16 14:10:00,2026-04-16,20260416141000000,000070,5,20.75,20.77,20.63,20.76,4975020,103148137.6
2026-04-16 14:15:00,2026-04-16,20260416141500000,000070,5,20.77,20.77,20.74,20.76,2595300,53887983.0
2026-04-16 14:20:00,2026-04-16,20260416142000000,000070,5,20.76,20.77,20.75,20.77,1576940,32744018.2
2026-04-16 14:25:00,2026-04-16,20260416142500000,000070,5,20.77,20.77,20.73,20.76,1597400,33164037.0
2026-04-16 14:30:00,2026-04-16,20260416143000000,000070,5,20.77,20.77,20.76,20.76,2161720,44893039.4
2026-04-16 14:35:00,2026-04-16,20260416143500000,000070,5,20.77,20.77,20.76,20.77,1381732,28695088.44
2026-04-16 14:40:00,2026-04-16,20260416144000000,000070,5,20.77,20.77,20.77,20.77,387000,8037990.0
2026-04-16 14:45:00,2026-04-16,20260416144500000,000070,5,20.77,20.77,20.77,20.77,586200,12175374.0
2026-04-16 14:50:00,2026-04-16,20260416145000000,000070,5,20.77,20.77,20.77,20.77,569700,11832669.0
2026-04-16 14:55:00,2026-04-16,20260416145500000,000070,5,20.77,20.77,20.77,20.77,492200,10222994.0
2026-04-16 15:00:00,2026-04-16,20260416150000000,000070,5,20.77,20.77,20.77,20.77,453360,9416287.2
2026-04-17 09:35:00,2026-04-17,20260417093500000,000070,5,20.74,20.86,20.41,20.66,24365532,503840662.43
2026-04-17 09:40:00,2026-04-17,20260417094000000,000070,5,20.65,20.78,20.56,20.56,9825700,203051620.8
2026-04-17 09:45:00,2026-04-17,20260417094500000,000070,5,20.57,20.71,20.56,20.58,7032100,145016531.0
2026-04-17 09:50:00,2026-04-17,20260417095000000,000070,5,20.58,20.65,20.52,20.64,5668800,116777379.0
2026-04-17 09:55:00,2026-04-17,20260417095500000,000070,5,20.65,20.77,20.58,20.76,5588660,115562007.4
2026-04-17 10:00:00,2026-04-17,20260417100000000,000070,5,20.76,20.79,20.43,20.43,6557800,135466710.0
2026-04-17 10:05:00,2026-04-17,20260417100500000,000070,5,20.43,20.55,20.27,20.36,8494475,173003603.25
2026-04-17 10:10:00,2026-04-17,20260417101000000,000070,5,20.37,20.44,20.28,20.43,5062020,102955352.0
2026-04-17 10:15:00,2026-04-17,20260417101500000,000070,5,20.43,20.43,20.24,20.36,3652600,74116306.0
2026-04-17 10:20:00,2026-04-17,20260417102000000,000070,5,20.38,20.41,20.18,20.24,5114200,103648053.0
2026-04-17 10:25:00,2026-04-17,20260417102500000,000070,5,20.26,20.32,20.21,20.28,2628300,53294407.0
2026-04-17 10:30:00,2026-04-17,20260417103000000,000070,5,20.28,20.33,20.23,20.26,1887500,38276880.0
2026-04-17 10:35:00,2026-04-17,20260417103500000,000070,5,20.26,20.3,20.2,20.23,2560200,51853553.0
2026-04-17 10:40:00,2026-04-17,20260417104000000,000070,5,20.23,20.35,20.22,20.32,1336900,27116437.8
2026-04-17 10:45:00,2026-04-17,20260417104500000,000070,5,20.31,20.43,20.31,20.36,1689800,34449920.0
2026-04-17 10:50:00,2026-04-17,20260417105000000,000070,5,20.35,20.4,20.3,20.31,1185100,24124602.0
2026-04-17 10:55:00,2026-04-17,20260417105500000,000070,5,20.3,20.31,20.19,20.23,2559500,51766666.0
2026-04-17 11:00:00,2026-04-17,20260417110000000,000070,5,20.23,20.38,20.22,20.35,1101800,22363960.0
2026-04-17 11:05:00,2026-04-17,20260417110500000,000070,5,20.35,20.38,20.24,20.26,1302200,26456507.0
2026-04-17 11:10:00,2026-04-17,20260417111000000,000070,5,20.26,20.38,20.26,20.34,1069100,21734445.0
2026-04-17 11:15:00,2026-04-17,20260417111500000,000070,5,20.36,20.36,20.31,20.36,872000,17737757.0
2026-04-17 11:20:00,2026-04-17,20260417112000000,000070,5,20.38,20.4,20.31,20.33,1006800,20492112.0
2026-04-17 11:25:00,2026-04-17,20260417112500000,000070,5,20.34,20.34,20.24,20.33,1827300,37055249.0
2026-04-17 11:30:00,2026-04-17,20260417113000000,000070,5,20.33,20.33,20.19,20.23,1764900,35706440.0
2026-04-17 13:05:00,2026-04-17,20260417130500000,000070,5,20.23,20.31,20.16,20.3,3496700,70778019.0
2026-04-17 13:10:00,2026-04-17,20260417131000000,000070,5,20.29,20.29,20.18,20.28,1508400,30500205.0
2026-04-17 13:15:00,2026-04-17,20260417131500000,000070,5,20.28,20.3,20.25,20.29,1175400,23833520.0
2026-04-17 13:20:00,2026-04-17,20260417132000000,000070,5,20.28,20.3,20.24,20.27,1307900,26521147.0
2026-04-17 13:25:00,2026-04-17,20260417132500000,000070,5,20.27,20.4,20.26,20.38,1770500,35995763.0
2026-04-17 13:30:00,2026-04-17,20260417133000000,000070,5,20.37,20.38,20.3,20.3,819300,16666635.0
2026-04-17 13:35:00,2026-04-17,20260417133500000,000070,5,20.3,20.32,20.27,20.28,1297500,26337059.0
2026-04-17 13:40:00,2026-04-17,20260417134000000,000070,5,20.28,20.3,20.23,20.28,1185800,24029304.0
2026-04-17 13:45:00,2026-04-17,20260417134500000,000070,5,20.27,20.33,20.23,20.33,1252900,25397452.0
2026-04-17 13:50:00,2026-04-17,20260417135000000,000070,5,20.32,20.36,20.29,20.32,887000,18029433.0
2026-04-17 13:55:00,2026-04-17,20260417135500000,000070,5,20.32,20.36,20.31,20.32,1196800,24332669.0
2026-04-17 14:00:00,2026-04-17,20260417140000000,000070,5,20.32,20.38,20.3,20.38,924720,18794982.4
2026-04-17 14:05:00,2026-04-17,20260417140500000,000070,5,20.38,20.4,20.34,20.37,1542100,31421013.0
2026-04-17 14:10:00,2026-04-17,20260417141000000,000070,5,20.38,20.4,20.32,20.32,959500,19545573.0
2026-04-17 14:15:00,2026-04-17,20260417141500000,000070,5,20.32,20.36,20.3,20.32,941900,19148416.0
2026-04-17 14:20:00,2026-04-17,20260417142000000,000070,5,20.32,20.32,20.26,20.27,1232000,24983875.0
2026-04-17 14:25:00,2026-04-17,20260417142500000,000070,5,20.26,20.28,20.24,20.27,1267100,25665329.0
2026-04-17 14:30:00,2026-04-17,20260417143000000,000070,5,20.26,20.33,20.26,20.29,1532500,31090101.0
2026-04-17 14:35:00,2026-04-17,20260417143500000,000070,5,20.29,20.34,20.28,20.33,2080800,42248548.0
2026-04-17 14:40:00,2026-04-17,20260417144000000,000070,5,20.34,20.37,20.32,20.35,2031500,41333352.0
2026-04-17 14:45:00,2026-04-17,20260417144500000,000070,5,20.35,20.37,20.33,20.35,2162800,44008799.0
2026-04-17 14:50:00,2026-04-17,20260417145000000,000070,5,20.35,20.36,20.29,20.31,2799300,56873143.0
2026-04-17 14:55:00,2026-04-17,20260417145500000,000070,5,20.31,20.34,20.3,20.32,3513660,71369989.0
2026-04-17 15:00:00,2026-04-17,20260417150000000,000070,5,20.31,20.33,20.3,20.33,4299700,87374425.0
2026-04-20 09:35:00,2026-04-20,20260420093500000,000070,5,20.71,20.85,20.31,20.62,20759100,428031017.0
2026-04-20 09:40:00,2026-04-20,20260420094000000,000070,5,20.63,20.67,20.41,20.41,8046800,165108020.0
2026-04-20 09:45:00,2026-04-20,20260420094500000,000070,5,20.41,20.74,20.41,20.68,8274300,170502740.88
2026-04-20 09:50:00,2026-04-20,20260420095000000,000070,5,20.68,20.98,20.68,20.85,13164500,274020162.0
2026-04-20 09:55:00,2026-04-20,20260420095500000,000070,5,20.85,21.12,20.78,21.12,9780800,204675029.0
2026-04-20 10:00:00,2026-04-20,20260420100000000,000070,5,21.16,21.31,21.12,21.24,10960300,232527110.0
2026-04-20 10:05:00,2026-04-20,20260420100500000,000070,5,21.19,21.19,21.05,21.16,5226700,110440388.4
2026-04-20 10:10:00,2026-04-20,20260420101000000,000070,5,21.15,21.2,21.02,21.02,3354500,70857910.0
2026-04-20 10:15:00,2026-04-20,20260420101500000,000070,5,21.02,21.07,20.91,20.98,3136900,65878499.0
2026-04-20 10:20:00,2026-04-20,20260420102000000,000070,5,20.96,21.23,20.95,21.14,3697500,78108777.0
2026-04-20 10:25:00,2026-04-20,20260420102500000,000070,5,21.14,21.14,21.0,21.09,1736660,36585545.0
2026-04-20 10:30:00,2026-04-20,20260420103000000,000070,5,21.1,21.15,21.03,21.1,1658461,34997470.73
2026-04-20 10:35:00,2026-04-20,20260420103500000,000070,5,21.1,21.12,21.0,21.02,1923100,40458561.8
2026-04-20 10:40:00,2026-04-20,20260420104000000,000070,5,21.02,21.03,20.98,21.01,1325300,27838053.8
2026-04-20 10:45:00,2026-04-20,20260420104500000,000070,5,21.01,21.1,21.0,21.0,1276900,26888252.0
2026-04-20 10:50:00,2026-04-20,20260420105000000,000070,5,21.0,21.22,20.99,21.17,2240040,47344193.6
2026-04-20 10:55:00,2026-04-20,20260420105500000,000070,5,21.15,21.22,21.1,21.15,1916300,40576779.0
2026-04-20 11:00:00,2026-04-20,20260420110000000,000070,5,21.15,21.16,21.08,21.13,1185000,25040577.0
2026-04-20 11:05:00,2026-04-20,20260420110500000,000070,5,21.12,21.15,21.06,21.06,1395900,29464587.0
2026-04-20 11:10:00,2026-04-20,20260420111000000,000070,5,21.07,21.08,20.98,20.98,1374500,28883600.0
2026-04-20 11:15:00,2026-04-20,20260420111500000,000070,5,20.97,21.0,20.92,20.95,1330500,27879189.0
2026-04-20 11:20:00,2026-04-20,20260420112000000,000070,5,20.97,20.98,20.87,20.91,1665700,34844550.0
2026-04-20 11:25:00,2026-04-20,20260420112500000,000070,5,20.9,20.94,20.89,20.93,832200,17400672.0
2026-04-20 11:30:00,2026-04-20,20260420113000000,000070,5,20.95,20.98,20.87,20.94,1374500,28748945.0
2026-04-20 13:05:00,2026-04-20,20260420130500000,000070,5,20.93,21.05,20.87,21.05,2188340,45833160.0
2026-04-20 13:10:00,2026-04-20,20260420131000000,000070,5,21.05,21.14,21.0,21.03,1712400,36046689.0
2026-04-20 13:15:00,2026-04-20,20260420131500000,000070,5,21.02,21.02,20.92,20.93,854100,17892979.0
2026-04-20 13:20:00,2026-04-20,20260420132000000,000070,5,20.94,20.97,20.86,20.92,2311600,48321867.0
2026-04-20 13:25:00,2026-04-20,20260420132500000,000070,5,20.92,20.97,20.9,20.96,1160600,24292914.0
2026-04-20 13:30:00,2026-04-20,20260420133000000,000070,5,20.94,21.03,20.93,20.99,1091031,22906074.69
2026-04-20 13:35:00,2026-04-20,20260420133500000,000070,5,20.98,21.03,20.98,21.02,1171100,24605657.0
2026-04-20 13:40:00,2026-04-20,20260420134000000,000070,5,21.02,21.03,20.93,20.94,1181200,24781111.0
2026-04-20 13:45:00,2026-04-20,20260420134500000,000070,5,20.94,20.98,20.92,20.96,972500,20371372.0
2026-04-20 13:50:00,2026-04-20,20260420135000000,000070,5,20.97,20.98,20.9,20.91,1257900,26338571.2
2026-04-20 13:55:00,2026-04-20,20260420135500000,000070,5,20.91,20.93,20.85,20.92,1900900,39725365.0
2026-04-20 14:00:00,2026-04-20,20260420140000000,000070,5,20.92,20.98,20.9,20.98,1007600,21097577.0
2026-04-20 14:05:00,2026-04-20,20260420140500000,000070,5,20.98,21.06,20.93,20.99,1356600,28481821.0
2026-04-20 14:10:00,2026-04-20,20260420141000000,000070,5,20.99,21.03,20.97,20.98,1005400,21111450.0
2026-04-20 14:15:00,2026-04-20,20260420141500000,000070,5,20.99,21.03,20.99,21.0,1236800,25978222.4
2026-04-20 14:20:00,2026-04-20,20260420142000000,000070,5,21.0,21.03,20.95,20.99,1123900,23587087.0
2026-04-20 14:25:00,2026-04-20,20260420142500000,000070,5,21.0,21.06,20.98,21.05,1593400,33493301.8
2026-04-20 14:30:00,2026-04-20,20260420143000000,000070,5,21.05,21.06,21.0,21.01,1631400,34322353.8
2026-04-20 14:35:00,2026-04-20,20260420143500000,000070,5,21.0,21.02,20.98,21.01,1702200,35737893.0
2026-04-20 14:40:00,2026-04-20,20260420144000000,000070,5,21.01,21.05,21.0,21.05,1854500,38998817.0
2026-04-20 14:45:00,2026-04-20,20260420144500000,000070,5,21.05,21.1,21.04,21.08,3259700,68681016.0
2026-04-20 14:50:00,2026-04-20,20260420145000000,000070,5,21.07,21.16,21.04,21.15,3960600,83564688.0
2026-04-20 14:55:00,2026-04-20,20260420145500000,000070,5,21.15,21.16,21.11,21.13,4508900,95285078.0
2026-04-20 15:00:00,2026-04-20,20260420150000000,000070,5,21.13,21.13,20.95,21.03,5435865,114368791.95
2026-04-21 09:35:00,2026-04-21,20260421093500000,000070,5,20.43,20.98,20.35,20.71,15675400,324119413.0
2026-04-21 09:40:00,2026-04-21,20260421094000000,000070,5,20.71,20.74,20.33,20.33,9201900,188543587.0
2026-04-21 09:45:00,2026-04-21,20260421094500000,000070,5,20.34,20.36,20.06,20.35,9775365,197208654.8
2026-04-21 09:50:00,2026-04-21,20260421095000000,000070,5,20.36,20.57,20.26,20.45,5591300,114211888.2
2026-04-21 09:55:00,2026-04-21,20260421095500000,000070,5,20.45,20.6,20.37,20.51,4247500,87092789.0
2026-04-21 10:00:00,2026-04-21,20260421100000000,000070,5,20.52,20.79,20.46,20.75,3332040,68724424.0
2026-04-21 10:05:00,2026-04-21,20260421100500000,000070,5,20.73,20.73,20.48,20.57,2605000,53609889.0
2026-04-21 10:10:00,2026-04-21,20260421101000000,000070,5,20.6,20.6,20.44,20.44,1680600,34463773.0
2026-04-21 10:15:00,2026-04-21,20260421101500000,000070,5,20.45,20.5,20.34,20.42,1749200,35692632.0
2026-04-21 10:20:00,2026-04-21,20260421102000000,000070,5,20.41,20.44,20.28,20.3,2284300,46458228.0
2026-04-21 10:25:00,2026-04-21,20260421102500000,000070,5,20.3,20.3,20.16,20.16,2501000,50548281.0
2026-04-21 10:30:00,2026-04-21,20260421103000000,000070,5,20.16,20.16,20.01,20.08,4089100,82092338.0
2026-04-21 10:35:00,2026-04-21,20260421103500000,000070,5,20.09,20.19,20.09,20.17,1403100,28281445.0
2026-04-21 10:40:00,2026-04-21,20260421104000000,000070,5,20.17,20.22,20.1,20.22,1306400,26341677.0
2026-04-21 10:45:00,2026-04-21,20260421104500000,000070,5,20.23,20.33,20.23,20.27,925400,18770169.0
2026-04-21 10:50:00,2026-04-21,20260421105000000,000070,5,20.27,20.29,20.21,20.22,750100,15197509.0
2026-04-21 10:55:00,2026-04-21,20260421105500000,000070,5,20.22,20.31,20.21,20.31,721000,14615709.0
2026-04-21 11:00:00,2026-04-21,20260421110000000,000070,5,20.3,20.5,20.3,20.46,1151900,23489320.0
2026-04-21 11:05:00,2026-04-21,20260421110500000,000070,5,20.46,20.68,20.42,20.68,2547900,52336344.0
2026-04-21 11:10:00,2026-04-21,20260421111000000,000070,5,20.69,20.82,20.53,20.53,2791800,57819778.0
2026-04-21 11:15:00,2026-04-21,20260421111500000,000070,5,20.53,20.57,20.48,20.55,610300,12520665.0
2026-04-21 11:20:00,2026-04-21,20260421112000000,000070,5,20.55,20.64,20.52,20.55,915600,18847691.0
2026-04-21 11:25:00,2026-04-21,20260421112500000,000070,5,20.55,20.56,20.49,20.52,513600,10540404.0
2026-04-21 11:30:00,2026-04-21,20260421113000000,000070,5,20.53,20.61,20.51,20.61,989000,20328039.0
2026-04-21 13:05:00,2026-04-21,20260421130500000,000070,5,20.59,20.76,20.51,20.53,1363595,28132771.3
2026-04-21 13:10:00,2026-04-21,20260421131000000,000070,5,20.51,20.65,20.51,20.51,782700,16093012.0
2026-04-21 13:15:00,2026-04-21,20260421131500000,000070,5,20.52,20.6,20.47,20.56,737400,15145639.0
2026-04-21 13:20:00,2026-04-21,20260421132000000,000070,5,20.54,20.56,20.45,20.51,776300,15916212.0
2026-04-21 13:25:00,2026-04-21,20260421132500000,000070,5,20.51,20.59,20.49,20.53,917600,18842130.0
2026-04-21 13:30:00,2026-04-21,20260421133000000,000070,5,20.53,20.61,20.47,20.53,759000,15590738.0
2026-04-21 13:35:00,2026-04-21,20260421133500000,000070,5,20.53,20.56,20.51,20.51,605300,12430456.0
2026-04-21 13:40:00,2026-04-21,20260421134000000,000070,5,20.5,20.55,20.48,20.54,872500,17899444.0
2026-04-21 13:45:00,2026-04-21,20260421134500000,000070,5,20.54,20.55,20.45,20.47,1088900,22312016.0
2026-04-21 13:50:00,2026-04-21,20260421135000000,000070,5,20.48,20.51,20.45,20.45,796500,16304136.0
2026-04-21 13:55:00,2026-04-21,20260421135500000,000070,5,20.45,20.52,20.41,20.51,1101800,22546547.0
2026-04-21 14:00:00,2026-04-21,20260421140000000,000070,5,20.51,20.53,20.37,20.4,1251600,25594628.0
2026-04-21 14:05:00,2026-04-21,20260421140500000,000070,5,20.4,20.42,20.35,20.36,1042100,21241645.0
2026-04-21 14:10:00,2026-04-21,20260421141000000,000070,5,20.36,20.37,20.29,20.29,1198400,24362515.0
2026-04-21 14:15:00,2026-04-21,20260421141500000,000070,5,20.29,20.34,20.28,20.28,1104500,22426551.0
2026-04-21 14:20:00,2026-04-21,20260421142000000,000070,5,20.28,20.31,20.27,20.31,892300,18101885.0
2026-04-21 14:25:00,2026-04-21,20260421142500000,000070,5,20.31,20.35,20.28,20.34,996100,20236055.0
2026-04-21 14:30:00,2026-04-21,20260421143000000,000070,5,20.34,20.38,20.32,20.38,1010500,20564053.0
2026-04-21 14:35:00,2026-04-21,20260421143500000,000070,5,20.38,20.45,20.37,20.39,1440000,29389394.0
2026-04-21 14:40:00,2026-04-21,20260421144000000,000070,5,20.39,20.46,20.37,20.45,1461800,29835957.0
2026-04-21 14:45:00,2026-04-21,20260421144500000,000070,5,20.45,20.51,20.43,20.48,1374500,28153328.0
2026-04-21 14:50:00,2026-04-21,20260421145000000,000070,5,20.48,20.54,20.47,20.48,1840800,37732353.0
2026-04-21 14:55:00,2026-04-21,20260421145500000,000070,5,20.48,20.5,20.45,20.48,2423300,49633125.0
2026-04-21 15:00:00,2026-04-21,20260421150000000,000070,5,20.49,20.49,20.47,20.48,2868900,58755086.0
2026-04-22 09:35:00,2026-04-22,20260422093500000,000070,5,20.03,20.89,19.99,20.77,13403300,273633856.0
2026-04-22 09:40:00,2026-04-22,20260422094000000,000070,5,20.81,21.1,20.79,20.83,12979700,272176781.0
2026-04-22 09:45:00,2026-04-22,20260422094500000,000070,5,20.83,21.36,20.81,21.27,12589300,266460607.0
2026-04-22 09:50:00,2026-04-22,20260422095000000,000070,5,21.3,22.05,21.3,21.9,23988260,524263242.8
2026-04-22 09:55:00,2026-04-22,20260422095500000,000070,5,21.9,22.2,21.64,21.64,11366978,249087383.52
2026-04-22 10:00:00,2026-04-22,20260422100000000,000070,5,21.63,21.64,21.42,21.55,5417700,116720607.0
2026-04-22 10:05:00,2026-04-22,20260422100500000,000070,5,21.52,21.64,21.44,21.63,4404900,94783120.0
2026-04-22 10:10:00,2026-04-22,20260422101000000,000070,5,21.64,21.64,21.46,21.55,2751900,59303786.0
2026-04-22 10:15:00,2026-04-22,20260422101500000,000070,5,21.57,21.57,21.36,21.45,3359220,72012848.6
2026-04-22 10:20:00,2026-04-22,20260422102000000,000070,5,21.44,21.61,21.42,21.58,2171900,46797971.0
2026-04-22 10:25:00,2026-04-22,20260422102500000,000070,5,21.57,21.77,21.53,21.65,3272100,70953231.0
2026-04-22 10:30:00,2026-04-22,20260422103000000,000070,5,21.64,21.74,21.59,21.61,1732200,37504441.0
2026-04-22 10:35:00,2026-04-22,20260422103500000,000070,5,21.6,21.61,21.52,21.58,1228500,26510798.0
2026-04-22 10:40:00,2026-04-22,20260422104000000,000070,5,21.55,21.58,21.49,21.53,1172400,25225214.0
2026-04-22 10:45:00,2026-04-22,20260422104500000,000070,5,21.54,21.55,21.46,21.51,1491700,32061157.0
2026-04-22 10:50:00,2026-04-22,20260422105000000,000070,5,21.51,21.65,21.48,21.57,1539000,33155443.0
2026-04-22 10:55:00,2026-04-22,20260422105500000,000070,5,21.57,21.69,21.48,21.64,1202900,25968256.0
2026-04-22 11:00:00,2026-04-22,20260422110000000,000070,5,21.64,21.77,21.64,21.69,1464900,31789577.0
2026-04-22 11:05:00,2026-04-22,20260422110500000,000070,5,21.69,21.88,21.63,21.67,1853900,40300318.0
2026-04-22 11:10:00,2026-04-22,20260422111000000,000070,5,21.68,21.69,21.61,21.66,952800,20631630.0
2026-04-22 11:15:00,2026-04-22,20260422111500000,000070,5,21.67,21.69,21.58,21.69,869300,18794537.0
2026-04-22 11:20:00,2026-04-22,20260422112000000,000070,5,21.65,21.69,21.63,21.63,516700,11194018.0
2026-04-22 11:25:00,2026-04-22,20260422112500000,000070,5,21.63,21.69,21.57,21.69,969700,20975470.0
2026-04-22 11:30:00,2026-04-22,20260422113000000,000070,5,21.7,21.74,21.67,21.73,1070000,23225718.0
2026-04-22 13:05:00,2026-04-22,20260422130500000,000070,5,21.73,21.77,21.54,21.55,1904100,41262324.0
2026-04-22 13:10:00,2026-04-22,20260422131000000,000070,5,21.56,21.62,21.54,21.56,713300,15385373.0
2026-04-22 13:15:00,2026-04-22,20260422131500000,000070,5,21.57,21.57,21.49,21.49,1254100,26976835.0
2026-04-22 13:20:00,2026-04-22,20260422132000000,000070,5,21.49,21.51,21.43,21.45,1393800,29921956.0
2026-04-22 13:25:00,2026-04-22,20260422132500000,000070,5,21.46,21.48,21.36,21.37,1616600,34618134.0
2026-04-22 13:30:00,2026-04-22,20260422133000000,000070,5,21.36,21.48,21.35,21.39,1235300,26461027.6
2026-04-22 13:35:00,2026-04-22,20260422133500000,000070,5,21.39,21.44,21.31,21.31,1680800,35904399.0
2026-04-22 13:40:00,2026-04-22,20260422134000000,000070,5,21.33,21.4,21.31,21.37,1390800,29704940.0
2026-04-22 13:45:00,2026-04-22,20260422134500000,000070,5,21.36,21.41,21.31,21.31,1072500,22904172.0
2026-04-22 13:50:00,2026-04-22,20260422135000000,000070,5,21.31,21.34,21.24,21.24,2019600,42999316.0
2026-04-22 13:55:00,2026-04-22,20260422135500000,000070,5,21.24,21.25,21.19,21.22,2330900,49452564.1
2026-04-22 14:00:00,2026-04-22,20260422140000000,000070,5,21.23,21.31,21.17,21.28,1801600,38249027.0
2026-04-22 14:05:00,2026-04-22,20260422140500000,000070,5,21.27,21.31,21.23,21.3,1560500,33207574.0
2026-04-22 14:10:00,2026-04-22,20260422141000000,000070,5,21.29,21.3,21.23,21.23,1118200,23779332.4
2026-04-22 14:15:00,2026-04-22,20260422141500000,000070,5,21.24,21.31,21.24,21.29,1492700,31765347.0
2026-04-22 14:20:00,2026-04-22,20260422142000000,000070,5,21.29,21.31,21.26,21.26,941100,20030052.0
2026-04-22 14:25:00,2026-04-22,20260422142500000,000070,5,21.26,21.3,21.26,21.3,800600,17037761.0
2026-04-22 14:30:00,2026-04-22,20260422143000000,000070,5,21.3,21.3,21.24,21.24,1282200,27267969.0
2026-04-22 14:35:00,2026-04-22,20260422143500000,000070,5,21.23,21.31,21.21,21.25,2172700,46217639.0
2026-04-22 14:40:00,2026-04-22,20260422144000000,000070,5,21.25,21.27,21.22,21.26,1465800,31147528.0
2026-04-22 14:45:00,2026-04-22,20260422144500000,000070,5,21.26,21.26,21.22,21.24,1816524,38592383.28
2026-04-22 14:50:00,2026-04-22,20260422145000000,000070,5,21.24,21.27,21.23,21.24,1881600,39982271.6
2026-04-22 14:55:00,2026-04-22,20260422145500000,000070,5,21.24,21.25,21.22,21.23,3625363,76987228.63
2026-04-22 15:00:00,2026-04-22,20260422150000000,000070,5,21.24,21.25,21.23,21.25,3403900,72319404.0
2026-04-23 09:35:00,2026-04-23,20260423093500000,000070,5,21.01,21.63,20.82,21.62,13587740,287639709.6
2026-04-23 09:40:00,2026-04-23,20260423094000000,000070,5,21.61,21.98,21.59,21.68,11815691,257470541.17
2026-04-23 09:45:00,2026-04-23,20260423094500000,000070,5,21.7,21.74,21.47,21.62,7414800,160439390.0
2026-04-23 09:50:00,2026-04-23,20260423095000000,000070,5,21.62,21.68,21.26,21.28,6454390,138188407.4
2026-04-23 09:55:00,2026-04-23,20260423095500000,000070,5,21.28,21.28,20.87,20.9,5556210,116854336.7
2026-04-23 10:00:00,2026-04-23,20260423100000000,000070,5,20.92,20.98,20.62,20.77,6367820,132167263.4
2026-04-23 10:05:00,2026-04-23,20260423100500000,000070,5,20.77,20.93,20.61,20.67,4123300,85523502.0
2026-04-23 10:10:00,2026-04-23,20260423101000000,000070,5,20.65,20.65,20.5,20.63,3901300,80270465.0
2026-04-23 10:15:00,2026-04-23,20260423101500000,000070,5,20.6,20.61,20.31,20.47,5044300,103036882.0
2026-04-23 10:20:00,2026-04-23,20260423102000000,000070,5,20.47,20.91,20.44,20.78,3288600,68028568.0
2026-04-23 10:25:00,2026-04-23,20260423102500000,000070,5,20.81,21.05,20.66,21.01,2162200,45117093.0
2026-04-23 10:30:00,2026-04-23,20260423103000000,000070,5,21.04,21.05,20.8,20.87,1404400,29346806.0
2026-04-23 10:35:00,2026-04-23,20260423103500000,000070,5,20.87,20.97,20.84,20.89,1039800,21734738.0
2026-04-23 10:40:00,2026-04-23,20260423104000000,000070,5,20.87,20.95,20.81,20.81,834000,17404501.0
2026-04-23 10:45:00,2026-04-23,20260423104500000,000070,5,20.81,20.9,20.74,20.81,1090920,22699655.4
2026-04-23 10:50:00,2026-04-23,20260423105000000,000070,5,20.81,20.82,20.71,20.72,934600,19398536.0
2026-04-23 10:55:00,2026-04-23,20260423105500000,000070,5,20.74,20.83,20.74,20.83,576800,11991743.0
2026-04-23 11:00:00,2026-04-23,20260423110000000,000070,5,20.84,21.47,20.84,21.25,3456300,73277792.0
2026-04-23 11:05:00,2026-04-23,20260423110500000,000070,5,21.25,21.45,21.25,21.26,3941500,84255319.0
2026-04-23 11:10:00,2026-04-23,20260423111000000,000070,5,21.24,21.24,20.94,21.0,1307600,27519504.0
2026-04-23 11:15:00,2026-04-23,20260423111500000,000070,5,21.01,21.09,20.91,21.0,1311600,27560398.0
2026-04-23 11:20:00,2026-04-23,20260423112000000,000070,5,20.98,20.99,20.91,20.92,591400,12387107.0
2026-04-23 11:25:00,2026-04-23,20260423112500000,000070,5,20.93,20.97,20.82,20.84,690100,14403855.0
2026-04-23 11:30:00,2026-04-23,20260423113000000,000070,5,20.84,20.87,20.76,20.81,647500,13476831.0
2026-04-23 13:05:00,2026-04-23,20260423130500000,000070,5,20.8,20.8,20.66,20.73,1183700,24531717.0
2026-04-23 13:10:00,2026-04-23,20260423131000000,000070,5,20.75,20.79,20.69,20.79,522000,10823534.0
2026-04-23 13:15:00,2026-04-23,20260423131500000,000070,5,20.79,20.81,20.7,20.81,828700,17201740.0
2026-04-23 13:20:00,2026-04-23,20260423132000000,000070,5,20.81,20.95,20.79,20.95,783400,16362205.0
2026-04-23 13:25:00,2026-04-23,20260423132500000,000070,5,20.95,20.95,20.8,20.8,561000,11716270.0
2026-04-23 13:30:00,2026-04-23,20260423133000000,000070,5,20.8,20.83,20.76,20.77,620500,12903328.0
2026-04-23 13:35:00,2026-04-23,20260423133500000,000070,5,20.76,21.04,20.74,20.99,845900,17654136.0
2026-04-23 13:40:00,2026-04-23,20260423134000000,000070,5,21.0,21.12,20.99,21.01,918700,19339067.0
2026-04-23 13:45:00,2026-04-23,20260423134500000,000070,5,21.01,21.08,21.0,21.03,769600,16183828.0
2026-04-23 13:50:00,2026-04-23,20260423135000000,000070,5,21.02,21.15,21.02,21.12,719100,15165953.0
2026-04-23 13:55:00,2026-04-23,20260423135500000,000070,5,21.09,21.1,20.92,20.97,816200,17143648.0
2026-04-23 14:00:00,2026-04-23,20260423140000000,000070,5,20.98,21.03,20.97,21.02,516700,10852024.0
2026-04-23 14:05:00,2026-04-23,20260423140500000,000070,5,21.01,21.04,20.89,20.95,953980,19999764.0
2026-04-23 14:10:00,2026-04-23,20260423141000000,000070,5,20.91,21.1,20.9,21.0,2022900,42475047.0
2026-04-23 14:15:00,2026-04-23,20260423141500000,000070,5,21.02,21.06,20.94,20.96,782800,16436711.0
2026-04-23 14:20:00,2026-04-23,20260423142000000,000070,5,20.97,20.98,20.9,20.9,758000,15872672.0
2026-04-23 14:25:00,2026-04-23,20260423142500000,000070,5,20.9,20.97,20.81,20.9,954800,19926173.0
2026-04-23 14:30:00,2026-04-23,20260423143000000,000070,5,20.91,20.94,20.83,20.84,846800,17673410.0
2026-04-23 14:35:00,2026-04-23,20260423143500000,000070,5,20.84,20.95,20.81,20.93,704000,14691387.0
2026-04-23 14:40:00,2026-04-23,20260423144000000,000070,5,20.93,21.03,20.88,20.97,1589600,33290879.0
2026-04-23 14:45:00,2026-04-23,20260423144500000,000070,5,20.95,21.0,20.91,20.98,917800,19233558.0
2026-04-23 14:50:00,2026-04-23,20260423145000000,000070,5,20.99,21.0,20.89,20.92,2202600,46154115.6
2026-04-23 14:55:00,2026-04-23,20260423145500000,000070,5,20.93,20.99,20.9,20.97,2204480,46180576.8
2026-04-23 15:00:00,2026-04-23,20260423150000000,000070,5,20.98,21.01,20.96,20.99,2841900,59639794.0
2026-04-24 09:35:00,2026-04-24,20260424093500000,000070,5,20.51,22.34,20.51,21.2,23603543,515349507.36
2026-04-24 09:40:00,2026-04-24,20260424094000000,000070,5,21.17,21.3,20.88,21.07,6382100,134377119.56
2026-04-24 09:45:00,2026-04-24,20260424094500000,000070,5,20.98,21.02,20.37,20.37,5850400,120664729.0
2026-04-24 09:50:00,2026-04-24,20260424095000000,000070,5,20.37,20.71,20.24,20.71,4707140,95898123.8
2026-04-24 09:55:00,2026-04-24,20260424095500000,000070,5,20.63,20.63,20.13,20.19,3914060,79745895.4
2026-04-24 10:00:00,2026-04-24,20260424100000000,000070,5,20.19,20.29,20.11,20.22,3283900,66297828.0
2026-04-24 10:05:00,2026-04-24,20260424100500000,000070,5,20.15,20.15,19.9,19.9,5398200,108113141.0
2026-04-24 10:10:00,2026-04-24,20260424101000000,000070,5,19.89,20.0,19.8,19.82,3569400,71022911.0
2026-04-24 10:15:00,2026-04-24,20260424101500000,000070,5,19.82,20.01,19.69,20.01,4234500,83874265.0
2026-04-24 10:20:00,2026-04-24,20260424102000000,000070,5,20.01,20.01,19.71,19.72,2653173,52575166.4
2026-04-24 10:25:00,2026-04-24,20260424102500000,000070,5,19.73,20.02,19.69,19.9,2394791,47459488.7
2026-04-24 10:30:00,2026-04-24,20260424103000000,000070,5,19.9,20.3,19.9,20.1,2510000,50683697.0
2026-04-24 10:35:00,2026-04-24,20260424103500000,000070,5,20.1,20.27,20.07,20.14,902400,18184353.0
2026-04-24 10:40:00,2026-04-24,20260424104000000,000070,5,20.14,20.28,20.14,20.2,943300,19077116.0
2026-04-24 10:45:00,2026-04-24,20260424104500000,000070,5,20.19,20.37,20.17,20.18,1499900,30403228.0
2026-04-24 10:50:00,2026-04-24,20260424105000000,000070,5,20.18,20.21,20.0,20.0,936600,18830993.0
2026-04-24 10:55:00,2026-04-24,20260424105500000,000070,5,20.0,20.14,19.95,20.13,1299100,25989943.0
2026-04-24 11:00:00,2026-04-24,20260424110000000,000070,5,20.22,20.23,20.09,20.14,604300,12185948.0
2026-04-24 11:05:00,2026-04-24,20260424110500000,000070,5,20.13,20.14,19.98,20.0,768200,15386127.0
2026-04-24 11:10:00,2026-04-24,20260424111000000,000070,5,20.0,20.03,19.88,19.9,1313000,26184714.0
2026-04-24 11:15:00,2026-04-24,20260424111500000,000070,5,19.91,19.94,19.89,19.91,733400,14602906.0
2026-04-24 11:20:00,2026-04-24,20260424112000000,000070,5,19.9,19.98,19.9,19.93,557200,11104931.0
2026-04-24 11:25:00,2026-04-24,20260424112500000,000070,5,19.93,19.95,19.82,19.82,1094400,21769913.0
2026-04-24 11:30:00,2026-04-24,20260424113000000,000070,5,19.84,19.86,19.8,19.81,845400,16754427.0
2026-04-24 13:05:00,2026-04-24,20260424130500000,000070,5,19.81,19.95,19.76,19.79,1765900,35031854.0
2026-04-24 13:10:00,2026-04-24,20260424131000000,000070,5,19.78,19.78,19.65,19.69,2585609,50889333.3
2026-04-24 13:15:00,2026-04-24,20260424131500000,000070,5,19.69,19.74,19.6,19.74,1248800,24539813.0
2026-04-24 13:20:00,2026-04-24,20260424132000000,000070,5,19.74,19.74,19.69,19.71,916000,18057459.0
2026-04-24 13:25:00,2026-04-24,20260424132500000,000070,5,19.71,19.92,19.71,19.85,879500,17424149.0
2026-04-24 13:30:00,2026-04-24,20260424133000000,000070,5,19.86,19.94,19.81,19.89,757100,15068305.0
2026-04-24 13:35:00,2026-04-24,20260424133500000,000070,5,19.9,20.0,19.86,19.93,742500,14789075.0
2026-04-24 13:40:00,2026-04-24,20260424134000000,000070,5,19.91,20.12,19.89,20.12,785900,15736360.0
2026-04-24 13:45:00,2026-04-24,20260424134500000,000070,5,20.12,20.12,19.93,19.99,1018700,20367150.0
2026-04-24 13:50:00,2026-04-24,20260424135000000,000070,5,19.99,20.12,19.93,20.11,1330800,26631661.0
2026-04-24 13:55:00,2026-04-24,20260424135500000,000070,5,20.09,20.14,20.04,20.1,547600,11005835.0
2026-04-24 14:00:00,2026-04-24,20260424140000000,000070,5,20.09,20.09,20.04,20.08,482300,9679278.0
2026-04-24 14:05:00,2026-04-24,20260424140500000,000070,5,20.08,20.15,20.06,20.15,532700,10714715.0
2026-04-24 14:10:00,2026-04-24,20260424141000000,000070,5,20.17,20.18,20.07,20.18,723700,14565210.0
2026-04-24 14:15:00,2026-04-24,20260424141500000,000070,5,20.19,20.23,20.14,20.22,718680,14513599.0
2026-04-24 14:20:00,2026-04-24,20260424142000000,000070,5,20.22,20.25,20.14,20.15,728200,14710578.0
2026-04-24 14:25:00,2026-04-24,20260424142500000,000070,5,20.17,20.23,20.17,20.21,503800,10178374.0
2026-04-24 14:30:00,2026-04-24,20260424143000000,000070,5,20.21,20.22,20.17,20.17,507600,10247265.0
2026-04-24 14:35:00,2026-04-24,20260424143500000,000070,5,20.17,20.21,20.16,20.19,845400,17064509.0
2026-04-24 14:40:00,2026-04-24,20260424144000000,000070,5,20.19,20.24,20.08,20.08,1434900,28932624.0
2026-04-24 14:45:00,2026-04-24,20260424144500000,000070,5,20.08,20.08,20.0,20.02,1684400,33746363.0
2026-04-24 14:50:00,2026-04-24,20260424145000000,000070,5,20.02,20.03,19.98,19.98,1465000,29306435.0
2026-04-24 14:55:00,2026-04-24,20260424145500000,000070,5,19.99,20.05,19.99,19.99,2089443,41802520.0
2026-04-24 15:00:00,2026-04-24,20260424150000000,000070,5,19.99,20.0,19.97,19.97,2293400,45823793.0
2026-04-27 09:35:00,2026-04-27,20260427093500000,000070,5,19.63,19.63,19.08,19.13,18489200,357547388.0
2026-04-27 09:40:00,2026-04-27,20260427094000000,000070,5,19.13,19.27,18.9,18.92,9618291,183634797.27
2026-04-27 09:45:00,2026-04-27,20260427094500000,000070,5,18.97,19.31,18.97,19.22,5556380,106286640.6
2026-04-27 09:50:00,2026-04-27,20260427095000000,000070,5,19.2,19.55,19.2,19.51,4631880,89789047.4
2026-04-27 09:55:00,2026-04-27,20260427095500000,000070,5,19.53,19.79,19.51,19.65,4054800,79783550.0
2026-04-27 10:00:00,2026-04-27,20260427100000000,000070,5,19.71,19.92,19.67,19.92,3036500,60060115.0
2026-04-27 10:05:00,2026-04-27,20260427100500000,000070,5,19.91,19.94,19.7,19.7,2057000,40782032.0
2026-04-27 10:10:00,2026-04-27,20260427101000000,000070,5,19.74,20.05,19.64,19.99,2733600,54273954.0
2026-04-27 10:15:00,2026-04-27,20260427101500000,000070,5,19.99,20.29,19.94,20.13,4511960,91142654.2
2026-04-27 10:20:00,2026-04-27,20260427102000000,000070,5,20.13,20.2,20.0,20.02,1969200,39627458.0
2026-04-27 10:25:00,2026-04-27,20260427102500000,000070,5,20.04,20.44,20.02,20.28,4123500,83819526.0
2026-04-27 10:30:00,2026-04-27,20260427103000000,000070,5,20.31,20.32,20.25,20.29,1211200,24568569.0
2026-04-27 10:35:00,2026-04-27,20260427103500000,000070,5,20.29,20.7,20.26,20.66,4249400,87161818.0
2026-04-27 10:40:00,2026-04-27,20260427104000000,000070,5,20.67,20.81,20.55,20.61,2876400,59543555.0
2026-04-27 10:45:00,2026-04-27,20260427104500000,000070,5,20.62,20.66,20.51,20.53,1495700,30763053.0
2026-04-27 10:50:00,2026-04-27,20260427105000000,000070,5,20.52,20.53,20.27,20.28,1495900,30488750.0
2026-04-27 10:55:00,2026-04-27,20260427105500000,000070,5,20.29,20.37,20.27,20.27,951200,19328644.0
2026-04-27 11:00:00,2026-04-27,20260427110000000,000070,5,20.27,20.34,20.2,20.3,902600,18282288.0
2026-04-27 11:05:00,2026-04-27,20260427110500000,000070,5,20.28,20.4,20.26,20.28,715300,14534726.0
2026-04-27 11:10:00,2026-04-27,20260427111000000,000070,5,20.27,20.31,20.2,20.3,742800,15043918.0
2026-04-27 11:15:00,2026-04-27,20260427111500000,000070,5,20.31,20.31,20.22,20.29,493800,10003677.0
2026-04-27 11:20:00,2026-04-27,20260427112000000,000070,5,20.3,20.3,20.25,20.27,379200,7688953.0
2026-04-27 11:25:00,2026-04-27,20260427112500000,000070,5,20.26,20.32,20.22,20.24,576800,11688603.0
2026-04-27 11:30:00,2026-04-27,20260427113000000,000070,5,20.24,20.24,20.15,20.18,586200,11831527.0
2026-04-27 13:05:00,2026-04-27,20260427130500000,000070,5,20.18,20.19,20.03,20.15,1196600,24077314.0
2026-04-27 13:10:00,2026-04-27,20260427131000000,000070,5,20.15,20.15,20.05,20.14,910700,18288876.0
2026-04-27 13:15:00,2026-04-27,20260427131500000,000070,5,20.14,20.14,20.08,20.09,648700,13040428.0
2026-04-27 13:20:00,2026-04-27,20260427132000000,000070,5,20.1,20.2,20.05,20.16,827400,16650854.0
2026-04-27 13:25:00,2026-04-27,20260427132500000,000070,5,20.16,20.21,20.13,20.15,516500,10418783.0
2026-04-27 13:30:00,2026-04-27,20260427133000000,000070,5,20.15,20.16,20.11,20.15,482400,9712031.0
2026-04-27 13:35:00,2026-04-27,20260427133500000,000070,5,20.15,20.23,20.13,20.15,831900,16782198.0
2026-04-27 13:40:00,2026-04-27,20260427134000000,000070,5,20.15,20.18,20.1,20.1,692200,13944360.0
2026-04-27 13:45:00,2026-04-27,20260427134500000,000070,5,20.11,20.12,20.06,20.08,561400,11279213.0
2026-04-27 13:50:00,2026-04-27,20260427135000000,000070,5,20.07,20.1,20.06,20.07,496500,9970532.0
2026-04-27 13:55:00,2026-04-27,20260427135500000,000070,5,20.07,20.12,20.06,20.06,656800,13195285.0
2026-04-27 14:00:00,2026-04-27,20260427140000000,000070,5,20.07,20.1,20.01,20.1,905900,18169290.0
2026-04-27 14:05:00,2026-04-27,20260427140500000,000070,5,20.1,20.11,20.06,20.09,518200,10406784.0
2026-04-27 14:10:00,2026-04-27,20260427141000000,000070,5,20.09,20.1,20.01,20.02,701200,14053385.0
2026-04-27 14:15:00,2026-04-27,20260427141500000,000070,5,20.02,20.03,19.97,19.98,1104700,22093879.0
2026-04-27 14:20:00,2026-04-27,20260427142000000,000070,5,19.99,20.02,19.97,19.97,723400,14459435.0
2026-04-27 14:25:00,2026-04-27,20260427142500000,000070,5,19.93,19.99,19.9,19.98,1088000,21704598.0
2026-04-27 14:30:00,2026-04-27,20260427143000000,000070,5,19.98,20.01,19.97,19.98,780400,15599892.0
2026-04-27 14:35:00,2026-04-27,20260427143500000,000070,5,19.98,20.05,19.97,19.97,1098800,21974649.0
2026-04-27 14:40:00,2026-04-27,20260427144000000,000070,5,19.98,20.05,19.97,19.99,1046800,20938822.0
2026-04-27 14:45:00,2026-04-27,20260427144500000,000070,5,19.99,20.01,19.98,20.0,1024700,20489258.0
2026-04-27 14:50:00,2026-04-27,20260427145000000,000070,5,20.0,20.02,19.99,19.99,1362200,27244666.0
2026-04-27 14:55:00,2026-04-27,20260427145500000,000070,5,19.99,20.09,19.98,20.06,2690300,53903811.0
2026-04-27 15:00:00,2026-04-27,20260427150000000,000070,5,20.07,20.18,20.06,20.15,3507800,70637539.0
2026-04-28 09:35:00,2026-04-28,20260428093500000,000070,5,20.13,20.45,19.7,20.37,6915380,138934617.0
2026-04-28 09:40:00,2026-04-28,20260428094000000,000070,5,20.3,20.31,19.68,19.68,5076300,100952787.0
2026-04-28 09:45:00,2026-04-28,20260428094500000,000070,5,19.64,19.84,19.6,19.72,3157400,62152658.8
2026-04-28 09:50:00,2026-04-28,20260428095000000,000070,5,19.72,19.87,19.68,19.75,1739700,34422603.0
2026-04-28 09:55:00,2026-04-28,20260428095500000,000070,5,19.75,19.81,19.58,19.76,3069700,60429408.0
2026-04-28 10:00:00,2026-04-28,20260428100000000,000070,5,19.76,19.85,19.6,19.69,1663500,32750473.0
2026-04-28 10:05:00,2026-04-28,20260428100500000,000070,5,19.64,19.64,19.49,19.52,2828800,55264278.0
2026-04-28 10:10:00,2026-04-28,20260428101000000,000070,5,19.53,19.53,19.39,19.47,2565100,49893441.0
2026-04-28 10:15:00,2026-04-28,20260428101500000,000070,5,19.47,19.91,19.47,19.91,2522700,49778237.0
2026-04-28 10:20:00,2026-04-28,20260428102000000,000070,5,19.9,20.05,19.83,19.84,2205100,43935491.0
2026-04-28 10:25:00,2026-04-28,20260428102500000,000070,5,19.85,20.1,19.81,20.06,1522120,30343807.4
2026-04-28 10:30:00,2026-04-28,20260428103000000,000070,5,20.06,20.06,19.89,19.94,1377000,27511085.0
2026-04-28 10:35:00,2026-04-28,20260428103500000,000070,5,19.97,19.97,19.71,19.76,1038000,20552838.0
2026-04-28 10:40:00,2026-04-28,20260428104000000,000070,5,19.77,19.8,19.66,19.73,953100,18794522.0
2026-04-28 10:45:00,2026-04-28,20260428104500000,000070,5,19.71,19.9,19.7,19.88,586500,11604599.0
2026-04-28 10:50:00,2026-04-28,20260428105000000,000070,5,19.87,19.91,19.82,19.84,585100,11625164.0
2026-04-28 10:55:00,2026-04-28,20260428105500000,000070,5,19.84,19.92,19.82,19.83,428000,8498518.0
2026-04-28 11:00:00,2026-04-28,20260428110000000,000070,5,19.83,19.83,19.74,19.76,430600,8516699.0
2026-04-28 11:05:00,2026-04-28,20260428110500000,000070,5,19.76,19.76,19.62,19.66,966100,19002814.0
2026-04-28 11:10:00,2026-04-28,20260428111000000,000070,5,19.66,19.73,19.65,19.65,465300,9161519.0
2026-04-28 11:15:00,2026-04-28,20260428111500000,000070,5,19.65,19.65,19.6,19.6,629400,12346787.0
2026-04-28 11:20:00,2026-04-28,20260428112000000,000070,5,19.6,19.78,19.59,19.76,457100,8980409.0
2026-04-28 11:25:00,2026-04-28,20260428112500000,000070,5,19.76,19.81,19.67,19.67,486500,9598339.0
2026-04-28 11:30:00,2026-04-28,20260428113000000,000070,5,19.73,19.74,19.66,19.66,498200,9823443.0
2026-04-28 13:05:00,2026-04-28,20260428130500000,000070,5,19.66,19.69,19.5,19.51,992600,19447758.0
2026-04-28 13:10:00,2026-04-28,20260428131000000,000070,5,19.51,19.51,19.4,19.42,1833600,35645982.0
2026-04-28 13:15:00,2026-04-28,20260428131500000,000070,5,19.41,19.43,19.33,19.37,1667140,32322489.6
2026-04-28 13:20:00,2026-04-28,20260428132000000,000070,5,19.36,19.41,19.33,19.37,1066800,20652800.6
2026-04-28 13:25:00,2026-04-28,20260428132500000,000070,5,19.38,19.4,19.31,19.35,1426800,27621626.0
2026-04-28 13:30:00,2026-04-28,20260428133000000,000070,5,19.35,19.4,19.3,19.34,1400600,27081671.0
2026-04-28 13:35:00,2026-04-28,20260428133500000,000070,5,19.34,19.35,19.24,19.24,1834800,35375435.0
2026-04-28 13:40:00,2026-04-28,20260428134000000,000070,5,19.24,19.26,19.19,19.26,1898600,36481870.0
2026-04-28 13:45:00,2026-04-28,20260428134500000,000070,5,19.26,19.31,19.22,19.22,900900,17348069.0
2026-04-28 13:50:00,2026-04-28,20260428135000000,000070,5,19.22,19.29,19.21,19.23,647100,12452785.0
2026-04-28 13:55:00,2026-04-28,20260428135500000,000070,5,19.24,19.25,19.17,19.2,2234900,42884229.0
2026-04-28 14:00:00,2026-04-28,20260428140000000,000070,5,19.2,19.22,19.15,19.2,1022400,19605375.0
2026-04-28 14:05:00,2026-04-28,20260428140500000,000070,5,19.2,19.2,19.16,19.17,901900,17295447.0
2026-04-28 14:10:00,2026-04-28,20260428141000000,000070,5,19.18,19.21,19.14,19.2,984500,18861795.0
2026-04-28 14:15:00,2026-04-28,20260428141500000,000070,5,19.2,19.24,19.19,19.22,585300,11244215.0
2026-04-28 14:20:00,2026-04-28,20260428142000000,000070,5,19.2,19.21,19.09,19.1,1384000,26476911.0
2026-04-28 14:25:00,2026-04-28,20260428142500000,000070,5,19.1,19.11,19.07,19.08,1271220,24259130.0
2026-04-28 14:30:00,2026-04-28,20260428143000000,000070,5,19.09,19.09,19.06,19.06,733200,13980532.0
2026-04-28 14:35:00,2026-04-28,20260428143500000,000070,5,19.06,19.09,19.01,19.02,1411100,26887994.0
2026-04-28 14:40:00,2026-04-28,20260428144000000,000070,5,19.02,19.15,19.02,19.12,1327000,25313751.0
2026-04-28 14:45:00,2026-04-28,20260428144500000,000070,5,19.12,19.2,19.11,19.19,1548900,29648136.0
2026-04-28 14:50:00,2026-04-28,20260428145000000,000070,5,19.18,19.26,19.13,19.14,2061700,39513337.0
2026-04-28 14:55:00,2026-04-28,20260428145500000,000070,5,19.17,19.24,19.16,19.23,1502700,28850746.0
2026-04-28 15:00:00,2026-04-28,20260428150000000,000070,5,19.24,19.29,19.24,19.25,1845240,35534485.0
2026-04-29 09:35:00,2026-04-29,20260429093500000,000070,5,19.13,19.18,18.92,19.11,4483940,85371295.2
2026-04-29 09:40:00,2026-04-29,20260429094000000,000070,5,19.08,19.59,19.08,19.59,3674400,71133583.0
2026-04-29 09:45:00,2026-04-29,20260429094500000,000070,5,19.58,20.28,19.57,19.6,8415490,167360350.9
2026-04-29 09:50:00,2026-04-29,20260429095000000,000070,5,19.59,19.71,19.45,19.66,2418800,47327772.0
2026-04-29 09:55:00,2026-04-29,20260429095500000,000070,5,19.66,19.76,19.57,19.65,2201800,43334587.0
2026-04-29 10:00:00,2026-04-29,20260429100000000,000070,5,19.64,19.76,19.6,19.66,1769300,34815398.0
2026-04-29 10:05:00,2026-04-29,20260429100500000,000070,5,19.69,19.69,19.35,19.36,1383700,26986415.6
2026-04-29 10:10:00,2026-04-29,20260429101000000,000070,5,19.36,19.46,19.32,19.44,1383340,26818755.8
2026-04-29 10:15:00,2026-04-29,20260429101500000,000070,5,19.44,19.53,19.4,19.53,1247000,24255760.0
2026-04-29 10:20:00,2026-04-29,20260429102000000,000070,5,19.53,19.6,19.51,19.55,519600,10157819.0
2026-04-29 10:25:00,2026-04-29,20260429102500000,000070,5,19.55,19.6,19.53,19.53,562500,11004963.0
2026-04-29 10:30:00,2026-04-29,20260429103000000,000070,5,19.53,19.54,19.46,19.51,515100,10046851.0
2026-04-29 10:35:00,2026-04-29,20260429103500000,000070,5,19.53,19.63,19.52,19.62,774700,15164970.0
2026-04-29 10:40:00,2026-04-29,20260429104000000,000070,5,19.62,19.67,19.53,19.53,868100,17031176.0
2026-04-29 10:45:00,2026-04-29,20260429104500000,000070,5,19.54,19.57,19.51,19.55,523300,10227013.0
2026-04-29 10:50:00,2026-04-29,20260429105000000,000070,5,19.56,19.67,19.56,19.65,693700,13627544.0
2026-04-29 10:55:00,2026-04-29,20260429105500000,000070,5,19.65,19.65,19.58,19.6,441600,8660279.0
2026-04-29 11:00:00,2026-04-29,20260429110000000,000070,5,19.6,19.64,19.57,19.61,467900,9176001.0
2026-04-29 11:05:00,2026-04-29,20260429110500000,000070,5,19.61,19.89,19.61,19.69,1705880,33710140.6
2026-04-29 11:10:00,2026-04-29,20260429111000000,000070,5,19.69,19.76,19.63,19.76,637300,12554992.0
2026-04-29 11:15:00,2026-04-29,20260429111500000,000070,5,19.76,19.82,19.75,19.81,859400,17009488.0
2026-04-29 11:20:00,2026-04-29,20260429112000000,000070,5,19.82,19.83,19.76,19.77,592200,11727897.0
2026-04-29 11:25:00,2026-04-29,20260429112500000,000070,5,19.76,19.77,19.7,19.71,352900,6966707.0
2026-04-29 11:30:00,2026-04-29,20260429113000000,000070,5,19.7,19.73,19.66,19.69,313800,6180999.0
2026-04-29 13:05:00,2026-04-29,20260429130500000,000070,5,19.7,19.75,19.62,19.75,593300,11680793.0
2026-04-29 13:10:00,2026-04-29,20260429131000000,000070,5,19.71,19.75,19.68,19.71,292900,5772581.0
2026-04-29 13:15:00,2026-04-29,20260429131500000,000070,5,19.71,19.71,19.6,19.63,427700,8402257.0
2026-04-29 13:20:00,2026-04-29,20260429132000000,000070,5,19.63,19.63,19.51,19.55,937300,18344230.0
2026-04-29 13:25:00,2026-04-29,20260429132500000,000070,5,19.54,19.55,19.46,19.5,767300,14962778.0
2026-04-29 13:30:00,2026-04-29,20260429133000000,000070,5,19.49,19.52,19.48,19.51,519300,10125625.0
2026-04-29 13:35:00,2026-04-29,20260429133500000,000070,5,19.51,19.51,19.45,19.48,689800,13439651.0
2026-04-29 13:40:00,2026-04-29,20260429134000000,000070,5,19.48,19.52,19.46,19.47,452200,8807909.0
2026-04-29 13:45:00,2026-04-29,20260429134500000,000070,5,19.47,19.48,19.45,19.47,403300,7850910.0
2026-04-29 13:50:00,2026-04-29,20260429135000000,000070,5,19.48,19.51,19.46,19.46,540000,10518598.0
2026-04-29 13:55:00,2026-04-29,20260429135500000,000070,5,19.47,19.5,19.46,19.47,382400,7449120.0
2026-04-29 14:00:00,2026-04-29,20260429140000000,000070,5,19.48,19.48,19.4,19.41,939700,18250918.0
2026-04-29 14:05:00,2026-04-29,20260429140500000,000070,5,19.41,19.41,19.36,19.39,832300,16135265.0
2026-04-29 14:10:00,2026-04-29,20260429141000000,000070,5,19.39,19.4,19.36,19.39,536800,10402152.0
2026-04-29 14:15:00,2026-04-29,20260429141500000,000070,5,19.39,19.4,19.38,19.38,491900,9538965.0
2026-04-29 14:20:00,2026-04-29,20260429142000000,000070,5,19.39,19.4,19.35,19.38,672320,13024440.0
2026-04-29 14:25:00,2026-04-29,20260429142500000,000070,5,19.37,19.38,19.31,19.35,662080,12808327.8
2026-04-29 14:30:00,2026-04-29,20260429143000000,000070,5,19.34,19.36,19.34,19.35,615400,11908093.0
2026-04-29 14:35:00,2026-04-29,20260429143500000,000070,5,19.34,19.35,19.3,19.31,1230000,23753787.0
2026-04-29 14:40:00,2026-04-29,20260429144000000,000070,5,19.31,19.38,19.3,19.36,1272100,24603361.0
2026-04-29 14:45:00,2026-04-29,20260429144500000,000070,5,19.37,19.37,19.34,19.34,1098200,21252011.0
2026-04-29 14:50:00,2026-04-29,20260429145000000,000070,5,19.35,19.37,19.34,19.35,1255900,24303285.0
2026-04-29 14:55:00,2026-04-29,20260429145500000,000070,5,19.35,19.35,19.33,19.34,1752800,33901992.0
2026-04-29 15:00:00,2026-04-29,20260429150000000,000070,5,19.34,19.34,19.32,19.33,1539800,29766590.0
2026-04-30 09:35:00,2026-04-30,20260430093500000,000070,5,19.36,19.43,18.68,18.68,7715400,146325521.0
2026-04-30 09:40:00,2026-04-30,20260430094000000,000070,5,18.66,18.66,18.05,18.21,11100000,203082858.0
2026-04-30 09:45:00,2026-04-30,20260430094500000,000070,5,18.23,18.37,18.1,18.32,6660701,121338840.17
2026-04-30 09:50:00,2026-04-30,20260430095000000,000070,5,18.31,18.31,18.05,18.11,4984800,90350578.0
2026-04-30 09:55:00,2026-04-30,20260430095500000,000070,5,18.14,18.26,18.05,18.22,2642900,47904754.0
2026-04-30 10:00:00,2026-04-30,20260430100000000,000070,5,18.21,18.31,18.2,18.26,1396600,25473880.0
2026-04-30 10:05:00,2026-04-30,20260430100500000,000070,5,18.27,18.41,18.26,18.39,1733500,31826481.0
2026-04-30 10:10:00,2026-04-30,20260430101000000,000070,5,18.4,18.41,18.26,18.36,2096200,38373043.0
2026-04-30 10:15:00,2026-04-30,20260430101500000,000070,5,18.33,18.39,18.32,18.38,934200,17150266.0
2026-04-30 10:20:00,2026-04-30,20260430102000000,000070,5,18.37,18.47,18.36,18.43,1248800,23002455.0
2026-04-30 10:25:00,2026-04-30,20260430102500000,000070,5,18.44,18.44,18.33,18.38,826600,15196342.0
2026-04-30 10:30:00,2026-04-30,20260430103000000,000070,5,18.38,18.49,18.34,18.49,988600,18204324.0
2026-04-30 10:35:00,2026-04-30,20260430103500000,000070,5,18.49,18.49,18.39,18.41,826000,15216718.0
2026-04-30 10:40:00,2026-04-30,20260430104000000,000070,5,18.4,18.55,18.4,18.55,1137600,20998120.0
2026-04-30 10:45:00,2026-04-30,20260430104500000,000070,5,18.55,18.63,18.44,18.48,907100,16829037.0
2026-04-30 10:50:00,2026-04-30,20260430105000000,000070,5,18.48,18.59,18.47,18.57,850200,15767918.0
2026-04-30 10:55:00,2026-04-30,20260430105500000,000070,5,18.55,18.55,18.46,18.5,615200,11378506.0
2026-04-30 11:00:00,2026-04-30,20260430110000000,000070,5,18.52,18.52,18.36,18.45,721700,13300180.0
2026-04-30 11:05:00,2026-04-30,20260430110500000,000070,5,18.46,18.46,18.36,18.41,738600,13590526.0
2026-04-30 11:10:00,2026-04-30,20260430111000000,000070,5,18.41,18.47,18.41,18.47,450900,8313387.0
2026-04-30 11:15:00,2026-04-30,20260430111500000,000070,5,18.49,18.54,18.45,18.45,778800,14409255.0
2026-04-30 11:20:00,2026-04-30,20260430112000000,000070,5,18.47,18.54,18.47,18.52,370800,6863676.0
2026-04-30 11:25:00,2026-04-30,20260430112500000,000070,5,18.52,18.52,18.44,18.48,612200,11304513.0
2026-04-30 11:30:00,2026-04-30,20260430113000000,000070,5,18.48,18.57,18.47,18.53,539800,10000319.0
2026-04-30 13:05:00,2026-04-30,20260430130500000,000070,5,18.53,18.68,18.53,18.55,1354600,25201838.0
2026-04-30 13:10:00,2026-04-30,20260430131000000,000070,5,18.55,18.56,18.48,18.54,598600,11083480.0
2026-04-30 13:15:00,2026-04-30,20260430131500000,000070,5,18.54,18.55,18.47,18.55,511400,9459684.0
2026-04-30 13:20:00,2026-04-30,20260430132000000,000070,5,18.55,18.61,18.51,18.59,448500,8329330.0
2026-04-30 13:25:00,2026-04-30,20260430132500000,000070,5,18.59,18.7,18.57,18.61,944100,17596600.0
2026-04-30 13:30:00,2026-04-30,20260430133000000,000070,5,18.61,18.63,18.33,18.38,1950500,35952405.0
2026-04-30 13:35:00,2026-04-30,20260430133500000,000070,5,18.37,18.38,18.16,18.26,3167900,57801589.0
2026-04-30 13:40:00,2026-04-30,20260430134000000,000070,5,18.26,18.27,18.15,18.19,2250300,40918804.0
2026-04-30 13:45:00,2026-04-30,20260430134500000,000070,5,18.21,18.28,18.14,18.2,2491340,45311819.8
2026-04-30 13:50:00,2026-04-30,20260430135000000,000070,5,18.19,18.2,18.12,18.18,1745800,31680255.0
2026-04-30 13:55:00,2026-04-30,20260430135500000,000070,5,18.18,18.19,18.08,18.09,2424000,43897982.0
2026-04-30 14:00:00,2026-04-30,20260430140000000,000070,5,18.09,18.11,18.07,18.07,1484700,26849850.0
2026-04-30 14:05:00,2026-04-30,20260430140500000,000070,5,18.06,18.17,18.05,18.17,1475000,26682783.0
2026-04-30 14:10:00,2026-04-30,20260430141000000,000070,5,18.18,18.2,18.14,18.15,1025900,18629830.0
2026-04-30 14:15:00,2026-04-30,20260430141500000,000070,5,18.16,18.16,18.11,18.16,840200,15234595.0
2026-04-30 14:20:00,2026-04-30,20260430142000000,000070,5,18.16,18.17,18.09,18.09,1037200,18793232.0
2026-04-30 14:25:00,2026-04-30,20260430142500000,000070,5,18.09,18.11,18.08,18.08,1143200,20679974.0
2026-04-30 14:30:00,2026-04-30,20260430143000000,000070,5,18.1,18.13,18.09,18.12,888720,16088225.8
2026-04-30 14:35:00,2026-04-30,20260430143500000,000070,5,18.12,18.18,18.11,18.15,1350600,24491290.0
2026-04-30 14:40:00,2026-04-30,20260430144000000,000070,5,18.15,18.17,18.08,18.09,1652700,29920022.0
2026-04-30 14:45:00,2026-04-30,20260430144500000,000070,5,18.08,18.11,18.08,18.09,1771800,32047732.0
2026-04-30 14:50:00,2026-04-30,20260430145000000,000070,5,18.08,18.13,18.08,18.12,1834500,33223661.0
2026-04-30 14:55:00,2026-04-30,20260430145500000,000070,5,18.12,18.12,18.07,18.08,2861900,51783321.6
2026-04-30 15:00:00,2026-04-30,20260430150000000,000070,5,18.08,18.08,18.06,18.08,3086900,55802247.0
2026-05-06 09:35:00,2026-05-06,20260506093500000,000070,5,18.45,18.73,18.45,18.48,10016418,186065079.64
2026-05-06 09:40:00,2026-05-06,20260506094000000,000070,5,18.52,18.55,18.38,18.41,4871100,89893856.0
2026-05-06 09:45:00,2026-05-06,20260506094500000,000070,5,18.4,18.45,18.3,18.44,6427400,118011189.0
2026-05-06 09:50:00,2026-05-06,20260506095000000,000070,5,18.45,18.45,18.22,18.34,5107362,93561438.5
2026-05-06 09:55:00,2026-05-06,20260506095500000,000070,5,18.35,18.36,18.22,18.27,3303200,60442854.0
2026-05-06 10:00:00,2026-05-06,20260506100000000,000070,5,18.26,18.33,18.24,18.26,2062100,37693568.91
2026-05-06 10:05:00,2026-05-06,20260506100500000,000070,5,18.29,18.42,18.26,18.34,2663603,48870688.84
2026-05-06 10:10:00,2026-05-06,20260506101000000,000070,5,18.31,18.38,18.23,18.38,1975720,36165744.6
2026-05-06 10:15:00,2026-05-06,20260506101500000,000070,5,18.39,18.52,18.39,18.51,2588640,47824953.4
2026-05-06 10:20:00,2026-05-06,20260506102000000,000070,5,18.5,18.52,18.43,18.46,1663200,30740842.0
2026-05-06 10:25:00,2026-05-06,20260506102500000,000070,5,18.47,18.52,18.45,18.49,1625200,30046230.0
2026-05-06 10:30:00,2026-05-06,20260506103000000,000070,5,18.5,18.5,18.43,18.44,890900,16447798.0
2026-05-06 10:35:00,2026-05-06,20260506103500000,000070,5,18.45,18.5,18.45,18.5,761300,14072119.0
2026-05-06 10:40:00,2026-05-06,20260506104000000,000070,5,18.49,18.52,18.48,18.49,908000,16799334.0
2026-05-06 10:45:00,2026-05-06,20260506104500000,000070,5,18.5,18.55,18.49,18.52,1297500,24036104.0
2026-05-06 10:50:00,2026-05-06,20260506105000000,000070,5,18.51,18.58,18.49,18.53,1458800,27040895.0
2026-05-06 10:55:00,2026-05-06,20260506105500000,000070,5,18.52,18.53,18.5,18.51,538400,9968161.0
2026-05-06 11:00:00,2026-05-06,20260506110000000,000070,5,18.51,18.53,18.46,18.51,816600,15110752.0
2026-05-06 11:05:00,2026-05-06,20260506110500000,000070,5,18.52,18.54,18.48,18.5,723200,13391008.0
2026-05-06 11:10:00,2026-05-06,20260506111000000,000070,5,18.49,18.5,18.41,18.42,1267700,23377998.0
2026-05-06 11:15:00,2026-05-06,20260506111500000,000070,5,18.42,18.44,18.36,18.43,981400,18062995.0
2026-05-06 11:20:00,2026-05-06,20260506112000000,000070,5,18.43,18.54,18.43,18.54,738200,13655374.0
2026-05-06 11:25:00,2026-05-06,20260506112500000,000070,5,18.54,18.56,18.52,18.52,743600,13786204.0
2026-05-06 11:30:00,2026-05-06,20260506113000000,000070,5,18.53,18.57,18.48,18.49,1573900,29187309.0
2026-05-06 13:05:00,2026-05-06,20260506130500000,000070,5,18.49,18.63,18.49,18.62,1383812,25696103.88
2026-05-06 13:10:00,2026-05-06,20260506131000000,000070,5,18.61,18.63,18.48,18.49,1128100,20968038.0
2026-05-06 13:15:00,2026-05-06,20260506131500000,000070,5,18.49,18.49,18.37,18.38,2416900,44543872.0
2026-05-06 13:20:00,2026-05-06,20260506132000000,000070,5,18.38,18.4,18.36,18.38,1393400,25607171.0
2026-05-06 13:25:00,2026-05-06,20260506132500000,000070,5,18.39,18.42,18.28,18.29,2020300,37029671.0
2026-05-06 13:30:00,2026-05-06,20260506133000000,000070,5,18.28,18.31,18.26,18.29,1637300,29934577.0
2026-05-06 13:35:00,2026-05-06,20260506133500000,000070,5,18.29,18.29,18.2,18.25,1997400,36437970.0
2026-05-06 13:40:00,2026-05-06,20260506134000000,000070,5,18.26,18.38,18.24,18.38,1006100,18418262.0
2026-05-06 13:45:00,2026-05-06,20260506134500000,000070,5,18.39,18.49,18.38,18.49,885600,16333008.0
2026-05-06 13:50:00,2026-05-06,20260506135000000,000070,5,18.48,18.5,18.44,18.46,921300,17024937.0
2026-05-06 13:55:00,2026-05-06,20260506135500000,000070,5,18.46,18.46,18.4,18.41,574200,10582217.0
2026-05-06 14:00:00,2026-05-06,20260506140000000,000070,5,18.4,18.46,18.39,18.44,489800,9020882.0
2026-05-06 14:05:00,2026-05-06,20260506140500000,000070,5,18.45,18.48,18.37,18.37,680200,12533772.0
2026-05-06 14:10:00,2026-05-06,20260506141000000,000070,5,18.37,18.38,18.31,18.31,636900,11685432.0
2026-05-06 14:15:00,2026-05-06,20260506141500000,000070,5,18.31,18.32,18.26,18.32,1046200,19140907.0
2026-05-06 14:20:00,2026-05-06,20260506142000000,000070,5,18.32,18.35,18.3,18.35,635400,11645984.0
2026-05-06 14:25:00,2026-05-06,20260506142500000,000070,5,18.35,18.37,18.33,18.34,550000,10090911.0
2026-05-06 14:30:00,2026-05-06,20260506143000000,000070,5,18.34,18.37,18.32,18.36,486500,8924133.0
2026-05-06 14:35:00,2026-05-06,20260506143500000,000070,5,18.35,18.36,18.29,18.3,1271000,23289679.0
2026-05-06 14:40:00,2026-05-06,20260506144000000,000070,5,18.3,18.32,18.28,18.29,853200,15613393.0
2026-05-06 14:45:00,2026-05-06,20260506144500000,000070,5,18.28,18.3,18.28,18.29,978000,17886978.0
2026-05-06 14:50:00,2026-05-06,20260506145000000,000070,5,18.29,18.29,18.25,18.27,2135000,39000096.0
2026-05-06 14:55:00,2026-05-06,20260506145500000,000070,5,18.27,18.27,18.25,18.26,1997100,36471798.0
2026-05-06 15:00:00,2026-05-06,20260506150000000,000070,5,18.26,18.28,18.25,18.28,2177600,39779419.0
2026-05-07 09:35:00,2026-05-07,20260507093500000,000070,5,19.8,19.96,18.98,19.16,36224900,706725064.8
2026-05-07 09:40:00,2026-05-07,20260507094000000,000070,5,19.16,19.35,19.06,19.26,9238300,177198609.0
2026-05-07 09:45:00,2026-05-07,20260507094500000,000070,5,19.24,19.25,18.79,18.99,7810600,148377528.0
2026-05-07 09:50:00,2026-05-07,20260507095000000,000070,5,19.01,19.21,19.01,19.13,4937000,94564858.0
2026-05-07 09:55:00,2026-05-07,20260507095500000,000070,5,19.11,19.36,19.1,19.35,5865600,112975367.0
2026-05-07 10:00:00,2026-05-07,20260507100000000,000070,5,19.39,19.77,19.39,19.47,6637900,130079271.0
2026-05-07 10:05:00,2026-05-07,20260507100500000,000070,5,19.47,19.48,19.31,19.41,3079000,59716868.0
2026-05-07 10:10:00,2026-05-07,20260507101000000,000070,5,19.39,19.45,19.24,19.27,2459600,47600457.0
2026-05-07 10:15:00,2026-05-07,20260507101500000,000070,5,19.26,19.49,19.2,19.46,3919300,75685907.0
2026-05-07 10:20:00,2026-05-07,20260507102000000,000070,5,19.5,19.89,19.42,19.74,5704600,112225028.8
2026-05-07 10:25:00,2026-05-07,20260507102500000,000070,5,19.73,19.78,19.58,19.75,2494300,49005680.0
2026-05-07 10:30:00,2026-05-07,20260507103000000,000070,5,19.73,19.94,19.72,19.73,4824100,95844092.6
2026-05-07 10:35:00,2026-05-07,20260507103500000,000070,5,19.7,19.79,19.67,19.79,1588000,31328012.0
2026-05-07 10:40:00,2026-05-07,20260507104000000,000070,5,19.78,20.11,19.69,20.11,18115556,363235543.4
2026-05-07 10:45:00,2026-05-07,20260507104500000,000070,5,20.11,20.11,20.11,20.11,3311000,66584210.0
2026-05-07 10:50:00,2026-05-07,20260507105000000,000070,5,20.11,20.11,20.11,20.11,1446600,29091126.0
2026-05-07 10:55:00,2026-05-07,20260507105500000,000070,5,20.11,20.11,20.11,20.11,783400,15754174.0
2026-05-07 11:00:00,2026-05-07,20260507110000000,000070,5,20.11,20.11,20.11,20.11,984400,19796284.0
2026-05-07 11:05:00,2026-05-07,20260507110500000,000070,5,20.11,20.11,20.11,20.11,409700,8239067.0
2026-05-07 11:10:00,2026-05-07,20260507111000000,000070,5,20.11,20.11,20.11,20.11,410900,8263199.0
2026-05-07 11:15:00,2026-05-07,20260507111500000,000070,5,20.11,20.11,20.11,20.11,343300,6903763.0
2026-05-07 11:20:00,2026-05-07,20260507112000000,000070,5,20.11,20.11,20.11,20.11,305400,6141594.0
2026-05-07 11:25:00,2026-05-07,20260507112500000,000070,5,20.11,20.11,20.11,20.11,195700,3935527.0
2026-05-07 11:30:00,2026-05-07,20260507113000000,000070,5,20.11,20.11,20.11,20.11,155500,3127105.0
2026-05-07 13:05:00,2026-05-07,20260507130500000,000070,5,20.11,20.11,20.11,20.11,551036,11081333.96
2026-05-07 13:10:00,2026-05-07,20260507131000000,000070,5,20.11,20.11,20.11,20.11,585500,11774405.0
2026-05-07 13:15:00,2026-05-07,20260507131500000,000070,5,20.11,20.11,20.11,20.11,159200,3201512.0
2026-05-07 13:20:00,2026-05-07,20260507132000000,000070,5,20.11,20.11,20.11,20.11,118700,2387057.0
2026-05-07 13:25:00,2026-05-07,20260507132500000,000070,5,20.11,20.11,20.11,20.11,172100,3460931.0
2026-05-07 13:30:00,2026-05-07,20260507133000000,000070,5,20.11,20.11,20.11,20.11,147480,2965822.8
2026-05-07 13:35:00,2026-05-07,20260507133500000,000070,5,20.11,20.11,20.11,20.11,116200,2336782.0
2026-05-07 13:40:00,2026-05-07,20260507134000000,000070,5,20.11,20.11,20.11,20.11,81300,1634943.0
2026-05-07 13:45:00,2026-05-07,20260507134500000,000070,5,20.11,20.11,20.11,20.11,79100,1590701.0
2026-05-07 13:50:00,2026-05-07,20260507135000000,000070,5,20.11,20.11,20.11,20.11,127700,2568047.0
2026-05-07 13:55:00,2026-05-07,20260507135500000,000070,5,20.11,20.11,20.11,20.11,100660,2024272.6
2026-05-07 14:00:00,2026-05-07,20260507140000000,000070,5,20.11,20.11,20.11,20.11,74400,1496184.0
2026-05-07 14:05:00,2026-05-07,20260507140500000,000070,5,20.11,20.11,20.11,20.11,101000,2031110.0
2026-05-07 14:10:00,2026-05-07,20260507141000000,000070,5,20.11,20.11,20.11,20.11,104500,2101495.0
2026-05-07 14:15:00,2026-05-07,20260507141500000,000070,5,20.11,20.11,20.11,20.11,86200,1733482.0
2026-05-07 14:20:00,2026-05-07,20260507142000000,000070,5,20.11,20.11,20.11,20.11,97300,1956703.0
2026-05-07 14:25:00,2026-05-07,20260507142500000,000070,5,20.11,20.11,20.11,20.11,60700,1220677.0
2026-05-07 14:30:00,2026-05-07,20260507143000000,000070,5,20.11,20.11,20.11,20.11,73200,1472052.0
2026-05-07 14:35:00,2026-05-07,20260507143500000,000070,5,20.11,20.11,20.11,20.11,66700,1341337.0
2026-05-07 14:40:00,2026-05-07,20260507144000000,000070,5,20.11,20.11,20.11,20.11,249600,5019456.0
2026-05-07 14:45:00,2026-05-07,20260507144500000,000070,5,20.11,20.11,20.11,20.11,59280,1192120.8
2026-05-07 14:50:00,2026-05-07,20260507145000000,000070,5,20.11,20.11,20.11,20.11,82020,1649422.2
2026-05-07 14:55:00,2026-05-07,20260507145500000,000070,5,20.11,20.11,20.11,20.11,125100,2515761.0
2026-05-07 15:00:00,2026-05-07,20260507150000000,000070,5,20.11,20.11,20.11,20.11,325200,6539772.0
2026-05-08 09:35:00,2026-05-08,20260508093500000,000070,5,19.97,20.58,19.7,20.43,32088200,646411775.0
2026-05-08 09:40:00,2026-05-08,20260508094000000,000070,5,20.41,20.88,20.26,20.87,16401800,338811538.0
2026-05-08 09:45:00,2026-05-08,20260508094500000,000070,5,20.87,20.87,20.58,20.76,8072500,167408777.0
2026-05-08 09:50:00,2026-05-08,20260508095000000,000070,5,20.77,21.1,20.64,21.07,8256700,172100297.0
2026-05-08 09:55:00,2026-05-08,20260508095500000,000070,5,21.06,21.06,20.78,20.79,5930900,124182470.0
2026-05-08 10:00:00,2026-05-08,20260508100000000,000070,5,20.79,20.85,20.67,20.67,4153400,86234010.0
2026-05-08 10:05:00,2026-05-08,20260508100500000,000070,5,20.66,20.76,20.5,20.74,4397500,90605990.0
2026-05-08 10:10:00,2026-05-08,20260508101000000,000070,5,20.7,20.75,20.56,20.56,2127300,43963792.0
2026-05-08 10:15:00,2026-05-08,20260508101500000,000070,5,20.57,20.57,20.42,20.42,3466200,71071399.0
2026-05-08 10:20:00,2026-05-08,20260508102000000,000070,5,20.41,20.56,20.4,20.48,2718300,55650085.0
2026-05-08 10:25:00,2026-05-08,20260508102500000,000070,5,20.5,20.54,20.41,20.48,2139700,43811796.0
2026-05-08 10:30:00,2026-05-08,20260508103000000,000070,5,20.45,20.56,20.41,20.49,1791800,36711199.0
2026-05-08 10:35:00,2026-05-08,20260508103500000,000070,5,20.49,20.59,20.43,20.58,1562800,32052393.0
2026-05-08 10:40:00,2026-05-08,20260508104000000,000070,5,20.58,20.7,20.56,20.66,1326800,27381264.0
2026-05-08 10:45:00,2026-05-08,20260508104500000,000070,5,20.66,20.85,20.65,20.76,2168500,44950283.0
2026-05-08 10:50:00,2026-05-08,20260508105000000,000070,5,20.76,20.83,20.62,20.69,2093900,43450330.0
2026-05-08 10:55:00,2026-05-08,20260508105500000,000070,5,20.67,20.75,20.62,20.66,1113500,23029338.0
2026-05-08 11:00:00,2026-05-08,20260508110000000,000070,5,20.66,20.7,20.59,20.62,1070100,22094037.0
2026-05-08 11:05:00,2026-05-08,20260508110500000,000070,5,20.62,20.63,20.53,20.59,1225500,25217181.0
2026-05-08 11:10:00,2026-05-08,20260508111000000,000070,5,20.59,20.79,20.59,20.79,1636800,33896000.0
2026-05-08 11:15:00,2026-05-08,20260508111500000,000070,5,20.8,20.87,20.69,20.75,1303800,27119631.0
2026-05-08 11:20:00,2026-05-08,20260508112000000,000070,5,20.74,20.75,20.64,20.68,998600,20663823.0
2026-05-08 11:25:00,2026-05-08,20260508112500000,000070,5,20.68,20.71,20.66,20.67,711181,14706908.46
2026-05-08 11:30:00,2026-05-08,20260508113000000,000070,5,20.67,20.7,20.65,20.69,790900,16349535.19
2026-05-08 13:05:00,2026-05-08,20260508130500000,000070,5,20.7,20.73,20.56,20.62,1780319,36760893.54
2026-05-08 13:10:00,2026-05-08,20260508131000000,000070,5,20.62,20.76,20.6,20.71,1349700,27928247.0
2026-05-08 13:15:00,2026-05-08,20260508131500000,000070,5,20.71,20.85,20.7,20.83,2503300,52036856.0
2026-05-08 13:20:00,2026-05-08,20260508132000000,000070,5,20.84,20.93,20.83,20.85,2732640,57042527.2
2026-05-08 13:25:00,2026-05-08,20260508132500000,000070,5,20.85,20.92,20.8,20.84,1736100,36200033.0
2026-05-08 13:30:00,2026-05-08,20260508133000000,000070,5,20.83,20.97,20.79,20.97,2119000,44288547.0
2026-05-08 13:35:00,2026-05-08,20260508133500000,000070,5,20.97,21.0,20.91,20.91,2813300,58981623.0
2026-05-08 13:40:00,2026-05-08,20260508134000000,000070,5,20.9,21.1,20.85,21.09,3848075,80787463.0
2026-05-08 13:45:00,2026-05-08,20260508134500000,000070,5,21.08,21.17,21.01,21.05,4186520,88318461.0
2026-05-08 13:50:00,2026-05-08,20260508135000000,000070,5,21.07,21.12,21.06,21.09,1585600,33445326.0
2026-05-08 13:55:00,2026-05-08,20260508135500000,000070,5,21.09,21.09,21.01,21.01,1225080,25799709.4
2026-05-08 14:00:00,2026-05-08,20260508140000000,000070,5,21.01,21.05,20.96,20.99,1442400,30274566.0
2026-05-08 14:05:00,2026-05-08,20260508140500000,000070,5,20.98,21.12,20.98,21.12,1603140,33781500.2
2026-05-08 14:10:00,2026-05-08,20260508141000000,000070,5,21.13,21.21,21.05,21.07,2260120,47765371.2
2026-05-08 14:15:00,2026-05-08,20260508141500000,000070,5,21.07,21.21,21.07,21.14,1516100,32076716.2
2026-05-08 14:20:00,2026-05-08,20260508142000000,000070,5,21.13,21.14,21.06,21.09,1334200,28159049.0
2026-05-08 14:25:00,2026-05-08,20260508142500000,000070,5,21.08,21.15,21.06,21.13,1431600,30206191.0
2026-05-08 14:30:00,2026-05-08,20260508143000000,000070,5,21.13,21.14,21.0,21.06,1493100,31470330.0
2026-05-08 14:35:00,2026-05-08,20260508143500000,000070,5,21.06,21.21,21.0,21.2,3031400,64037943.6
2026-05-08 14:40:00,2026-05-08,20260508144000000,000070,5,21.2,21.2,21.1,21.11,1487500,31481792.0
2026-05-08 14:45:00,2026-05-08,20260508144500000,000070,5,21.12,21.13,21.06,21.07,2031200,42846573.6
2026-05-08 14:50:00,2026-05-08,20260508145000000,000070,5,21.05,21.08,21.05,21.07,2250600,47413330.0
2026-05-08 14:55:00,2026-05-08,20260508145500000,000070,5,21.08,21.08,21.02,21.06,3724240,78406569.0
2026-05-08 15:00:00,2026-05-08,20260508150000000,000070,5,21.07,21.07,21.05,21.07,3787000,79777919.0
